customer_id,age,gender,tenure_months,contract_type,payment_method,internet_service,online_security,paperless_billing,monthly_charges,total_charges,support_tickets,churn
CUST_10001,56,Male,3.0,One-Year,Credit Card,DSL,No,No,62.62,143.25,1,0
CUST_10002,69,Male,8.0,Month-to-Month,Mailed Check,DSL,No,Yes,52.39,444.33,1,0
CUST_10003,46,Female,46.0,Month-to-Month,Bank Transfer,DSL,No,Yes,33.87,1559.11,0,0
CUST_10004,32,Male,10.0,One-Year,Bank Transfer,Fiber Optic,No,Yes,69.26,676.48,1,0
CUST_10005,60,Female,72.0,Two-Year,Bank Transfer,No,No,Yes,85.3,6137.51,0,0
CUST_10006,25,Male,72.0,Month-to-Month,Mailed Check,No,Yes,No,65.88,4774.85,3,1
CUST_10007,38,Female,7.0,One-Year,Credit Card,Fiber Optic,No,Yes,18.0,91.82,2,0
CUST_10008,56,Male,1.0,Two-Year,Mailed Check,DSL,No,No,55.86,42.71,1,0
CUST_10009,36,Male,29.0,Two-Year,Electronic Check,No,No,No,47.13,1319.38,2,0
CUST_10010,40,Female,14.0,Month-to-Month,Credit Card,DSL,No,No,100.59,1376.69,3,1
CUST_10011,28,Female,3.0,One-Year,Bank Transfer,Fiber Optic,Yes,Yes,58.22,167.13,4,0
CUST_10012,28,Male,30.0,Month-to-Month,Credit Card,DSL,Yes,No,32.72,1014.13,1,0
CUST_10013,41,Male,1.0,One-Year,Electronic Check,DSL,Yes,Yes,64.08,83.33,2,0
CUST_10014,70,Male,49.0,Two-Year,Electronic Check,Fiber Optic,Yes,No,77.71,3837.48,1,0
CUST_10015,53,Male,4.0,Month-to-Month,Credit Card,No,No,Yes,66.98,287.82,1,0
CUST_10016,57,Male,3.0,Two-Year,Electronic Check,DSL,Yes,No,48.95,118.03,4,0
CUST_10017,41,Male,5.0,Month-to-Month,Credit Card,Fiber Optic,,Yes,55.83,329.99,3,1
CUST_10018,20,Male,72.0,Two-Year,Credit Card,DSL,Yes,Yes,80.31,5804.58,2,0
CUST_10019,39,Male,28.0,One-Year,Bank Transfer,DSL,No,Yes,67.02,1930.46,2,1
CUST_10020,70,Female,39.0,Month-to-Month,Electronic Check,Fiber Optic,No,No,105.5,4164.72,0,0
CUST_10021,19,Female,12.0,One-Year,Bank Transfer,Fiber Optic,Yes,No,66.96,800.78,1,0
CUST_10022,41,Female,10.0,Month-to-Month,Credit Card,No,No,Yes,34.44,329.73,1,0
CUST_10023,61,Male,6.0,Month-to-Month,Mailed Check,DSL,No,Yes,61.01,299.02,1,0
CUST_10024,47,Male,16.0,Two-Year,Mailed Check,Fiber Optic,Yes,Yes,53.73,864.67,2,0
CUST_10025,55,Female,19.0,Month-to-Month,Mailed Check,Fiber Optic,No,Yes,33.95,643.87,1,0
CUST_10026,19,Male,24.0,One-Year,Electronic Check,DSL,Yes,Yes,67.61,1603.47,1,0
CUST_10027,38,Male,7.0,Month-to-Month,Credit Card,DSL,Yes,Yes,56.64,381.51,0,0
CUST_10028,50,Female,71.0,Month-to-Month,Credit Card,Fiber Optic,No,No,67.99,4842.86,1,0
CUST_10029,29,Female,4.0,Two-Year,Credit Card,DSL,Yes,Yes,101.6,349.88,2,0
CUST_10030,39,Female,72.0,Month-to-Month,Bank Transfer,Fiber Optic,No,No,62.41,4531.94,6,0
CUST_10031,61,Male,1.0,One-Year,Bank Transfer,Fiber Optic,Yes,Yes,85.49,111.74,0,0
CUST_10032,42,Male,16.0,One-Year,Electronic Check,DSL,Yes,No,61.17,968.02,3,0
CUST_10033,66,Female,10.0,One-Year,Bank Transfer,Fiber Optic,No,No,73.31,730.82,1,0
CUST_10034,44,Male,14.0,Two-Year,Bank Transfer,No,No,Yes,67.4,953.13,1,0
CUST_10035,59,Female,20.0,One-Year,Credit Card,Fiber Optic,No,Yes,70.35,1431.45,0,0
CUST_10036,45,Female,14.0,Month-to-Month,Credit Card,DSL,Yes,Yes,62.37,934.04,2,0
CUST_10037,33,Female,13.0,Two-Year,Credit Card,Fiber Optic,No,Yes,94.01,1206.35,4,0
CUST_10038,32,Male,32.0,Month-to-Month,Credit Card,Fiber Optic,No,Yes,77.64,2525.4,3,0
CUST_10039,64,Male,28.0,Month-to-Month,Credit Card,DSL,No,Yes,,1878.03,2,1
CUST_10040,68,Female,43.0,Two-Year,Electronic Check,DSL,No,Yes,83.17,3564.37,2,0
CUST_10041,61,Female,7.0,One-Year,Credit Card,DSL,,Yes,67.57,465.25,3,0
CUST_10042,69,Female,23.0,Two-Year,Bank Transfer,DSL,Yes,Yes,87.33,2041.08,1,1
CUST_10043,20,Male,21.0,One-Year,Mailed Check,DSL,,Yes,41.41,852.45,2,0
CUST_10044,54,Male,11.0,Two-Year,Electronic Check,DSL,Yes,Yes,107.63,1187.13,2,0
CUST_10045,68,Female,16.0,Two-Year,Bank Transfer,DSL,No,No,68.45,1079.81,0,0
CUST_10046,24,Female,9.0,Month-to-Month,Electronic Check,DSL,Yes,No,42.18,366.77,1,0
CUST_10047,38,Female,4.0,Month-to-Month,Mailed Check,DSL,No,No,79.98,360.44,3,1
CUST_10048,26,Male,6.0,Month-to-Month,Bank Transfer,No,Yes,Yes,90.87,544.9,0,1
CUST_10049,56,Female,3.0,One-Year,Credit Card,Fiber Optic,No,Yes,44.5,113.52,3,0
CUST_10050,35,Female,28.0,Month-to-Month,Credit Card,DSL,Yes,Yes,,1542.66,4,1
CUST_10051,21,Female,26.0,Month-to-Month,Mailed Check,Fiber Optic,No,Yes,85.3,2226.18,0,0
CUST_10052,42,Male,72.0,Month-to-Month,Mailed Check,Fiber Optic,Yes,No,76.29,5491.31,1,0
CUST_10053,31,Male,31.0,Two-Year,Electronic Check,Fiber Optic,No,Yes,56.2,1742.27,4,0
CUST_10054,67,Female,1.0,One-Year,Mailed Check,No,No,No,60.02,51.05,2,0
CUST_10055,26,Male,52.0,Month-to-Month,Electronic Check,DSL,No,No,39.99,2110.8,1,0
CUST_10056,43,Male,48.0,Month-to-Month,Credit Card,DSL,Yes,No,45.24,2188.82,4,0
CUST_10057,70,Female,14.0,Month-to-Month,Bank Transfer,Fiber Optic,Yes,Yes,31.54,434.82,1,0
CUST_10058,19,Male,21.0,Month-to-Month,Electronic Check,DSL,No,Yes,58.03,1222.53,1,0
CUST_10059,37,Female,72.0,Month-to-Month,Mailed Check,No,Yes,Yes,78.55,5631.16,2,0
CUST_10060,45,Male,,Two-Year,Mailed Check,Fiber Optic,Yes,Yes,59.67,1071.85,1,1
CUST_10061,64,Female,57.0,Two-Year,Mailed Check,Fiber Optic,No,No,87.33,4957.1,2,0
CUST_10062,24,Female,2.0,Month-to-Month,Electronic Check,Fiber Optic,Yes,Yes,52.08,110.03,2,1
CUST_10063,61,Male,5.0,Month-to-Month,Credit Card,DSL,Yes,Yes,35.18,172.8,1,0
CUST_10064,25,Male,14.0,Month-to-Month,Electronic Check,DSL,No,Yes,88.1,1226.17,3,1
CUST_10065,64,Male,21.0,Month-to-Month,Electronic Check,DSL,No,Yes,72.34,1523.43,0,1
CUST_10066,52,Male,41.0,Month-to-Month,Electronic Check,DSL,Yes,Yes,89.55,3680.51,2,0
CUST_10067,31,Female,72.0,Month-to-Month,Bank Transfer,Fiber Optic,No,Yes,58.27,4228.15,5,0
CUST_10068,34,Female,12.0,Month-to-Month,Electronic Check,DSL,No,No,96.81,1185.08,1,0
CUST_10069,53,Male,1.0,One-Year,Electronic Check,Fiber Optic,No,No,43.47,72.0,1,0
CUST_10070,67,Male,39.0,One-Year,Mailed Check,Fiber Optic,Yes,Yes,59.25,2300.19,2,0
CUST_10071,57,Male,22.0,One-Year,Bank Transfer,DSL,No,Yes,73.15,1617.93,3,0
CUST_10072,21,Female,5.0,Month-to-Month,Electronic Check,No,No,Yes,55.62,330.15,1,0
CUST_10073,19,Male,16.0,Two-Year,Electronic Check,DSL,No,No,69.55,1109.89,0,0
CUST_10074,23,Female,33.0,Two-Year,Mailed Check,DSL,Yes,Yes,89.95,2972.23,2,0
CUST_10075,59,Female,35.0,Month-to-Month,Electronic Check,Fiber Optic,Yes,No,72.53,2542.83,4,0
CUST_10076,21,Female,17.0,Month-to-Month,Mailed Check,Fiber Optic,No,Yes,61.43,1041.19,6,0
CUST_10077,46,Male,9.0,Month-to-Month,Electronic Check,Fiber Optic,Yes,Yes,89.53,844.41,3,1
CUST_10078,35,Female,72.0,Month-to-Month,Electronic Check,No,No,Yes,75.25,5404.74,2,0
CUST_10079,43,Male,26.0,Month-to-Month,Mailed Check,No,No,No,64.84,1718.24,4,0
CUST_10080,61,Male,13.0,One-Year,Electronic Check,No,No,Yes,63.4,847.29,0,0
CUST_10081,51,Female,8.0,Month-to-Month,Electronic Check,Fiber Optic,No,Yes,57.65,459.38,2,1
CUST_10082,27,Female,32.0,Month-to-Month,Mailed Check,DSL,,Yes,81.86,2607.19,0,0
CUST_10083,53,Male,7.0,Month-to-Month,Credit Card,DSL,No,Yes,,577.29,1,1
CUST_10084,31,Male,5.0,Two-Year,Bank Transfer,DSL,No,Yes,90.31,486.33,4,1
CUST_10085,48,Male,18.0,Month-to-Month,Credit Card,DSL,No,No,73.6,1357.11,1,1
CUST_10086,65,Male,8.0,One-Year,Credit Card,DSL,No,No,54.11,456.88,3,1
CUST_10087,32,Male,24.0,Month-to-Month,Credit Card,Fiber Optic,No,No,71.62,1716.29,4,1
CUST_10088,25,Male,3.0,Month-to-Month,Bank Transfer,Fiber Optic,No,Yes,53.75,162.56,3,0
CUST_10089,31,Male,26.0,One-Year,Bank Transfer,Fiber Optic,Yes,Yes,68.24,1793.03,2,0
CUST_10090,40,Female,8.0,Month-to-Month,Mailed Check,Fiber Optic,No,Yes,93.2,738.49,2,1
CUST_10091,57,Female,1.0,Month-to-Month,Electronic Check,Fiber Optic,No,Yes,88.63,113.76,2,1
CUST_10092,38,Female,3.0,Month-to-Month,Bank Transfer,Fiber Optic,Yes,No,83.11,253.88,6,0
CUST_10093,33,Male,65.0,One-Year,Credit Card,Fiber Optic,No,Yes,64.55,4226.17,7,0
CUST_10094,62,Female,48.0,One-Year,Mailed Check,DSL,Yes,No,82.92,3937.73,2,0
CUST_10095,35,Female,6.0,Month-to-Month,Bank Transfer,No,No,No,52.19,294.93,2,1
CUST_10096,64,Female,36.0,One-Year,Mailed Check,No,Yes,Yes,35.76,1277.37,1,0
CUST_10097,70,Female,23.0,Month-to-Month,Mailed Check,Fiber Optic,Yes,No,70.44,1632.5,0,0
CUST_10098,41,Female,72.0,One-Year,Mailed Check,Fiber Optic,No,Yes,57.49,4128.0,4,0
CUST_10099,43,Female,11.0,Month-to-Month,Mailed Check,Fiber Optic,No,Yes,100.68,1172.89,2,1
CUST_10100,42,Male,27.0,One-Year,Mailed Check,No,No,Yes,97.65,2599.99,3,0
CUST_10101,62,Female,2.0,Two-Year,Bank Transfer,DSL,Yes,No,51.22,133.03,2,0
CUST_10102,58,Female,12.0,Two-Year,Credit Card,Fiber Optic,No,Yes,78.89,983.59,1,0
CUST_10103,46,Female,72.0,Month-to-Month,Credit Card,No,Yes,No,25.51,1851.67,1,0
CUST_10104,32,Female,19.0,Two-Year,Electronic Check,Fiber Optic,Yes,No,71.79,1354.54,2,0
CUST_10105,62,Male,8.0,Month-to-Month,Credit Card,No,Yes,No,71.28,569.66,1,0
CUST_10106,18,Male,3.0,Two-Year,Electronic Check,Fiber Optic,Yes,No,45.14,159.93,2,0
CUST_10107,42,Female,29.0,Month-to-Month,Electronic Check,Fiber Optic,No,Yes,68.3,1932.74,1,0
CUST_10108,24,Female,25.0,Month-to-Month,Bank Transfer,DSL,No,No,46.43,1141.72,3,0
CUST_10109,26,Female,11.0,Month-to-Month,Electronic Check,No,Yes,Yes,82.04,886.31,0,1
CUST_10110,41,Male,72.0,Month-to-Month,Electronic Check,No,No,Yes,68.72,4964.18,3,1
CUST_10111,18,Male,1.0,One-Year,Mailed Check,DSL,Yes,Yes,94.86,127.53,2,1
CUST_10112,61,Female,9.0,Two-Year,Bank Transfer,Fiber Optic,No,Yes,34.38,368.85,1,0
CUST_10113,25,Female,61.0,One-Year,Electronic Check,Fiber Optic,No,No,47.64,2850.11,2,0
CUST_10114,41,Female,9.0,One-Year,Bank Transfer,No,Yes,Yes,55.3,466.87,3,0
CUST_10115,28,Male,7.0,One-Year,Bank Transfer,DSL,No,Yes,74.81,513.41,1,0
CUST_10116,68,Female,,Month-to-Month,Bank Transfer,DSL,,Yes,70.42,1284.24,0,0
CUST_10117,34,Male,42.0,Month-to-Month,Credit Card,Fiber Optic,No,Yes,73.5,3109.93,2,1
CUST_10118,25,Female,3.0,Month-to-Month,Mailed Check,DSL,Yes,Yes,,120.7,0,0
CUST_10119,52,Male,69.0,Month-to-Month,Electronic Check,Fiber Optic,No,Yes,,1870.15,2,0
CUST_10120,52,Male,38.0,Month-to-Month,Electronic Check,DSL,No,No,49.8,1815.6,2,0
CUST_10121,50,Female,5.0,Month-to-Month,Mailed Check,No,Yes,Yes,93.16,474.56,2,0
CUST_10122,22,Female,30.0,Month-to-Month,Bank Transfer,DSL,Yes,Yes,52.59,1576.92,1,0
CUST_10123,59,Male,12.0,Month-to-Month,Electronic Check,DSL,No,Yes,68.54,819.49,0,0
CUST_10124,56,Female,12.0,Two-Year,Electronic Check,Fiber Optic,Yes,Yes,66.22,782.88,5,0
CUST_10125,58,Male,37.0,Month-to-Month,Bank Transfer,Fiber Optic,Yes,No,68.67,2538.1,0,0
CUST_10126,45,Male,72.0,Month-to-Month,Bank Transfer,No,No,Yes,38.29,2766.53,4,0
CUST_10127,24,Male,3.0,One-Year,Bank Transfer,Fiber Optic,No,Yes,81.36,293.9,1,0
CUST_10128,26,Male,13.0,Month-to-Month,Credit Card,No,,Yes,63.01,780.57,3,0
CUST_10129,25,Female,16.0,Month-to-Month,Bank Transfer,DSL,Yes,No,111.21,1771.17,5,0
CUST_10130,29,Male,11.0,Month-to-Month,Bank Transfer,DSL,No,Yes,57.54,649.17,3,0
CUST_10131,51,Male,11.0,Month-to-Month,Mailed Check,No,Yes,Yes,84.54,928.13,1,0
CUST_10132,50,Female,1.0,Month-to-Month,Credit Card,DSL,No,Yes,57.24,60.96,3,0
CUST_10133,65,Male,28.0,Month-to-Month,Bank Transfer,No,No,No,103.38,2877.04,1,0
CUST_10134,40,Female,14.0,One-Year,Electronic Check,Fiber Optic,No,No,79.61,1139.3,2,0
CUST_10135,41,Male,5.0,One-Year,Electronic Check,DSL,Yes,Yes,39.29,131.28,2,0
CUST_10136,54,Female,41.0,Month-to-Month,Bank Transfer,DSL,Yes,No,93.14,3788.96,4,0
CUST_10137,52,Male,39.0,Month-to-Month,Credit Card,Fiber Optic,Yes,Yes,80.5,3198.16,1,1
CUST_10138,61,Male,16.0,Month-to-Month,Electronic Check,DSL,No,Yes,55.66,853.69,3,0
CUST_10139,57,Male,9.0,Two-Year,Electronic Check,DSL,No,Yes,32.74,268.5,0,0
CUST_10140,39,Male,24.0,Month-to-Month,Credit Card,No,Yes,No,88.96,2111.41,1,0
CUST_10141,44,Male,8.0,One-Year,Credit Card,Fiber Optic,No,Yes,99.55,780.17,3,1
CUST_10142,52,Female,6.0,One-Year,Electronic Check,DSL,No,No,87.38,523.7,1,1
CUST_10143,18,Female,31.0,Month-to-Month,Mailed Check,Fiber Optic,Yes,Yes,82.39,2586.46,4,0
CUST_10144,52,Female,1.0,Month-to-Month,Bank Transfer,DSL,Yes,No,76.15,90.47,4,1
CUST_10145,54,Female,2.0,Month-to-Month,Electronic Check,DSL,Yes,Yes,86.18,165.28,3,1
CUST_10146,64,Male,1.0,Month-to-Month,Credit Card,DSL,No,Yes,59.76,112.23,3,0
CUST_10147,31,Male,4.0,Month-to-Month,Electronic Check,Fiber Optic,No,Yes,28.71,102.32,3,0
CUST_10148,20,Male,2.0,Month-to-Month,Electronic Check,Fiber Optic,No,Yes,80.18,162.09,2,0
CUST_10149,18,Male,72.0,Month-to-Month,Electronic Check,Fiber Optic,Yes,Yes,72.85,5248.78,1,0
CUST_10150,22,Female,8.0,Month-to-Month,Electronic Check,Fiber Optic,Yes,Yes,36.93,320.85,2,1
CUST_10151,43,Female,4.0,Two-Year,Electronic Check,DSL,No,No,21.14,50.03,3,1
CUST_10152,31,Male,7.0,Month-to-Month,Electronic Check,No,No,Yes,66.63,435.7,0,0
CUST_10153,56,Male,66.0,Two-Year,Bank Transfer,Fiber Optic,No,Yes,61.89,4113.02,4,0
CUST_10154,44,Female,18.0,Two-Year,Electronic Check,Fiber Optic,No,Yes,60.2,1137.14,3,0
CUST_10155,26,Female,11.0,Two-Year,Credit Card,DSL,No,Yes,76.59,831.57,0,0
CUST_10156,32,Male,50.0,Two-Year,Mailed Check,DSL,Yes,Yes,50.1,2467.15,4,0
CUST_10157,32,Female,12.0,Month-to-Month,Bank Transfer,Fiber Optic,No,No,78.75,909.3,5,1
CUST_10158,43,Female,10.0,Month-to-Month,Electronic Check,Fiber Optic,No,Yes,,819.99,1,0
CUST_10159,59,Male,6.0,One-Year,Electronic Check,Fiber Optic,Yes,No,18.0,57.4,1,0
CUST_10160,30,Male,11.0,One-Year,Bank Transfer,Fiber Optic,No,Yes,63.63,701.84,1,1
CUST_10161,68,Female,9.0,Two-Year,Bank Transfer,Fiber Optic,Yes,No,69.0,615.71,1,0
CUST_10162,49,Female,27.0,Two-Year,Bank Transfer,Fiber Optic,No,Yes,79.96,2138.66,2,0
CUST_10163,56,Female,8.0,Month-to-Month,Bank Transfer,DSL,No,Yes,75.98,582.09,3,1
CUST_10164,66,Male,21.0,Month-to-Month,Bank Transfer,DSL,No,Yes,29.98,650.46,1,0
CUST_10165,69,Male,2.0,Month-to-Month,Mailed Check,Fiber Optic,No,No,66.91,157.14,1,0
CUST_10166,49,Female,5.0,Month-to-Month,Credit Card,DSL,No,No,59.81,334.07,0,0
CUST_10167,21,Female,13.0,Month-to-Month,Bank Transfer,DSL,No,Yes,86.5,1139.03,1,0
CUST_10168,47,Male,66.0,One-Year,Credit Card,No,Yes,Yes,41.03,2708.21,3,0
CUST_10169,54,Female,11.0,Two-Year,Credit Card,Fiber Optic,No,No,64.95,719.35,2,0
CUST_10170,40,Female,26.0,Month-to-Month,Electronic Check,DSL,Yes,Yes,82.43,2172.9,4,1
CUST_10171,56,Female,7.0,Two-Year,Electronic Check,DSL,No,Yes,80.21,510.24,2,1
CUST_10172,62,Female,3.0,One-Year,Bank Transfer,Fiber Optic,Yes,No,61.91,199.05,5,0
CUST_10173,32,Female,1.0,Two-Year,Bank Transfer,No,Yes,No,88.6,71.25,2,0
CUST_10174,60,Male,9.0,Month-to-Month,Bank Transfer,DSL,Yes,No,50.38,464.7,4,0
CUST_10175,46,Female,4.0,Two-Year,Bank Transfer,DSL,No,No,79.64,287.64,3,1
CUST_10176,53,Male,5.0,One-Year,Electronic Check,Fiber Optic,Yes,Yes,82.96,440.3,1,0
CUST_10177,30,Female,34.0,Month-to-Month,Electronic Check,Fiber Optic,Yes,Yes,37.64,1297.39,3,0
CUST_10178,49,Male,1.0,Month-to-Month,Electronic Check,DSL,Yes,No,91.06,69.9,1,0
CUST_10179,24,Female,20.0,Two-Year,Bank Transfer,Fiber Optic,Yes,No,32.03,626.59,1,0
CUST_10180,68,Male,11.0,Month-to-Month,Bank Transfer,DSL,Yes,No,72.47,780.4,2,1
CUST_10181,39,Male,17.0,Month-to-Month,Electronic Check,Fiber Optic,No,No,55.62,947.26,3,0
CUST_10182,45,Male,20.0,Month-to-Month,Bank Transfer,DSL,,Yes,85.25,1765.89,0,1
CUST_10183,19,Male,9.0,One-Year,Electronic Check,DSL,No,Yes,71.6,589.87,1,0
CUST_10184,59,Female,,Two-Year,Electronic Check,Fiber Optic,Yes,Yes,100.82,816.33,2,1
CUST_10185,62,Female,32.0,Month-to-Month,Bank Transfer,DSL,No,No,87.73,2820.28,2,1
CUST_10186,70,Female,49.0,Month-to-Month,Mailed Check,Fiber Optic,No,Yes,67.64,3298.43,2,0
CUST_10187,23,Male,5.0,Two-Year,Bank Transfer,Fiber Optic,Yes,No,89.1,395.29,3,0
CUST_10188,45,Male,,One-Year,Credit Card,Fiber Optic,No,Yes,62.94,119.85,4,1
CUST_10189,45,Male,55.0,Two-Year,Credit Card,Fiber Optic,Yes,Yes,43.22,2340.57,2,0
CUST_10190,61,Male,10.0,Month-to-Month,Electronic Check,Fiber Optic,Yes,Yes,55.85,575.19,1,1
CUST_10191,61,Female,19.0,Month-to-Month,Mailed Check,No,No,No,62.7,1149.84,5,0
CUST_10192,37,Male,11.0,Month-to-Month,Bank Transfer,Fiber Optic,No,Yes,18.0,196.5,3,0
CUST_10193,47,Male,3.0,One-Year,Bank Transfer,Fiber Optic,No,No,92.67,254.89,4,0
CUST_10194,28,Male,21.0,Month-to-Month,Bank Transfer,Fiber Optic,Yes,Yes,63.06,1357.77,2,1
CUST_10195,45,Male,18.0,Month-to-Month,Electronic Check,Fiber Optic,Yes,Yes,84.28,1564.13,1,0
CUST_10196,42,Female,5.0,Month-to-Month,Electronic Check,DSL,Yes,Yes,68.21,330.28,2,1
CUST_10197,56,Female,14.0,Month-to-Month,Bank Transfer,Fiber Optic,,No,34.17,446.85,1,0
CUST_10198,50,Male,38.0,Two-Year,Bank Transfer,DSL,No,Yes,66.59,2580.6,2,1
CUST_10199,18,Male,21.0,Month-to-Month,Electronic Check,Fiber Optic,Yes,No,62.6,1310.51,1,0
CUST_10200,44,Male,2.0,One-Year,Electronic Check,No,No,Yes,51.29,112.0,3,0
CUST_10201,69,Male,19.0,Two-Year,Bank Transfer,Fiber Optic,Yes,Yes,57.19,1082.97,1,0
CUST_10202,30,Male,29.0,Month-to-Month,Electronic Check,DSL,No,Yes,65.53,1894.2,2,1
CUST_10203,58,Female,38.0,One-Year,Electronic Check,DSL,Yes,Yes,18.0,669.21,4,0
CUST_10204,20,Female,24.0,Two-Year,Electronic Check,Fiber Optic,No,Yes,,1676.13,5,0
CUST_10205,56,Female,4.0,Two-Year,Electronic Check,DSL,No,Yes,77.08,361.34,2,0
CUST_10206,23,Male,30.0,Month-to-Month,Bank Transfer,DSL,No,No,75.02,2256.54,1,0
CUST_10207,25,Male,27.0,Month-to-Month,Mailed Check,Fiber Optic,Yes,Yes,59.37,1600.54,1,0
CUST_10208,44,Female,1.0,Month-to-Month,Electronic Check,DSL,No,Yes,104.28,132.12,1,1
CUST_10209,26,Female,13.0,One-Year,Electronic Check,No,Yes,Yes,75.22,961.08,0,0
CUST_10210,54,Female,10.0,One-Year,Electronic Check,DSL,No,Yes,56.64,577.49,2,0
CUST_10211,50,Male,27.0,One-Year,Bank Transfer,No,,Yes,40.22,1062.85,0,0
CUST_10212,68,Female,6.0,Month-to-Month,Electronic Check,Fiber Optic,Yes,No,37.7,215.85,0,0
CUST_10213,59,Male,21.0,Month-to-Month,Bank Transfer,DSL,No,No,73.0,1550.53,4,0
CUST_10214,61,Female,59.0,One-Year,Electronic Check,No,No,No,79.44,4695.21,0,0
CUST_10215,41,Female,38.0,Month-to-Month,Electronic Check,Fiber Optic,Yes,Yes,67.49,2554.84,3,0
CUST_10216,32,Female,61.0,One-Year,Electronic Check,No,Yes,Yes,63.87,3918.0,1,0
CUST_10217,49,Male,72.0,Month-to-Month,Electronic Check,Fiber Optic,No,Yes,58.22,4168.52,2,0
CUST_10218,49,Female,1.0,Month-to-Month,Bank Transfer,No,No,Yes,74.85,47.42,2,1
CUST_10219,41,Male,23.0,Month-to-Month,Mailed Check,Fiber Optic,Yes,Yes,49.48,1124.46,0,0
CUST_10220,58,Male,13.0,Month-to-Month,Credit Card,Fiber Optic,Yes,Yes,64.61,833.02,3,0
CUST_10221,69,Male,47.0,Month-to-Month,Electronic Check,No,Yes,No,66.85,3131.98,4,0
CUST_10222,66,Female,7.0,Month-to-Month,Electronic Check,Fiber Optic,No,No,76.54,522.97,2,1
CUST_10223,66,Male,72.0,Month-to-Month,Electronic Check,Fiber Optic,Yes,Yes,48.63,3528.47,0,0
CUST_10224,69,Male,23.0,Month-to-Month,Bank Transfer,Fiber Optic,,No,44.91,1078.04,2,0
CUST_10225,29,Female,38.0,Month-to-Month,Electronic Check,DSL,Yes,No,66.0,2504.08,3,0
CUST_10226,56,Male,2.0,One-Year,Mailed Check,No,Yes,Yes,69.14,156.04,3,0
CUST_10227,19,Female,5.0,Month-to-Month,Electronic Check,Fiber Optic,Yes,No,64.89,302.4,0,1
CUST_10228,20,Male,34.0,One-Year,Electronic Check,DSL,No,Yes,18.0,609.16,1,0
CUST_10229,66,Male,1.0,One-Year,Credit Card,Fiber Optic,Yes,No,71.65,85.55,1,0
CUST_10230,54,Female,41.0,One-Year,Mailed Check,DSL,No,Yes,116.37,4745.94,1,0
CUST_10231,66,Male,1.0,Two-Year,Bank Transfer,Fiber Optic,Yes,Yes,83.36,105.86,6,0
CUST_10232,34,Male,26.0,Month-to-Month,Bank Transfer,Fiber Optic,No,Yes,,651.07,1,1
CUST_10233,66,Female,11.0,One-Year,Mailed Check,Fiber Optic,Yes,No,56.89,656.43,3,0
CUST_10234,19,Female,23.0,Two-Year,Electronic Check,DSL,No,Yes,61.09,1430.56,2,0
CUST_10235,19,Female,29.0,Two-Year,Bank Transfer,No,No,Yes,58.58,1732.29,2,0
CUST_10236,45,Male,10.0,Month-to-Month,Electronic Check,DSL,Yes,Yes,40.22,432.92,2,1
CUST_10237,40,Male,3.0,Month-to-Month,Mailed Check,Fiber Optic,Yes,Yes,47.14,199.4,2,0
CUST_10238,54,Female,2.0,Month-to-Month,Bank Transfer,DSL,No,No,83.68,182.58,1,1
CUST_10239,49,Female,21.0,One-Year,Bank Transfer,DSL,Yes,No,,1635.34,3,0
CUST_10240,50,Female,18.0,One-Year,Bank Transfer,Fiber Optic,No,No,62.77,1133.73,1,0
CUST_10241,18,Female,33.0,Month-to-Month,Bank Transfer,Fiber Optic,Yes,No,83.96,2756.95,4,0
CUST_10242,36,Female,17.0,Month-to-Month,Electronic Check,Fiber Optic,No,No,51.86,840.68,3,1
CUST_10243,19,Male,13.0,One-Year,Electronic Check,DSL,No,No,58.14,794.18,2,0
CUST_10244,70,Male,12.0,Month-to-Month,Electronic Check,DSL,Yes,No,57.71,683.33,1,0
CUST_10245,61,Female,1.0,Two-Year,Bank Transfer,DSL,No,Yes,33.97,0.0,2,0
CUST_10246,43,Male,10.0,One-Year,Credit Card,Fiber Optic,No,Yes,59.88,579.46,3,0
CUST_10247,49,Male,72.0,Month-to-Month,Electronic Check,Fiber Optic,Yes,No,97.76,7106.67,4,0
CUST_10248,23,Female,50.0,One-Year,Electronic Check,No,No,No,95.57,4819.52,3,0
CUST_10249,49,Female,10.0,Month-to-Month,Mailed Check,Fiber Optic,No,No,67.34,695.28,5,0
CUST_10250,21,Male,21.0,One-Year,Credit Card,No,Yes,Yes,60.63,1292.15,2,0
CUST_10251,28,Male,45.0,Two-Year,Bank Transfer,DSL,No,No,100.38,4490.0,2,0
CUST_10252,34,Male,14.0,Two-Year,Electronic Check,Fiber Optic,No,No,60.07,811.62,3,0
CUST_10253,55,Female,,Month-to-Month,Credit Card,DSL,Yes,Yes,54.63,71.37,3,0
CUST_10254,41,Female,2.0,Month-to-Month,Credit Card,No,No,Yes,84.14,215.93,2,1
CUST_10255,22,Male,17.0,Month-to-Month,Electronic Check,Fiber Optic,Yes,Yes,30.78,492.77,3,1
CUST_10256,69,Male,72.0,Month-to-Month,Credit Card,No,,No,62.78,4517.26,4,0
CUST_10257,51,Female,28.0,Month-to-Month,Mailed Check,Fiber Optic,Yes,No,63.69,1790.35,1,0
CUST_10258,23,Male,2.0,Month-to-Month,Mailed Check,DSL,No,No,75.31,136.18,3,0
CUST_10259,39,Female,5.0,Month-to-Month,Mailed Check,No,No,Yes,53.15,260.47,3,1
CUST_10260,28,Female,35.0,Month-to-Month,Credit Card,No,No,No,61.6,2125.14,1,0
CUST_10261,65,Male,44.0,Month-to-Month,Bank Transfer,DSL,Yes,Yes,66.87,2951.54,4,0
CUST_10262,33,Female,23.0,Two-Year,Electronic Check,DSL,Yes,Yes,59.91,1383.1,1,0
CUST_10263,50,Male,25.0,One-Year,Credit Card,Fiber Optic,No,Yes,61.29,1550.74,1,0
CUST_10264,26,Male,1.0,Month-to-Month,Electronic Check,Fiber Optic,Yes,No,81.66,75.54,3,1
CUST_10265,23,Female,42.0,Month-to-Month,Bank Transfer,Fiber Optic,Yes,Yes,76.62,3239.42,1,1
CUST_10266,33,Male,37.0,Month-to-Month,Bank Transfer,Fiber Optic,No,Yes,75.36,2798.48,0,0
CUST_10267,46,Female,7.0,Month-to-Month,Electronic Check,Fiber Optic,,Yes,32.13,261.97,1,0
CUST_10268,20,Female,30.0,Month-to-Month,Electronic Check,Fiber Optic,Yes,Yes,73.6,2200.05,2,0
CUST_10269,37,Male,6.0,Two-Year,Credit Card,No,Yes,No,48.19,317.42,4,0
CUST_10270,53,Male,1.0,One-Year,Mailed Check,DSL,No,Yes,104.83,98.1,0,0
CUST_10271,36,Male,5.0,One-Year,Bank Transfer,Fiber Optic,No,No,64.82,343.35,1,0
CUST_10272,43,Male,5.0,Month-to-Month,Mailed Check,No,No,No,61.08,345.26,3,1
CUST_10273,20,Male,10.0,Two-Year,Bank Transfer,Fiber Optic,Yes,Yes,95.38,989.05,3,1
CUST_10274,36,Male,13.0,Two-Year,Mailed Check,DSL,No,No,89.17,1153.09,0,0
CUST_10275,37,Male,17.0,Month-to-Month,Electronic Check,DSL,No,Yes,60.26,1008.65,0,1
CUST_10276,49,Female,16.0,Month-to-Month,Mailed Check,Fiber Optic,Yes,No,41.47,692.65,1,0
CUST_10277,24,Female,8.0,Month-to-Month,Credit Card,DSL,No,Yes,29.73,224.23,7,0
CUST_10278,69,Female,1.0,Month-to-Month,Mailed Check,Fiber Optic,No,No,44.05,73.75,3,0
CUST_10279,58,Male,22.0,One-Year,Electronic Check,Fiber Optic,No,No,71.42,1535.39,3,0
CUST_10280,50,Male,12.0,Month-to-Month,Credit Card,Fiber Optic,No,Yes,62.05,758.81,4,1
CUST_10281,57,Female,9.0,Month-to-Month,Bank Transfer,No,No,Yes,46.26,405.29,4,1
CUST_10282,56,Male,48.0,Month-to-Month,Electronic Check,DSL,No,Yes,57.16,2693.7,3,0
CUST_10283,35,Male,33.0,Month-to-Month,Credit Card,DSL,No,Yes,99.34,3255.0,0,0
CUST_10284,57,Female,47.0,Two-Year,Bank Transfer,DSL,Yes,Yes,87.39,4095.72,3,0
CUST_10285,18,Female,16.0,One-Year,Electronic Check,Fiber Optic,No,No,100.05,1658.54,1,0
CUST_10286,28,Female,3.0,One-Year,Electronic Check,DSL,No,Yes,51.2,63.73,3,0
CUST_10287,45,Male,29.0,Month-to-Month,Bank Transfer,Fiber Optic,No,Yes,81.14,2343.07,1,1
CUST_10288,42,Female,6.0,One-Year,Bank Transfer,Fiber Optic,No,Yes,79.06,463.89,3,0
CUST_10289,67,Female,14.0,Month-to-Month,Electronic Check,DSL,Yes,Yes,94.37,1292.08,0,1
CUST_10290,40,Female,2.0,One-Year,Electronic Check,Fiber Optic,No,Yes,65.23,118.82,1,0
CUST_10291,48,Female,42.0,Month-to-Month,Electronic Check,Fiber Optic,No,No,49.34,2067.84,0,0
CUST_10292,47,Female,3.0,Month-to-Month,Bank Transfer,No,No,No,46.96,120.78,7,0
CUST_10293,59,Female,56.0,Month-to-Month,Electronic Check,DSL,Yes,Yes,64.73,3635.6,1,0
CUST_10294,52,Male,48.0,Month-to-Month,Electronic Check,DSL,Yes,Yes,66.55,3241.85,3,0
CUST_10295,24,Female,15.0,Two-Year,Bank Transfer,Fiber Optic,Yes,Yes,70.45,1055.26,3,0
CUST_10296,33,Female,33.0,Month-to-Month,Bank Transfer,Fiber Optic,No,No,37.08,1203.04,5,0
CUST_10297,43,Female,23.0,Month-to-Month,Mailed Check,DSL,No,No,90.88,2086.94,0,0
CUST_10298,65,Male,39.0,Month-to-Month,Mailed Check,DSL,No,No,37.94,1469.22,2,0
CUST_10299,69,Male,14.0,Two-Year,Mailed Check,DSL,Yes,Yes,90.81,1304.24,1,0
CUST_10300,66,Female,37.0,Month-to-Month,Mailed Check,No,Yes,No,58.54,2152.05,2,1
CUST_10301,19,Female,15.0,One-Year,Credit Card,No,No,Yes,101.91,1543.27,3,0
CUST_10302,18,Female,68.0,Two-Year,Bank Transfer,Fiber Optic,No,Yes,30.08,2054.11,2,0
CUST_10303,65,Female,16.0,Month-to-Month,Electronic Check,No,No,No,88.51,1419.36,3,1
CUST_10304,29,Female,15.0,Month-to-Month,Mailed Check,DSL,Yes,Yes,44.38,631.62,1,0
CUST_10305,22,Female,37.0,Month-to-Month,Mailed Check,DSL,No,Yes,42.95,1570.72,2,0
CUST_10306,54,Female,41.0,Two-Year,Bank Transfer,Fiber Optic,Yes,Yes,98.12,4017.21,3,0
CUST_10307,49,Female,19.0,Month-to-Month,Mailed Check,DSL,No,Yes,80.06,1485.42,3,1
CUST_10308,26,Female,5.0,Month-to-Month,Credit Card,No,No,Yes,35.44,147.81,0,0
CUST_10309,58,Male,15.0,One-Year,Bank Transfer,DSL,No,Yes,69.04,1021.21,2,0
CUST_10310,52,Male,72.0,One-Year,Mailed Check,DSL,No,Yes,93.1,6713.45,1,0
CUST_10311,36,Female,34.0,Month-to-Month,Credit Card,Fiber Optic,No,No,76.17,2632.03,3,1
CUST_10312,65,Male,40.0,Month-to-Month,Bank Transfer,Fiber Optic,Yes,Yes,65.62,2632.82,1,0
CUST_10313,33,Male,1.0,Month-to-Month,Bank Transfer,Fiber Optic,No,No,88.02,91.83,1,1
CUST_10314,20,Male,15.0,Month-to-Month,Credit Card,Fiber Optic,Yes,Yes,72.37,1087.64,2,1
CUST_10315,37,Male,25.0,Month-to-Month,Electronic Check,DSL,Yes,Yes,31.81,785.02,1,0
CUST_10316,41,Male,43.0,Two-Year,Electronic Check,Fiber Optic,No,Yes,66.92,2874.7,2,0
CUST_10317,50,Male,1.0,Month-to-Month,Credit Card,DSL,No,No,74.68,91.58,2,0
CUST_10318,41,Female,46.0,Two-Year,Bank Transfer,Fiber Optic,No,No,69.45,3223.09,2,0
CUST_10319,69,Female,19.0,One-Year,Credit Card,Fiber Optic,Yes,Yes,56.91,1008.08,2,0
CUST_10320,28,Male,5.0,Month-to-Month,Electronic Check,Fiber Optic,No,No,74.16,392.45,2,1
CUST_10321,66,Male,9.0,One-Year,Bank Transfer,No,Yes,No,68.67,609.19,2,0
CUST_10322,25,Female,8.0,Month-to-Month,Electronic Check,Fiber Optic,Yes,Yes,25.16,216.12,0,0
CUST_10323,53,Male,18.0,Two-Year,Mailed Check,Fiber Optic,Yes,No,38.47,703.27,0,0
CUST_10324,55,Female,1.0,Two-Year,Electronic Check,No,Yes,Yes,71.2,67.25,1,0
CUST_10325,57,Female,4.0,Month-to-Month,Electronic Check,No,No,Yes,79.91,335.41,4,1
CUST_10326,37,Female,40.0,Month-to-Month,Electronic Check,DSL,No,Yes,49.44,1986.16,2,0
CUST_10327,52,Male,3.0,Month-to-Month,Bank Transfer,Fiber Optic,No,No,79.74,238.09,1,0
CUST_10328,65,Female,6.0,Month-to-Month,Mailed Check,Fiber Optic,No,Yes,75.01,446.78,1,0
CUST_10329,42,Male,14.0,Month-to-Month,Electronic Check,No,Yes,No,61.22,827.46,1,0
CUST_10330,52,Female,17.0,Month-to-Month,Electronic Check,No,Yes,No,73.54,1250.61,1,1
CUST_10331,42,Female,35.0,One-Year,Electronic Check,DSL,No,Yes,73.09,2498.42,1,0
CUST_10332,46,Male,14.0,Month-to-Month,Credit Card,Fiber Optic,No,Yes,82.53,1164.06,1,0
CUST_10333,35,Male,37.0,Two-Year,Electronic Check,Fiber Optic,No,No,83.48,3111.23,2,0
CUST_10334,63,Male,23.0,Two-Year,Electronic Check,Fiber Optic,Yes,Yes,44.16,972.22,2,0
CUST_10335,35,Female,3.0,Month-to-Month,Credit Card,DSL,No,Yes,50.34,142.71,2,0
CUST_10336,19,Male,4.0,Two-Year,Bank Transfer,Fiber Optic,Yes,No,94.53,420.7,2,0
CUST_10337,52,Female,14.0,Month-to-Month,Bank Transfer,No,Yes,No,82.66,1222.72,3,0
CUST_10338,33,Male,12.0,Month-to-Month,Bank Transfer,Fiber Optic,Yes,No,77.77,930.34,1,1
CUST_10339,58,Female,33.0,One-Year,Credit Card,DSL,Yes,Yes,80.89,2671.24,0,0
CUST_10340,53,Female,21.0,Month-to-Month,Electronic Check,Fiber Optic,No,Yes,87.76,1840.82,0,1
CUST_10341,50,Female,12.0,One-Year,Credit Card,DSL,Yes,No,67.67,816.56,1,0
CUST_10342,21,Female,4.0,Two-Year,Credit Card,Fiber Optic,No,No,57.42,266.75,4,0
CUST_10343,50,Male,6.0,Two-Year,Bank Transfer,DSL,No,Yes,76.22,457.42,2,0
CUST_10344,31,Male,21.0,One-Year,Bank Transfer,DSL,No,No,64.47,1312.73,1,0
CUST_10345,38,Female,13.0,One-Year,Bank Transfer,Fiber Optic,No,Yes,95.98,1255.45,0,0
CUST_10346,65,Male,17.0,Month-to-Month,Electronic Check,No,No,Yes,95.69,1615.18,2,1
CUST_10347,37,Male,4.0,Month-to-Month,Electronic Check,DSL,No,Yes,82.82,297.68,5,0
CUST_10348,25,Male,26.0,One-Year,Credit Card,No,No,Yes,39.46,992.37,1,0
CUST_10349,24,Male,46.0,Month-to-Month,Mailed Check,No,No,No,43.1,1979.3,5,0
CUST_10350,20,Male,7.0,Month-to-Month,Mailed Check,No,No,Yes,38.7,289.7,1,0
CUST_10351,34,Female,16.0,Month-to-Month,Bank Transfer,Fiber Optic,Yes,Yes,68.73,1116.81,1,1
CUST_10352,50,Male,72.0,One-Year,Mailed Check,Fiber Optic,No,No,83.46,6045.29,3,0
CUST_10353,65,Female,10.0,Month-to-Month,Electronic Check,No,Yes,No,58.84,565.69,6,0
CUST_10354,29,Male,22.0,One-Year,Bank Transfer,DSL,Yes,Yes,52.07,1134.45,1,0
CUST_10355,68,Female,2.0,Month-to-Month,Bank Transfer,Fiber Optic,Yes,No,67.08,153.22,5,1
CUST_10356,39,Male,22.0,Month-to-Month,Electronic Check,DSL,Yes,No,49.32,1106.66,1,0
CUST_10357,39,Female,2.0,Month-to-Month,Credit Card,Fiber Optic,Yes,No,70.32,125.01,2,1
CUST_10358,63,Female,72.0,Month-to-Month,Electronic Check,DSL,No,No,60.14,4309.47,4,1
CUST_10359,47,Male,30.0,Two-Year,Mailed Check,No,Yes,Yes,51.86,1569.94,2,0
CUST_10360,55,Female,37.0,Month-to-Month,Electronic Check,DSL,Yes,Yes,67.31,2516.85,1,0
CUST_10361,55,Female,29.0,Month-to-Month,Bank Transfer,Fiber Optic,Yes,No,82.75,2392.62,3,0
CUST_10362,62,Female,21.0,Month-to-Month,Mailed Check,Fiber Optic,No,No,34.62,740.8,1,0
CUST_10363,68,Female,14.0,Month-to-Month,Mailed Check,Fiber Optic,No,Yes,68.36,957.13,1,0
CUST_10364,25,Male,47.0,Month-to-Month,Credit Card,DSL,Yes,Yes,23.02,1062.39,1,0
CUST_10365,44,Female,72.0,Month-to-Month,Electronic Check,Fiber Optic,Yes,No,59.91,4335.58,0,0
CUST_10366,44,Male,17.0,Two-Year,Bank Transfer,DSL,No,Yes,78.9,1334.48,0,0
CUST_10367,51,Male,64.0,One-Year,Bank Transfer,DSL,No,Yes,85.45,5423.33,1,0
CUST_10368,38,Female,21.0,Month-to-Month,Credit Card,DSL,Yes,Yes,54.51,1124.97,2,0
CUST_10369,47,Male,19.0,Month-to-Month,Bank Transfer,No,Yes,Yes,54.29,964.04,1,1
CUST_10370,50,Female,15.0,Month-to-Month,Electronic Check,DSL,,Yes,60.4,987.12,2,1
CUST_10371,45,Female,6.0,Month-to-Month,Electronic Check,Fiber Optic,Yes,Yes,42.95,296.67,1,0
CUST_10372,64,Female,1.0,One-Year,Credit Card,DSL,No,Yes,68.25,28.66,1,0
CUST_10373,50,Female,7.0,Two-Year,Credit Card,DSL,Yes,No,44.95,296.96,0,0
CUST_10374,22,Male,17.0,Month-to-Month,Electronic Check,Fiber Optic,Yes,No,76.13,1300.96,2,1
CUST_10375,65,Male,11.0,Two-Year,Bank Transfer,DSL,No,No,50.67,605.36,1,0
CUST_10376,36,Male,14.0,Month-to-Month,Mailed Check,Fiber Optic,No,No,58.61,842.27,1,1
CUST_10377,21,Male,72.0,Month-to-Month,Credit Card,Fiber Optic,Yes,No,74.99,5405.9,5,1
CUST_10378,52,Male,10.0,Month-to-Month,Credit Card,No,No,Yes,77.71,759.45,0,0
CUST_10379,66,Male,14.0,Month-to-Month,Credit Card,No,No,Yes,76.8,1089.55,3,1
CUST_10380,34,Female,3.0,Two-Year,Credit Card,DSL,Yes,Yes,70.27,223.95,1,0
CUST_10381,61,Female,1.0,Month-to-Month,Credit Card,DSL,No,Yes,43.27,44.3,1,1
CUST_10382,45,Male,36.0,Month-to-Month,Electronic Check,No,Yes,Yes,64.37,2314.93,1,0
CUST_10383,47,Female,20.0,Two-Year,Credit Card,No,Yes,No,61.52,1216.99,4,0
CUST_10384,46,Male,34.0,Two-Year,Bank Transfer,DSL,Yes,Yes,56.59,1962.67,2,0
CUST_10385,63,Male,4.0,One-Year,Credit Card,DSL,No,Yes,66.48,215.17,2,0
CUST_10386,70,Female,20.0,Two-Year,Bank Transfer,Fiber Optic,No,No,47.76,964.46,2,0
CUST_10387,23,Female,7.0,Month-to-Month,Electronic Check,Fiber Optic,No,Yes,64.31,450.67,4,0
CUST_10388,52,Female,6.0,Two-Year,Bank Transfer,Fiber Optic,Yes,No,59.01,295.01,4,0
CUST_10389,58,Male,1.0,One-Year,Bank Transfer,DSL,No,Yes,55.85,44.5,2,0
CUST_10390,54,Female,3.0,Two-Year,Electronic Check,No,No,Yes,42.67,97.44,4,0
CUST_10391,41,Female,9.0,One-Year,Mailed Check,No,No,No,42.14,348.28,1,0
CUST_10392,46,Female,3.0,Month-to-Month,Bank Transfer,Fiber Optic,,No,,252.05,1,1
CUST_10393,66,Female,72.0,One-Year,Mailed Check,DSL,No,Yes,67.3,4882.95,1,0
CUST_10394,63,Female,9.0,Month-to-Month,Mailed Check,Fiber Optic,No,Yes,101.25,909.47,2,1
CUST_10395,70,Female,3.0,Month-to-Month,Electronic Check,Fiber Optic,No,No,102.24,329.07,5,1
CUST_10396,48,Female,5.0,Month-to-Month,Credit Card,No,Yes,Yes,89.59,411.88,2,0
CUST_10397,52,Female,21.0,Two-Year,Bank Transfer,DSL,Yes,No,39.36,807.98,1,0
CUST_10398,50,Female,2.0,Month-to-Month,Electronic Check,DSL,No,No,93.22,173.68,3,1
CUST_10399,69,Male,48.0,Month-to-Month,Bank Transfer,Fiber Optic,No,Yes,62.47,3003.35,3,0
CUST_10400,38,Female,72.0,Month-to-Month,Bank Transfer,Fiber Optic,No,No,59.45,4296.35,3,0
CUST_10401,49,Male,7.0,Two-Year,Electronic Check,DSL,No,No,56.59,404.26,0,0
CUST_10402,40,Male,14.0,Month-to-Month,Mailed Check,Fiber Optic,Yes,Yes,57.99,787.63,2,1
CUST_10403,50,Female,1.0,One-Year,Bank Transfer,Fiber Optic,No,No,72.99,95.2,0,0
CUST_10404,20,Female,25.0,Two-Year,Mailed Check,Fiber Optic,No,No,111.0,2756.72,5,0
CUST_10405,35,Female,13.0,Month-to-Month,Bank Transfer,DSL,No,Yes,,426.72,2,0
CUST_10406,42,Male,8.0,Month-to-Month,Mailed Check,No,No,No,103.87,789.74,3,1
CUST_10407,59,Female,6.0,One-Year,Electronic Check,No,No,Yes,95.18,563.4,6,1
CUST_10408,48,Male,25.0,Two-Year,Credit Card,No,No,Yes,61.45,1551.77,1,0
CUST_10409,20,Female,13.0,One-Year,Electronic Check,No,No,No,55.05,718.73,3,0
CUST_10410,57,Female,5.0,Month-to-Month,Bank Transfer,No,No,Yes,38.06,165.76,5,1
CUST_10411,63,Female,28.0,Two-Year,Electronic Check,DSL,No,No,46.84,1327.78,1,0
CUST_10412,41,Female,20.0,Month-to-Month,Electronic Check,DSL,No,Yes,52.86,1033.87,3,1
CUST_10413,67,Female,47.0,One-Year,Mailed Check,Fiber Optic,No,Yes,62.94,2905.76,2,0
CUST_10414,49,Female,3.0,Two-Year,Electronic Check,No,No,No,64.41,224.22,2,0
CUST_10415,64,Male,37.0,Month-to-Month,Mailed Check,Fiber Optic,No,No,80.22,2938.03,3,1
CUST_10416,39,Male,27.0,One-Year,Electronic Check,Fiber Optic,No,No,78.03,2130.49,1,0
CUST_10417,40,Female,3.0,One-Year,Bank Transfer,No,Yes,No,69.77,202.2,2,0
CUST_10418,19,Female,28.0,Two-Year,Bank Transfer,Fiber Optic,No,Yes,64.13,1815.01,3,0
CUST_10419,44,Male,14.0,Month-to-Month,Electronic Check,No,Yes,No,87.86,1206.49,1,1
CUST_10420,59,Female,70.0,Month-to-Month,Credit Card,DSL,No,Yes,81.79,5750.95,0,0
CUST_10421,19,Male,4.0,Two-Year,Electronic Check,Fiber Optic,No,Yes,73.9,279.25,2,1
CUST_10422,43,Female,25.0,Month-to-Month,Electronic Check,DSL,Yes,Yes,56.88,1413.79,1,0
CUST_10423,34,Female,12.0,Month-to-Month,Bank Transfer,No,Yes,No,87.11,980.65,3,1
CUST_10424,57,Female,72.0,Two-Year,Mailed Check,Fiber Optic,No,Yes,81.7,5833.79,4,0
CUST_10425,50,Female,10.0,Month-to-Month,Mailed Check,DSL,Yes,Yes,60.08,623.54,1,0
CUST_10426,26,Male,72.0,Two-Year,Electronic Check,No,No,Yes,26.65,1898.8,5,0
CUST_10427,60,Male,56.0,Month-to-Month,Credit Card,Fiber Optic,No,Yes,66.9,3687.55,3,0
CUST_10428,65,Female,8.0,Month-to-Month,Bank Transfer,Fiber Optic,Yes,No,51.15,390.48,0,0
CUST_10429,56,Female,39.0,One-Year,Electronic Check,Fiber Optic,Yes,Yes,79.34,3110.41,2,0
CUST_10430,46,Male,72.0,One-Year,Mailed Check,Fiber Optic,No,Yes,69.32,4955.15,0,0
CUST_10431,59,Female,7.0,One-Year,Credit Card,Fiber Optic,Yes,Yes,31.55,251.94,2,0
CUST_10432,43,Male,14.0,Month-to-Month,Bank Transfer,DSL,,Yes,70.9,976.08,0,0
CUST_10433,52,Female,18.0,Two-Year,Electronic Check,Fiber Optic,No,Yes,99.3,1775.85,1,1
CUST_10434,67,Female,8.0,Month-to-Month,Mailed Check,No,No,Yes,61.94,472.27,0,1
CUST_10435,42,Male,1.0,Month-to-Month,Electronic Check,Fiber Optic,Yes,Yes,64.83,8.43,1,0
CUST_10436,41,Male,6.0,Month-to-Month,Mailed Check,DSL,No,Yes,58.14,339.52,5,1
CUST_10437,30,Female,8.0,One-Year,Credit Card,DSL,No,No,66.44,528.6,2,1
CUST_10438,24,Female,14.0,Month-to-Month,Mailed Check,No,No,No,95.8,1351.95,3,0
CUST_10439,53,Female,5.0,Month-to-Month,Mailed Check,DSL,No,Yes,86.11,407.01,0,1
CUST_10440,62,Female,50.0,Month-to-Month,Credit Card,Fiber Optic,No,Yes,53.48,2624.36,1,0
CUST_10441,37,Female,29.0,Month-to-Month,Bank Transfer,No,Yes,No,63.54,1893.45,3,0
CUST_10442,18,Female,2.0,Month-to-Month,Bank Transfer,Fiber Optic,No,Yes,64.84,134.48,4,1
CUST_10443,25,Female,25.0,One-Year,Electronic Check,Fiber Optic,No,Yes,73.23,1827.77,3,0
CUST_10444,63,Male,25.0,Month-to-Month,Bank Transfer,Fiber Optic,No,Yes,73.6,1870.85,4,0
CUST_10445,33,Male,72.0,Two-Year,Bank Transfer,DSL,Yes,No,63.08,4511.8,0,0
CUST_10446,31,Male,1.0,One-Year,Mailed Check,Fiber Optic,Yes,No,40.1,5.23,4,0
CUST_10447,29,Female,7.0,Month-to-Month,Credit Card,DSL,No,Yes,62.71,457.19,1,0
CUST_10448,68,Male,63.0,One-Year,Credit Card,DSL,Yes,Yes,57.75,3691.37,3,0
CUST_10449,40,Female,65.0,Month-to-Month,Bank Transfer,No,Yes,Yes,47.05,3015.07,1,0
CUST_10450,32,Female,31.0,One-Year,Mailed Check,Fiber Optic,No,Yes,80.77,2501.91,2,0
CUST_10451,45,Female,35.0,Two-Year,Mailed Check,Fiber Optic,No,Yes,65.38,2297.4,2,0
CUST_10452,51,Male,2.0,Month-to-Month,Electronic Check,Fiber Optic,Yes,No,44.35,100.86,3,0
CUST_10453,19,Male,17.0,One-Year,Electronic Check,Fiber Optic,No,Yes,104.6,1767.48,4,0
CUST_10454,49,Male,6.0,Month-to-Month,Bank Transfer,DSL,No,Yes,73.33,410.92,0,0
CUST_10455,40,Male,5.0,Month-to-Month,Mailed Check,DSL,No,Yes,80.84,340.52,4,1
CUST_10456,39,Male,40.0,Two-Year,Credit Card,DSL,No,Yes,85.96,3497.16,3,1
CUST_10457,68,Female,3.0,Month-to-Month,Electronic Check,No,Yes,No,56.28,215.21,5,1
CUST_10458,42,Female,15.0,Month-to-Month,Mailed Check,No,No,Yes,75.87,1116.39,5,1
CUST_10459,39,Female,67.0,Month-to-Month,Bank Transfer,Fiber Optic,Yes,Yes,26.4,1767.51,2,0
CUST_10460,39,Female,5.0,One-Year,Mailed Check,No,No,Yes,84.25,401.09,1,1
CUST_10461,66,Male,72.0,Month-to-Month,Credit Card,Fiber Optic,No,Yes,63.64,4571.2,0,0
CUST_10462,69,Female,72.0,Two-Year,Credit Card,DSL,Yes,No,75.53,5431.93,1,0
CUST_10463,59,Female,19.0,Month-to-Month,Electronic Check,DSL,No,Yes,63.6,1170.01,4,0
CUST_10464,23,Male,4.0,Month-to-Month,Electronic Check,No,Yes,Yes,101.35,401.3,3,0
CUST_10465,32,Female,9.0,One-Year,Electronic Check,DSL,Yes,Yes,89.48,806.8,3,1
CUST_10466,60,Male,13.0,Month-to-Month,Bank Transfer,DSL,No,No,18.0,182.89,1,0
CUST_10467,54,Female,9.0,One-Year,Mailed Check,No,No,No,76.06,661.01,5,0
CUST_10468,50,Female,8.0,Month-to-Month,Bank Transfer,DSL,Yes,No,59.36,430.78,3,0
CUST_10469,25,Male,72.0,Month-to-Month,Mailed Check,DSL,No,Yes,76.85,5499.85,3,0
CUST_10470,70,Female,4.0,Month-to-Month,Bank Transfer,Fiber Optic,Yes,No,76.57,297.24,2,1
CUST_10471,61,Female,32.0,Two-Year,Bank Transfer,Fiber Optic,Yes,Yes,50.14,1597.94,2,0
CUST_10472,61,Female,1.0,One-Year,Mailed Check,No,Yes,Yes,62.68,56.37,0,0
CUST_10473,22,Male,22.0,One-Year,Mailed Check,DSL,Yes,No,44.61,1042.34,1,0
CUST_10474,56,Female,59.0,Month-to-Month,Electronic Check,DSL,Yes,Yes,94.72,5596.06,3,0
CUST_10475,21,Male,8.0,One-Year,Mailed Check,Fiber Optic,No,Yes,71.55,582.22,0,0
CUST_10476,23,Male,5.0,Month-to-Month,Mailed Check,Fiber Optic,No,Yes,73.65,370.12,2,0
CUST_10477,62,Male,25.0,Two-Year,Mailed Check,Fiber Optic,No,Yes,71.08,1732.1,1,0
CUST_10478,49,Female,30.0,One-Year,Credit Card,DSL,,Yes,43.8,1308.68,0,0
CUST_10479,69,Female,28.0,One-Year,Credit Card,Fiber Optic,No,No,77.66,2173.02,0,0
CUST_10480,47,Female,9.0,Month-to-Month,Credit Card,Fiber Optic,Yes,Yes,100.7,926.85,2,1
CUST_10481,64,Female,7.0,Month-to-Month,Mailed Check,DSL,Yes,No,33.88,202.33,2,0
CUST_10482,52,Male,72.0,Month-to-Month,Bank Transfer,DSL,Yes,No,66.61,4777.34,0,0
CUST_10483,57,Male,62.0,Two-Year,Mailed Check,Fiber Optic,No,Yes,80.19,4937.63,3,0
CUST_10484,69,Male,15.0,Month-to-Month,Electronic Check,DSL,Yes,Yes,50.03,728.86,1,0
CUST_10485,33,Male,45.0,Month-to-Month,Electronic Check,No,No,No,79.65,3573.83,1,1
CUST_10486,30,Male,14.0,Month-to-Month,Electronic Check,DSL,No,No,65.9,885.16,3,1
CUST_10487,67,Male,13.0,Month-to-Month,Electronic Check,No,No,Yes,50.75,683.03,1,0
CUST_10488,59,Male,4.0,Month-to-Month,Mailed Check,No,No,Yes,18.0,40.89,4,0
CUST_10489,47,Male,13.0,Two-Year,Credit Card,Fiber Optic,Yes,No,,838.31,3,0
CUST_10490,36,Male,19.0,One-Year,Electronic Check,Fiber Optic,Yes,Yes,63.53,1192.19,2,0
CUST_10491,34,Male,1.0,Two-Year,Credit Card,DSL,No,No,91.28,75.7,1,0
CUST_10492,36,Female,14.0,Two-Year,Electronic Check,DSL,Yes,Yes,71.78,1029.18,2,1
CUST_10493,45,Female,36.0,Month-to-Month,Electronic Check,Fiber Optic,Yes,No,54.4,1976.16,4,1
CUST_10494,43,Female,27.0,Month-to-Month,Mailed Check,Fiber Optic,No,Yes,33.57,918.98,1,0
CUST_10495,54,Male,24.0,Month-to-Month,Bank Transfer,DSL,Yes,No,82.49,1926.83,0,0
CUST_10496,43,Male,58.0,Two-Year,Electronic Check,Fiber Optic,No,No,67.35,3941.99,3,0
CUST_10497,70,Female,1.0,Month-to-Month,Electronic Check,No,Yes,Yes,57.12,100.18,1,0
CUST_10498,40,Male,20.0,Month-to-Month,Mailed Check,Fiber Optic,No,No,54.18,1074.72,1,0
CUST_10499,26,Male,37.0,Month-to-Month,Electronic Check,No,No,Yes,89.87,3295.29,3,0
CUST_10500,29,Male,19.0,Month-to-Month,Bank Transfer,Fiber Optic,Yes,Yes,92.83,1726.43,0,0
CUST_10501,70,Male,9.0,Month-to-Month,Mailed Check,Fiber Optic,No,No,52.47,462.17,2,0
CUST_10502,18,Male,4.0,Month-to-Month,Electronic Check,Fiber Optic,No,Yes,19.03,42.32,2,1
CUST_10503,18,Male,52.0,One-Year,Credit Card,No,No,Yes,60.73,3150.27,0,0
CUST_10504,64,Female,15.0,Two-Year,Electronic Check,Fiber Optic,No,Yes,69.52,1025.03,3,0
CUST_10505,51,Male,51.0,Month-to-Month,Bank Transfer,DSL,No,Yes,66.45,3347.79,1,0
CUST_10506,49,Male,21.0,Month-to-Month,Bank Transfer,No,No,No,33.51,682.41,0,0
CUST_10507,65,Female,27.0,Two-Year,Credit Card,DSL,Yes,Yes,95.66,2584.36,0,0
CUST_10508,42,Male,39.0,Month-to-Month,Mailed Check,Fiber Optic,No,Yes,27.79,1055.39,2,1
CUST_10509,57,Male,26.0,Two-Year,Bank Transfer,No,Yes,Yes,50.02,1288.91,2,0
CUST_10510,62,Female,12.0,Month-to-Month,Electronic Check,No,Yes,Yes,44.56,560.51,5,0
CUST_10511,70,Male,17.0,One-Year,Bank Transfer,Fiber Optic,Yes,Yes,43.5,715.91,1,0
CUST_10512,18,Male,39.0,One-Year,Mailed Check,DSL,,No,21.35,803.77,2,0
CUST_10513,33,Male,11.0,One-Year,Mailed Check,No,No,Yes,66.21,730.91,3,0
CUST_10514,56,Male,12.0,Two-Year,Credit Card,No,No,Yes,93.29,1153.34,1,1
CUST_10515,22,Female,2.0,Month-to-Month,Electronic Check,Fiber Optic,No,No,61.71,135.4,2,1
CUST_10516,39,Female,59.0,Month-to-Month,Credit Card,No,No,Yes,44.85,2625.01,4,0
CUST_10517,46,Male,2.0,Month-to-Month,Credit Card,Fiber Optic,No,Yes,93.19,165.14,5,1
CUST_10518,20,Female,25.0,Two-Year,Mailed Check,Fiber Optic,Yes,No,81.79,2029.11,1,0
CUST_10519,29,Female,13.0,Month-to-Month,Mailed Check,Fiber Optic,Yes,Yes,48.11,614.57,2,0
CUST_10520,43,Male,12.0,Two-Year,Mailed Check,Fiber Optic,No,Yes,71.45,931.3,3,0
CUST_10521,33,Female,27.0,Month-to-Month,Credit Card,DSL,No,Yes,,2340.43,1,0
CUST_10522,68,Male,2.0,Month-to-Month,Electronic Check,DSL,No,Yes,46.92,147.48,1,0
CUST_10523,54,Male,22.0,One-Year,Bank Transfer,Fiber Optic,No,Yes,67.43,1508.05,2,0
CUST_10524,39,Male,35.0,Month-to-Month,Bank Transfer,Fiber Optic,No,No,57.23,1927.1,0,0
CUST_10525,46,Male,42.0,Month-to-Month,Credit Card,Fiber Optic,Yes,Yes,41.15,1712.91,2,0
CUST_10526,31,Male,4.0,Month-to-Month,Bank Transfer,No,Yes,No,68.32,271.1,0,0
CUST_10527,45,Female,55.0,Month-to-Month,Bank Transfer,No,No,No,73.65,4055.63,3,0
CUST_10528,22,Male,26.0,One-Year,Electronic Check,Fiber Optic,Yes,No,65.88,1714.79,2,0
CUST_10529,64,Male,51.0,One-Year,Mailed Check,No,No,Yes,48.68,2430.91,2,0
CUST_10530,66,Male,16.0,Month-to-Month,Electronic Check,Fiber Optic,No,Yes,107.02,1659.39,0,1
CUST_10531,47,Female,19.0,Month-to-Month,Credit Card,DSL,No,Yes,55.21,1047.56,0,0
CUST_10532,63,Female,60.0,Month-to-Month,Bank Transfer,No,No,No,76.17,4557.93,2,1
CUST_10533,69,Female,,Month-to-Month,Bank Transfer,Fiber Optic,No,Yes,81.15,4501.36,6,1
CUST_10534,22,Female,14.0,Two-Year,Bank Transfer,DSL,No,No,18.0,252.07,2,0
CUST_10535,29,Female,8.0,Two-Year,Mailed Check,Fiber Optic,Yes,Yes,81.59,675.71,1,0
CUST_10536,33,Male,,Month-to-Month,Electronic Check,Fiber Optic,No,No,65.18,801.57,0,1
CUST_10537,43,Female,12.0,Month-to-Month,Electronic Check,DSL,No,Yes,59.74,714.73,1,1
CUST_10538,43,Female,8.0,Two-Year,Electronic Check,No,No,No,62.54,533.37,2,0
CUST_10539,65,Female,8.0,Month-to-Month,Bank Transfer,DSL,No,Yes,76.66,599.28,0,1
CUST_10540,38,Female,47.0,Month-to-Month,Electronic Check,No,Yes,No,19.35,907.8,2,0
CUST_10541,56,Male,2.0,One-Year,Bank Transfer,No,No,Yes,65.64,133.27,2,0
CUST_10542,53,Male,,Month-to-Month,Bank Transfer,Fiber Optic,,No,73.62,1962.31,5,0
CUST_10543,50,Male,5.0,Month-to-Month,Mailed Check,Fiber Optic,No,No,108.22,506.24,2,1
CUST_10544,47,Female,10.0,Two-Year,Electronic Check,DSL,No,Yes,38.0,341.29,2,0
CUST_10545,54,Male,2.0,One-Year,Electronic Check,DSL,No,Yes,73.87,116.3,1,1
CUST_10546,40,Male,8.0,Month-to-Month,Electronic Check,Fiber Optic,Yes,Yes,55.32,438.43,1,1
CUST_10547,27,Female,35.0,Month-to-Month,Bank Transfer,No,Yes,Yes,74.69,2623.31,0,0
CUST_10548,22,Male,52.0,Month-to-Month,Electronic Check,DSL,No,No,82.33,4243.36,0,1
CUST_10549,53,Female,6.0,One-Year,Credit Card,Fiber Optic,No,Yes,50.3,303.4,1,0
CUST_10550,51,Male,15.0,Month-to-Month,Bank Transfer,DSL,No,Yes,104.1,1553.8,3,0
CUST_10551,69,Male,15.0,Month-to-Month,Electronic Check,Fiber Optic,No,No,91.43,1399.27,1,1
CUST_10552,48,Male,50.0,Two-Year,Bank Transfer,DSL,No,Yes,80.76,4022.84,2,0
CUST_10553,27,Female,35.0,Month-to-Month,Bank Transfer,No,No,No,57.86,2072.64,1,0
CUST_10554,36,Male,17.0,Month-to-Month,Bank Transfer,No,No,Yes,53.91,939.32,0,1
CUST_10555,49,Male,27.0,Month-to-Month,Electronic Check,Fiber Optic,Yes,Yes,73.79,1982.34,3,1
CUST_10556,18,Female,45.0,Month-to-Month,Electronic Check,DSL,No,Yes,57.12,2553.95,2,0
CUST_10557,22,Male,1.0,Month-to-Month,Electronic Check,DSL,No,Yes,54.53,81.1,3,1
CUST_10558,62,Female,12.0,Two-Year,Mailed Check,Fiber Optic,Yes,Yes,103.3,1229.57,2,1
CUST_10559,21,Female,57.0,Two-Year,Bank Transfer,Fiber Optic,No,Yes,75.95,4330.29,1,0
CUST_10560,33,Male,32.0,Month-to-Month,Bank Transfer,DSL,No,Yes,81.47,2591.71,2,1
CUST_10561,41,Female,19.0,Month-to-Month,Credit Card,DSL,Yes,Yes,102.53,1931.37,1,0
CUST_10562,33,Male,18.0,One-Year,Electronic Check,Fiber Optic,Yes,Yes,66.66,1163.18,2,0
CUST_10563,19,Female,10.0,Month-to-Month,Electronic Check,Fiber Optic,No,Yes,52.35,564.56,0,0
CUST_10564,66,Male,18.0,Month-to-Month,Bank Transfer,Fiber Optic,No,No,43.6,772.95,1,0
CUST_10565,45,Female,26.0,Two-Year,Electronic Check,Fiber Optic,No,No,92.09,2398.38,2,0
CUST_10566,49,Male,13.0,Month-to-Month,Electronic Check,DSL,No,No,57.54,762.75,3,1
CUST_10567,44,Female,30.0,Month-to-Month,Mailed Check,Fiber Optic,Yes,No,18.0,580.71,1,0
CUST_10568,37,Male,47.0,Month-to-Month,Electronic Check,Fiber Optic,Yes,No,18.0,829.23,3,0
CUST_10569,41,Male,4.0,Month-to-Month,Bank Transfer,No,Yes,Yes,35.49,72.87,0,0
CUST_10570,29,Male,14.0,Month-to-Month,Electronic Check,Fiber Optic,No,Yes,57.49,807.59,3,1
CUST_10571,67,Male,13.0,Month-to-Month,Bank Transfer,DSL,No,Yes,60.47,801.08,3,0
CUST_10572,52,Female,28.0,Month-to-Month,Credit Card,No,Yes,No,75.52,2098.33,1,0
CUST_10573,50,Male,7.0,One-Year,Electronic Check,DSL,No,No,42.26,312.27,3,1
CUST_10574,50,Female,25.0,Month-to-Month,Credit Card,DSL,No,Yes,69.37,1734.27,0,0
CUST_10575,68,Female,50.0,Month-to-Month,Mailed Check,Fiber Optic,Yes,Yes,82.68,4123.46,2,0
CUST_10576,60,Female,13.0,One-Year,Credit Card,Fiber Optic,No,No,62.12,847.35,3,1
CUST_10577,54,Male,58.0,Two-Year,Electronic Check,DSL,No,Yes,55.71,3221.56,0,0
CUST_10578,29,Male,72.0,Month-to-Month,Bank Transfer,DSL,Yes,Yes,47.67,3481.95,5,0
CUST_10579,20,Female,3.0,Month-to-Month,Mailed Check,Fiber Optic,No,Yes,87.92,264.75,2,0
CUST_10580,18,Male,6.0,Month-to-Month,Bank Transfer,DSL,Yes,No,37.6,200.65,2,1
CUST_10581,50,Male,72.0,One-Year,Bank Transfer,No,Yes,Yes,96.54,6893.71,1,0
CUST_10582,57,Female,72.0,Month-to-Month,Mailed Check,Fiber Optic,Yes,Yes,64.55,4683.32,2,0
CUST_10583,27,Female,2.0,Month-to-Month,Credit Card,DSL,No,Yes,44.23,117.1,1,0
CUST_10584,60,Female,1.0,Month-to-Month,Mailed Check,DSL,No,Yes,81.82,105.69,2,1
CUST_10585,61,Male,4.0,Month-to-Month,Electronic Check,No,No,Yes,75.16,339.18,4,1
CUST_10586,46,Female,72.0,Month-to-Month,Bank Transfer,No,No,Yes,73.31,5332.23,4,0
CUST_10587,30,Male,5.0,Month-to-Month,Bank Transfer,DSL,No,Yes,79.08,331.22,1,0
CUST_10588,29,Male,17.0,Two-Year,Mailed Check,Fiber Optic,No,Yes,68.24,1106.98,5,0
CUST_10589,48,Female,45.0,One-Year,Mailed Check,Fiber Optic,No,Yes,74.18,3329.67,3,0
CUST_10590,63,Male,1.0,Month-to-Month,Credit Card,Fiber Optic,No,Yes,92.21,121.57,0,1
CUST_10591,19,Male,22.0,Month-to-Month,Bank Transfer,DSL,Yes,No,69.05,1527.76,5,0
CUST_10592,68,Male,8.0,Month-to-Month,Electronic Check,DSL,No,Yes,81.39,659.85,0,1
CUST_10593,67,Female,48.0,Month-to-Month,Electronic Check,No,No,Yes,21.01,995.12,3,0
CUST_10594,52,Female,8.0,Two-Year,Credit Card,DSL,No,No,71.49,546.53,2,0
CUST_10595,40,Female,28.0,Two-Year,Bank Transfer,DSL,Yes,Yes,115.46,3229.96,0,0
CUST_10596,34,Female,27.0,Month-to-Month,Credit Card,DSL,No,Yes,29.26,782.39,1,0
CUST_10597,43,Male,6.0,Month-to-Month,Electronic Check,Fiber Optic,No,Yes,105.01,616.58,2,1
CUST_10598,25,Male,1.0,Month-to-Month,Bank Transfer,DSL,No,No,79.42,98.29,1,1
CUST_10599,46,Male,13.0,One-Year,Bank Transfer,DSL,Yes,No,31.06,403.48,2,0
CUST_10600,43,Male,8.0,One-Year,Electronic Check,No,Yes,Yes,65.81,539.75,1,0
CUST_10601,27,Male,40.0,Two-Year,Bank Transfer,Fiber Optic,No,No,73.04,2918.25,0,0
CUST_10602,43,Female,39.0,One-Year,Bank Transfer,No,No,Yes,83.23,3266.56,0,0
CUST_10603,51,Male,15.0,Month-to-Month,Mailed Check,DSL,No,No,56.29,811.22,1,0
CUST_10604,68,Male,22.0,One-Year,Credit Card,Fiber Optic,No,Yes,78.92,1693.81,3,0
CUST_10605,58,Male,22.0,One-Year,Credit Card,Fiber Optic,Yes,No,92.71,2029.52,6,1
CUST_10606,24,Male,42.0,Month-to-Month,Credit Card,Fiber Optic,No,Yes,82.73,3497.6,1,0
CUST_10607,21,Female,13.0,Month-to-Month,Credit Card,DSL,No,Yes,88.86,1144.31,2,1
CUST_10608,70,Male,8.0,One-Year,Mailed Check,Fiber Optic,No,Yes,56.09,509.74,0,0
CUST_10609,67,Male,7.0,One-Year,Mailed Check,Fiber Optic,,No,78.71,520.4,2,1
CUST_10610,62,Female,18.0,One-Year,Credit Card,No,No,No,111.0,1992.19,2,0
CUST_10611,28,Male,14.0,One-Year,Mailed Check,DSL,No,Yes,43.4,552.51,3,0
CUST_10612,46,Male,14.0,One-Year,Electronic Check,DSL,No,No,73.44,1072.5,2,0
CUST_10613,53,Male,2.0,One-Year,Mailed Check,Fiber Optic,No,No,42.7,81.79,0,0
CUST_10614,42,Female,30.0,Month-to-Month,Electronic Check,DSL,No,No,90.09,2632.08,1,0
CUST_10615,38,Female,6.0,One-Year,Bank Transfer,Fiber Optic,Yes,Yes,25.46,143.29,3,0
CUST_10616,53,Female,5.0,Month-to-Month,Electronic Check,No,No,Yes,53.64,191.01,0,1
CUST_10617,27,Male,13.0,Month-to-Month,Electronic Check,Fiber Optic,,Yes,111.14,1481.4,2,1
CUST_10618,54,Female,6.0,Month-to-Month,Credit Card,DSL,No,Yes,55.11,303.33,1,0
CUST_10619,26,Male,21.0,One-Year,Bank Transfer,DSL,No,No,63.78,1340.6,3,0
CUST_10620,41,Male,11.0,One-Year,Bank Transfer,DSL,No,No,89.93,967.01,2,0
CUST_10621,52,Male,14.0,Two-Year,Bank Transfer,No,No,No,62.23,865.22,4,0
CUST_10622,66,Male,18.0,Month-to-Month,Credit Card,Fiber Optic,Yes,Yes,24.35,462.4,0,0
CUST_10623,52,Female,5.0,Month-to-Month,Bank Transfer,Fiber Optic,No,No,43.6,205.84,3,0
CUST_10624,65,Female,4.0,Month-to-Month,Bank Transfer,DSL,Yes,Yes,91.36,382.16,2,0
CUST_10625,53,Female,51.0,Month-to-Month,Credit Card,DSL,No,No,94.43,4731.53,0,1
CUST_10626,35,Female,14.0,One-Year,Electronic Check,Fiber Optic,No,Yes,24.86,309.85,0,0
CUST_10627,66,Female,13.0,Month-to-Month,Credit Card,Fiber Optic,Yes,No,46.01,599.7,1,0
CUST_10628,56,Male,1.0,One-Year,Mailed Check,DSL,No,No,51.55,29.99,3,0
CUST_10629,49,Male,17.0,One-Year,Mailed Check,No,No,No,57.39,1010.85,3,0
CUST_10630,41,Female,19.0,Month-to-Month,Electronic Check,DSL,No,Yes,46.42,907.09,1,1
CUST_10631,40,Male,20.0,Two-Year,Mailed Check,No,Yes,Yes,67.12,1383.3,2,0
CUST_10632,49,Female,29.0,Month-to-Month,Bank Transfer,DSL,No,Yes,53.54,1555.62,0,0
CUST_10633,54,Male,5.0,Month-to-Month,Credit Card,Fiber Optic,No,Yes,56.43,259.85,1,1
CUST_10634,29,Male,7.0,Two-Year,Credit Card,Fiber Optic,Yes,No,42.34,314.75,3,0
CUST_10635,66,Male,40.0,Two-Year,Credit Card,DSL,No,No,80.68,3195.56,2,0
CUST_10636,30,Male,71.0,Month-to-Month,Electronic Check,DSL,Yes,Yes,37.26,2636.75,2,0
CUST_10637,40,Male,4.0,Month-to-Month,Credit Card,DSL,Yes,Yes,72.63,302.76,1,0
CUST_10638,42,Female,17.0,Month-to-Month,Mailed Check,DSL,No,No,85.07,1425.03,1,0
CUST_10639,52,Male,6.0,Month-to-Month,Credit Card,No,Yes,Yes,104.82,700.58,3,1
CUST_10640,58,Female,1.0,Two-Year,Electronic Check,DSL,No,Yes,75.01,96.63,1,0
CUST_10641,47,Male,9.0,One-Year,Mailed Check,Fiber Optic,No,No,69.52,598.1,1,0
CUST_10642,34,Male,4.0,Month-to-Month,Credit Card,Fiber Optic,No,No,31.19,153.5,1,0
CUST_10643,66,Male,30.0,Two-Year,Credit Card,DSL,Yes,Yes,94.45,2882.49,5,0
CUST_10644,37,Female,18.0,Month-to-Month,Bank Transfer,No,No,Yes,67.86,1176.24,1,0
CUST_10645,65,Male,,Month-to-Month,Bank Transfer,Fiber Optic,Yes,Yes,71.19,323.15,2,1
CUST_10646,42,Female,1.0,Two-Year,Electronic Check,No,No,Yes,72.91,35.05,2,0
CUST_10647,39,Male,40.0,Two-Year,Bank Transfer,No,No,Yes,67.28,2690.94,3,0
CUST_10648,30,Female,5.0,Two-Year,Bank Transfer,DSL,No,Yes,65.16,331.05,0,1
CUST_10649,36,Male,22.0,Month-to-Month,Electronic Check,Fiber Optic,No,No,57.71,1249.85,4,0
CUST_10650,66,Female,10.0,One-Year,Electronic Check,Fiber Optic,,No,79.54,775.54,5,1
CUST_10651,53,Female,21.0,Month-to-Month,Electronic Check,Fiber Optic,Yes,No,34.99,709.11,3,0
CUST_10652,29,Female,9.0,One-Year,Bank Transfer,Fiber Optic,No,Yes,34.57,294.92,4,0
CUST_10653,58,Male,2.0,Two-Year,Electronic Check,DSL,No,Yes,48.06,66.3,0,0
CUST_10654,36,Male,6.0,Month-to-Month,Mailed Check,Fiber Optic,No,No,89.97,573.21,4,1
CUST_10655,29,Male,5.0,One-Year,Mailed Check,DSL,Yes,No,73.91,325.44,3,0
CUST_10656,26,Female,13.0,Month-to-Month,Bank Transfer,Fiber Optic,Yes,No,52.31,733.97,1,0
CUST_10657,24,Female,26.0,Month-to-Month,Bank Transfer,Fiber Optic,Yes,No,48.99,1269.73,3,0
CUST_10658,45,Female,7.0,One-Year,Bank Transfer,DSL,Yes,No,63.41,381.03,2,0
CUST_10659,31,Male,1.0,Month-to-Month,Mailed Check,No,No,Yes,73.01,96.19,2,1
CUST_10660,48,Male,18.0,One-Year,Mailed Check,DSL,No,Yes,92.22,1648.31,2,0
CUST_10661,69,Male,22.0,Month-to-Month,Mailed Check,DSL,Yes,Yes,106.06,2297.54,2,1
CUST_10662,36,Female,72.0,Two-Year,Credit Card,DSL,No,No,62.48,4488.32,2,0
CUST_10663,64,Female,21.0,Month-to-Month,Electronic Check,DSL,No,Yes,109.04,2266.61,1,0
CUST_10664,33,Female,15.0,Month-to-Month,Electronic Check,No,No,No,66.59,1037.47,1,1
CUST_10665,70,Male,20.0,Month-to-Month,Bank Transfer,Fiber Optic,No,Yes,71.05,1397.58,1,0
CUST_10666,22,Female,63.0,Two-Year,Mailed Check,No,Yes,No,84.58,5288.81,1,0
CUST_10667,52,Female,42.0,One-Year,Credit Card,Fiber Optic,Yes,Yes,87.48,3652.89,2,0
CUST_10668,29,Male,9.0,One-Year,Electronic Check,No,No,Yes,96.51,838.81,4,0
CUST_10669,42,Female,6.0,Month-to-Month,Bank Transfer,Fiber Optic,Yes,No,39.29,268.06,1,0
CUST_10670,69,Female,7.0,Month-to-Month,Electronic Check,No,Yes,Yes,67.44,478.12,3,1
CUST_10671,38,Female,17.0,Month-to-Month,Mailed Check,No,No,Yes,90.1,1487.7,2,1
CUST_10672,53,Female,33.0,One-Year,Electronic Check,Fiber Optic,Yes,Yes,43.64,1408.44,0,0
CUST_10673,70,Male,17.0,Month-to-Month,Credit Card,No,No,No,27.56,455.16,1,0
CUST_10674,40,Male,2.0,Two-Year,Credit Card,Fiber Optic,No,No,35.28,15.28,0,0
CUST_10675,33,Female,31.0,One-Year,Mailed Check,Fiber Optic,No,No,,1906.44,4,0
CUST_10676,56,Male,39.0,Month-to-Month,Credit Card,Fiber Optic,No,No,105.43,4121.5,3,0
CUST_10677,62,Female,8.0,Month-to-Month,Bank Transfer,No,Yes,No,34.83,333.08,2,0
CUST_10678,70,Female,26.0,One-Year,Credit Card,DSL,No,Yes,41.68,1028.55,2,0
CUST_10679,59,Female,13.0,Month-to-Month,Credit Card,DSL,No,Yes,54.93,795.89,3,0
CUST_10680,56,Female,,Month-to-Month,Electronic Check,DSL,No,Yes,45.13,2403.14,0,1
CUST_10681,31,Male,45.0,Month-to-Month,Bank Transfer,No,Yes,Yes,41.51,1833.92,2,0
CUST_10682,48,Male,18.0,One-Year,Mailed Check,DSL,No,No,24.23,481.96,1,0
CUST_10683,22,Male,28.0,One-Year,Electronic Check,Fiber Optic,No,Yes,54.44,1536.87,0,0
CUST_10684,52,Male,52.0,Month-to-Month,Electronic Check,Fiber Optic,Yes,Yes,104.2,5443.78,1,0
CUST_10685,40,Male,16.0,Month-to-Month,Credit Card,Fiber Optic,Yes,Yes,76.1,1242.36,2,0
CUST_10686,46,Male,9.0,Month-to-Month,Credit Card,DSL,Yes,Yes,88.53,829.03,4,0
CUST_10687,60,Female,34.0,One-Year,Bank Transfer,Fiber Optic,No,No,52.9,1761.07,2,0
CUST_10688,28,Female,6.0,Month-to-Month,Credit Card,Fiber Optic,Yes,Yes,48.15,313.11,2,0
CUST_10689,35,Male,12.0,Month-to-Month,Credit Card,No,No,No,75.43,906.76,2,0
CUST_10690,64,Male,48.0,Two-Year,Electronic Check,Fiber Optic,No,Yes,66.68,3218.07,4,0
CUST_10691,29,Female,31.0,Two-Year,Electronic Check,DSL,No,No,63.89,1960.33,2,0
CUST_10692,26,Male,12.0,Two-Year,Electronic Check,Fiber Optic,No,Yes,98.55,1163.19,2,1
CUST_10693,27,Male,6.0,Two-Year,Electronic Check,Fiber Optic,No,Yes,48.9,276.02,1,0
CUST_10694,61,Male,11.0,Month-to-Month,Electronic Check,Fiber Optic,No,No,46.13,529.37,3,0
CUST_10695,34,Female,8.0,Month-to-Month,Mailed Check,Fiber Optic,No,Yes,82.03,653.71,4,1
CUST_10696,55,Male,5.0,Month-to-Month,Credit Card,No,No,Yes,79.34,380.52,2,1
CUST_10697,24,Female,33.0,Month-to-Month,Credit Card,Fiber Optic,,Yes,44.12,1445.84,1,0
CUST_10698,63,Male,7.0,Two-Year,Bank Transfer,Fiber Optic,Yes,Yes,66.58,503.58,1,0
CUST_10699,30,Female,15.0,One-Year,Credit Card,DSL,Yes,No,29.13,451.77,3,0
CUST_10700,57,Male,12.0,One-Year,Mailed Check,DSL,No,Yes,70.96,865.27,2,0
CUST_10701,59,Male,72.0,Month-to-Month,Credit Card,DSL,Yes,No,55.63,4013.35,0,0
CUST_10702,26,Female,12.0,Two-Year,Mailed Check,No,No,Yes,60.08,753.11,5,0
CUST_10703,67,Female,2.0,Two-Year,Electronic Check,DSL,No,Yes,42.2,52.67,4,1
CUST_10704,44,Female,2.0,Month-to-Month,Credit Card,Fiber Optic,Yes,Yes,88.9,204.38,1,0
CUST_10705,19,Female,21.0,Two-Year,Mailed Check,No,,No,70.25,1477.54,3,0
CUST_10706,22,Female,22.0,Month-to-Month,Mailed Check,DSL,No,Yes,84.87,1839.15,0,0
CUST_10707,46,Female,13.0,Month-to-Month,Electronic Check,Fiber Optic,No,No,62.9,817.12,0,0
CUST_10708,54,Female,14.0,One-Year,Bank Transfer,Fiber Optic,No,Yes,88.79,1234.82,1,0
CUST_10709,55,Male,1.0,One-Year,Credit Card,Fiber Optic,No,No,27.64,37.88,3,0
CUST_10710,36,Male,17.0,Month-to-Month,Electronic Check,Fiber Optic,Yes,No,65.12,1134.06,1,1
CUST_10711,25,Male,17.0,Month-to-Month,Credit Card,Fiber Optic,Yes,Yes,88.9,1477.41,0,0
CUST_10712,65,Female,4.0,Two-Year,Electronic Check,Fiber Optic,No,No,25.38,153.05,6,0
CUST_10713,62,Male,3.0,One-Year,Mailed Check,No,No,Yes,67.58,152.32,1,1
CUST_10714,18,Male,3.0,One-Year,Electronic Check,No,Yes,Yes,76.54,207.41,1,0
CUST_10715,39,Female,3.0,Month-to-Month,Bank Transfer,DSL,Yes,Yes,57.31,231.06,1,0
CUST_10716,69,Female,23.0,Month-to-Month,Electronic Check,No,No,No,84.89,1907.92,0,1
CUST_10717,34,Female,5.0,Month-to-Month,Bank Transfer,Fiber Optic,Yes,Yes,85.09,407.7,1,0
CUST_10718,24,Male,7.0,Month-to-Month,Electronic Check,No,No,Yes,52.64,345.13,3,0
CUST_10719,42,Female,5.0,Month-to-Month,Electronic Check,DSL,No,No,57.26,213.71,0,0
CUST_10720,62,Male,72.0,Month-to-Month,Bank Transfer,Fiber Optic,Yes,Yes,41.77,3004.13,0,0
CUST_10721,21,Male,46.0,One-Year,Electronic Check,Fiber Optic,No,Yes,71.35,3295.42,2,0
CUST_10722,53,Male,6.0,Month-to-Month,Electronic Check,Fiber Optic,Yes,No,69.05,427.53,1,1
CUST_10723,23,Male,10.0,Two-Year,Electronic Check,Fiber Optic,No,Yes,65.05,632.65,0,0
CUST_10724,48,Male,6.0,Month-to-Month,Bank Transfer,Fiber Optic,No,Yes,67.01,342.57,1,0
CUST_10725,36,Female,16.0,Month-to-Month,Bank Transfer,Fiber Optic,No,No,47.86,744.67,1,0
CUST_10726,61,Male,1.0,Month-to-Month,Electronic Check,Fiber Optic,No,Yes,36.42,9.14,3,0
CUST_10727,56,Female,27.0,Month-to-Month,Electronic Check,Fiber Optic,Yes,Yes,73.88,2002.17,1,1
CUST_10728,44,Female,18.0,Month-to-Month,Mailed Check,No,No,Yes,61.04,1081.36,4,1
CUST_10729,27,Male,55.0,Two-Year,Electronic Check,Fiber Optic,No,No,44.38,2452.57,2,0
CUST_10730,43,Male,4.0,One-Year,Credit Card,Fiber Optic,Yes,Yes,50.5,143.61,5,0
CUST_10731,36,Male,39.0,Month-to-Month,Bank Transfer,DSL,,Yes,83.37,3269.66,2,1
CUST_10732,56,Female,38.0,Month-to-Month,Bank Transfer,No,Yes,Yes,82.23,3139.28,4,0
CUST_10733,20,Male,3.0,One-Year,Electronic Check,Fiber Optic,Yes,Yes,78.26,200.87,4,0
CUST_10734,62,Male,12.0,One-Year,Bank Transfer,No,No,No,64.17,747.5,4,0
CUST_10735,30,Male,4.0,Month-to-Month,Credit Card,Fiber Optic,Yes,Yes,51.36,194.74,2,0
CUST_10736,67,Female,7.0,One-Year,Bank Transfer,Fiber Optic,No,No,91.45,671.57,2,0
CUST_10737,45,Female,7.0,Two-Year,Bank Transfer,Fiber Optic,Yes,Yes,58.53,399.86,0,0
CUST_10738,37,Male,19.0,One-Year,Bank Transfer,DSL,Yes,Yes,70.41,1346.84,1,1
CUST_10739,45,Female,13.0,Two-Year,Bank Transfer,Fiber Optic,Yes,Yes,47.99,622.79,4,0
CUST_10740,25,Female,71.0,Two-Year,Electronic Check,DSL,Yes,Yes,60.23,4302.66,3,0
CUST_10741,58,Female,3.0,Two-Year,Bank Transfer,Fiber Optic,,Yes,18.0,58.06,1,0
CUST_10742,56,Female,72.0,Month-to-Month,Electronic Check,DSL,No,No,52.42,3736.02,1,0
CUST_10743,18,Female,6.0,One-Year,Bank Transfer,Fiber Optic,Yes,No,34.53,198.44,3,0
CUST_10744,20,Female,36.0,One-Year,Credit Card,DSL,No,Yes,69.34,2525.45,3,0
CUST_10745,30,Female,10.0,One-Year,Credit Card,DSL,No,No,53.08,539.72,1,0
CUST_10746,45,Male,4.0,Two-Year,Mailed Check,DSL,No,No,58.97,198.38,1,0
CUST_10747,66,Male,47.0,Month-to-Month,Electronic Check,Fiber Optic,No,Yes,107.61,5110.21,1,0
CUST_10748,42,Male,9.0,Month-to-Month,Electronic Check,No,No,Yes,44.57,382.18,2,0
CUST_10749,50,Female,26.0,Month-to-Month,Bank Transfer,DSL,No,No,67.44,1780.58,0,0
CUST_10750,55,Female,20.0,Month-to-Month,Credit Card,Fiber Optic,No,Yes,69.39,1429.57,5,1
CUST_10751,70,Male,15.0,Month-to-Month,Bank Transfer,No,Yes,No,46.0,721.21,2,0
CUST_10752,23,Female,16.0,One-Year,Electronic Check,DSL,No,No,87.07,1366.16,3,1
CUST_10753,61,Male,32.0,Month-to-Month,Credit Card,DSL,No,Yes,97.93,3166.09,1,1
CUST_10754,62,Male,2.0,One-Year,Credit Card,Fiber Optic,,No,88.99,184.83,0,0
CUST_10755,49,Female,26.0,One-Year,Mailed Check,DSL,No,Yes,45.92,1154.02,3,0
CUST_10756,62,Male,54.0,Month-to-Month,Bank Transfer,Fiber Optic,No,Yes,50.94,2748.02,0,0
CUST_10757,64,Male,1.0,Month-to-Month,Bank Transfer,Fiber Optic,No,Yes,24.46,0.0,1,0
CUST_10758,38,Female,4.0,One-Year,Bank Transfer,Fiber Optic,No,Yes,61.37,257.1,3,0
CUST_10759,33,Female,30.0,One-Year,Credit Card,DSL,No,Yes,62.8,1907.55,2,0
CUST_10760,38,Male,14.0,Two-Year,Electronic Check,Fiber Optic,No,Yes,80.59,1161.93,1,0
CUST_10761,28,Female,12.0,Two-Year,Bank Transfer,No,Yes,No,100.27,1200.86,1,0
CUST_10762,54,Female,4.0,Two-Year,Bank Transfer,Fiber Optic,Yes,Yes,39.82,131.67,4,0
CUST_10763,53,Male,17.0,One-Year,Credit Card,Fiber Optic,No,Yes,67.77,1115.9,7,0
CUST_10764,52,Male,3.0,Two-Year,Credit Card,DSL,Yes,Yes,60.48,201.69,1,0
CUST_10765,36,Female,16.0,Two-Year,Credit Card,DSL,No,Yes,61.97,1020.64,1,0
CUST_10766,37,Male,35.0,Two-Year,Mailed Check,Fiber Optic,No,Yes,96.29,3386.49,0,0
CUST_10767,35,Female,7.0,Month-to-Month,Credit Card,Fiber Optic,No,No,66.91,442.66,3,0
CUST_10768,64,Female,16.0,Two-Year,Mailed Check,Fiber Optic,No,Yes,76.0,1196.74,0,0
CUST_10769,58,Female,72.0,Month-to-Month,Mailed Check,DSL,No,No,74.48,5345.33,1,0
CUST_10770,66,Male,28.0,One-Year,Electronic Check,Fiber Optic,No,Yes,69.36,1896.95,4,1
CUST_10771,31,Female,44.0,Month-to-Month,Credit Card,DSL,No,No,49.66,2200.1,2,1
CUST_10772,32,Male,13.0,Month-to-Month,Credit Card,DSL,No,Yes,102.43,1327.26,2,1
CUST_10773,48,Male,35.0,Month-to-Month,Electronic Check,Fiber Optic,No,Yes,64.32,2294.09,5,1
CUST_10774,18,Male,1.0,Month-to-Month,Electronic Check,Fiber Optic,No,No,75.62,46.4,4,1
CUST_10775,70,Male,3.0,Month-to-Month,Credit Card,Fiber Optic,No,Yes,70.08,205.81,0,1
CUST_10776,20,Female,5.0,Two-Year,Bank Transfer,Fiber Optic,No,No,22.77,76.42,1,0
CUST_10777,33,Male,12.0,Month-to-Month,Credit Card,DSL,Yes,No,44.16,518.45,0,1
CUST_10778,40,Male,45.0,Month-to-Month,Electronic Check,DSL,Yes,Yes,67.28,3051.26,1,0
CUST_10779,28,Female,10.0,Month-to-Month,Electronic Check,DSL,No,No,48.01,481.77,1,0
CUST_10780,29,Male,26.0,One-Year,Mailed Check,Fiber Optic,No,No,73.06,1870.55,4,0
CUST_10781,27,Female,,Month-to-Month,Electronic Check,No,No,Yes,46.8,1359.02,2,1
CUST_10782,49,Male,21.0,Month-to-Month,Electronic Check,Fiber Optic,Yes,Yes,,1362.08,3,1
CUST_10783,33,Female,11.0,Month-to-Month,Electronic Check,Fiber Optic,No,Yes,30.85,345.52,5,1
CUST_10784,25,Female,21.0,One-Year,Electronic Check,DSL,Yes,Yes,81.72,1740.72,2,0
CUST_10785,55,Male,10.0,Month-to-Month,Electronic Check,No,No,Yes,74.02,717.8,1,1
CUST_10786,29,Male,2.0,Month-to-Month,Credit Card,Fiber Optic,No,No,74.95,126.74,1,1
CUST_10787,41,Male,72.0,Month-to-Month,Electronic Check,DSL,No,No,63.19,4613.38,2,0
CUST_10788,45,Female,3.0,Two-Year,Mailed Check,No,Yes,No,51.06,152.46,2,0
CUST_10789,70,Male,2.0,Month-to-Month,Credit Card,DSL,No,No,96.56,221.73,1,1
CUST_10790,25,Male,51.0,One-Year,Bank Transfer,Fiber Optic,No,Yes,98.33,4976.86,2,1
CUST_10791,45,Male,9.0,Month-to-Month,Bank Transfer,No,No,Yes,63.57,581.78,0,0
CUST_10792,53,Male,25.0,Month-to-Month,Bank Transfer,DSL,No,No,53.57,1361.4,4,0
CUST_10793,43,Male,10.0,Month-to-Month,Credit Card,DSL,No,Yes,30.43,306.03,2,0
CUST_10794,25,Female,12.0,Month-to-Month,Credit Card,DSL,Yes,No,69.5,781.78,3,0
CUST_10795,67,Male,7.0,Month-to-Month,Bank Transfer,No,Yes,Yes,51.63,334.17,2,1
CUST_10796,45,Male,10.0,Month-to-Month,Credit Card,Fiber Optic,No,Yes,55.41,565.12,2,0
CUST_10797,45,Female,13.0,Month-to-Month,Mailed Check,Fiber Optic,No,Yes,84.28,1047.7,1,1
CUST_10798,54,Female,31.0,One-Year,Electronic Check,DSL,Yes,Yes,45.75,1494.24,3,0
CUST_10799,58,Male,17.0,Two-Year,Credit Card,Fiber Optic,No,Yes,103.38,1791.65,1,0
CUST_10800,53,Male,69.0,Month-to-Month,Mailed Check,Fiber Optic,No,Yes,44.66,3036.33,2,0
CUST_10801,44,Male,1.0,One-Year,Credit Card,DSL,Yes,Yes,24.06,31.94,2,0
CUST_10802,34,Female,17.0,Two-Year,Electronic Check,Fiber Optic,Yes,Yes,51.84,883.56,1,0
CUST_10803,26,Male,21.0,Two-Year,Mailed Check,DSL,No,Yes,72.14,1547.61,0,0
CUST_10804,50,Female,61.0,Month-to-Month,Credit Card,No,No,Yes,67.73,4056.62,2,0
CUST_10805,70,Female,1.0,One-Year,Electronic Check,Fiber Optic,Yes,No,68.66,73.75,2,0
CUST_10806,37,Female,20.0,Month-to-Month,Credit Card,No,Yes,Yes,59.46,1153.14,4,0
CUST_10807,30,Male,46.0,Month-to-Month,Credit Card,Fiber Optic,No,Yes,54.98,2542.24,4,0
CUST_10808,45,Male,7.0,Month-to-Month,Credit Card,No,Yes,No,40.21,248.84,1,0
CUST_10809,65,Male,50.0,Month-to-Month,Bank Transfer,No,No,No,67.59,3420.57,3,0
CUST_10810,46,Male,1.0,Month-to-Month,Bank Transfer,Fiber Optic,No,Yes,86.14,95.41,1,0
CUST_10811,30,Female,32.0,Month-to-Month,Credit Card,Fiber Optic,No,Yes,65.28,2034.89,1,1
CUST_10812,63,Female,65.0,One-Year,Bank Transfer,Fiber Optic,No,Yes,49.78,3159.15,2,0
CUST_10813,52,Female,26.0,Month-to-Month,Bank Transfer,No,No,Yes,67.92,1780.87,2,0
CUST_10814,23,Female,14.0,Month-to-Month,Credit Card,No,Yes,No,94.28,1299.07,5,0
CUST_10815,35,Male,1.0,Month-to-Month,Bank Transfer,Fiber Optic,No,No,60.92,78.13,2,1
CUST_10816,68,Male,61.0,Month-to-Month,Credit Card,DSL,No,No,40.27,2436.68,1,0
CUST_10817,22,Male,15.0,One-Year,Electronic Check,Fiber Optic,Yes,No,69.4,1077.11,1,0
CUST_10818,64,Female,1.0,Two-Year,Electronic Check,DSL,Yes,Yes,76.79,107.07,3,0
CUST_10819,42,Female,28.0,Month-to-Month,Mailed Check,No,No,No,82.34,2318.48,3,1
CUST_10820,19,Female,16.0,Month-to-Month,Mailed Check,Fiber Optic,Yes,Yes,78.94,1236.06,2,1
CUST_10821,27,Male,3.0,Two-Year,Bank Transfer,No,No,Yes,68.32,187.38,1,0
CUST_10822,47,Male,6.0,Month-to-Month,Electronic Check,No,No,No,48.32,282.15,2,1
CUST_10823,67,Female,2.0,Two-Year,Credit Card,No,No,Yes,45.33,59.17,4,0
CUST_10824,62,Male,20.0,Month-to-Month,Electronic Check,Fiber Optic,No,Yes,58.24,1184.64,2,1
CUST_10825,22,Female,23.0,Month-to-Month,Mailed Check,Fiber Optic,No,No,77.31,1768.36,3,1
CUST_10826,50,Female,17.0,Month-to-Month,Electronic Check,Fiber Optic,Yes,Yes,51.99,878.38,1,0
CUST_10827,18,Female,41.0,Month-to-Month,Bank Transfer,DSL,Yes,Yes,55.19,2247.18,2,0
CUST_10828,35,Male,47.0,Month-to-Month,Electronic Check,DSL,Yes,Yes,47.29,2222.09,2,0
CUST_10829,49,Male,23.0,Two-Year,Electronic Check,Fiber Optic,Yes,No,96.22,2218.32,4,0
CUST_10830,64,Male,1.0,One-Year,Bank Transfer,DSL,No,Yes,60.56,44.12,0,0
CUST_10831,66,Male,29.0,One-Year,Electronic Check,Fiber Optic,No,Yes,78.43,2267.37,3,0
CUST_10832,28,Male,13.0,One-Year,Electronic Check,Fiber Optic,No,Yes,96.61,1241.96,2,1
CUST_10833,38,Female,20.0,Month-to-Month,Bank Transfer,Fiber Optic,No,No,45.97,905.51,3,0
CUST_10834,43,Female,25.0,One-Year,Electronic Check,Fiber Optic,No,No,80.18,2005.12,2,0
CUST_10835,42,Male,10.0,Month-to-Month,Mailed Check,Fiber Optic,No,Yes,63.14,554.67,3,1
CUST_10836,39,Male,60.0,One-Year,Electronic Check,Fiber Optic,No,Yes,93.11,5628.68,1,0
CUST_10837,44,Male,3.0,Month-to-Month,Electronic Check,No,No,Yes,49.15,170.34,3,1
CUST_10838,66,Male,27.0,One-Year,Bank Transfer,DSL,No,Yes,69.29,1875.64,3,0
CUST_10839,30,Female,1.0,Two-Year,Electronic Check,Fiber Optic,Yes,Yes,77.69,102.81,0,1
CUST_10840,50,Male,62.0,Month-to-Month,Credit Card,DSL,No,Yes,51.31,3140.52,2,0
CUST_10841,51,Male,3.0,Month-to-Month,Credit Card,DSL,No,No,60.85,130.15,1,1
CUST_10842,58,Male,2.0,Month-to-Month,Electronic Check,Fiber Optic,No,No,62.19,67.71,3,0
CUST_10843,52,Female,10.0,Month-to-Month,Credit Card,DSL,No,Yes,86.88,881.78,1,0
CUST_10844,18,Female,11.0,One-Year,Electronic Check,DSL,No,Yes,109.36,1207.2,3,0
CUST_10845,38,Male,6.0,Two-Year,Electronic Check,DSL,No,Yes,96.54,590.03,1,0
CUST_10846,65,Female,21.0,Month-to-Month,Electronic Check,DSL,No,Yes,93.76,1997.03,3,0
CUST_10847,23,Female,14.0,Month-to-Month,Mailed Check,DSL,No,Yes,18.0,180.78,1,0
CUST_10848,45,Female,1.0,One-Year,Bank Transfer,Fiber Optic,No,Yes,67.65,31.61,3,0
CUST_10849,34,Male,9.0,Month-to-Month,Electronic Check,No,No,Yes,66.28,576.92,2,1
CUST_10850,22,Female,40.0,Month-to-Month,Credit Card,Fiber Optic,No,Yes,81.01,3260.37,1,0
CUST_10851,48,Female,28.0,Two-Year,Bank Transfer,No,Yes,No,36.18,1017.5,3,0
CUST_10852,22,Female,31.0,One-Year,Mailed Check,Fiber Optic,No,Yes,79.51,2543.82,1,0
CUST_10853,55,Female,29.0,Month-to-Month,Bank Transfer,Fiber Optic,Yes,Yes,23.29,642.62,2,0
CUST_10854,20,Female,9.0,Month-to-Month,Credit Card,DSL,No,Yes,85.55,785.62,2,0
CUST_10855,70,Male,3.0,One-Year,Electronic Check,Fiber Optic,Yes,No,32.03,124.6,1,1
CUST_10856,40,Female,8.0,One-Year,Electronic Check,No,No,Yes,89.5,759.94,2,0
CUST_10857,54,Female,,Two-Year,Mailed Check,Fiber Optic,No,Yes,88.5,3799.35,1,0
CUST_10858,70,Female,72.0,Month-to-Month,Mailed Check,DSL,No,No,58.32,4159.97,5,1
CUST_10859,54,Male,16.0,Two-Year,Mailed Check,Fiber Optic,No,No,73.77,1200.0,2,0
CUST_10860,27,Female,1.0,One-Year,Electronic Check,Fiber Optic,No,No,64.94,73.69,1,0
CUST_10861,27,Female,4.0,One-Year,Bank Transfer,Fiber Optic,,Yes,35.43,158.99,2,0
CUST_10862,36,Male,9.0,One-Year,Bank Transfer,DSL,Yes,No,76.25,726.77,4,0
CUST_10863,34,Female,21.0,Month-to-Month,Bank Transfer,DSL,No,No,88.75,1856.62,2,1
CUST_10864,38,Female,2.0,Two-Year,Electronic Check,DSL,Yes,No,58.55,85.94,1,0
CUST_10865,31,Female,69.0,Month-to-Month,Mailed Check,No,No,Yes,77.77,5383.13,3,0
CUST_10866,26,Male,11.0,Month-to-Month,Mailed Check,DSL,Yes,Yes,47.46,531.3,2,0
CUST_10867,63,Male,58.0,Two-Year,Mailed Check,No,No,No,83.36,4825.36,0,0
CUST_10868,18,Female,36.0,One-Year,Credit Card,Fiber Optic,No,No,65.2,2316.86,0,0
CUST_10869,68,Male,34.0,Two-Year,Mailed Check,Fiber Optic,,No,64.7,2210.06,1,0
CUST_10870,62,Female,22.0,Month-to-Month,Electronic Check,Fiber Optic,No,No,74.38,1662.05,3,0
CUST_10871,30,Male,24.0,Month-to-Month,Mailed Check,Fiber Optic,No,Yes,95.58,2246.18,1,0
CUST_10872,21,Female,24.0,Two-Year,Credit Card,DSL,No,Yes,75.53,1814.04,0,0
CUST_10873,18,Male,24.0,Month-to-Month,Bank Transfer,DSL,No,No,43.35,1058.1,0,0
CUST_10874,66,Female,19.0,Two-Year,Mailed Check,DSL,No,No,50.64,1016.17,0,0
CUST_10875,57,Male,72.0,Month-to-Month,Electronic Check,DSL,No,No,63.56,4578.32,2,0
CUST_10876,49,Male,32.0,Two-Year,Mailed Check,No,No,No,74.92,2444.09,3,0
CUST_10877,51,Male,36.0,Month-to-Month,Bank Transfer,No,Yes,Yes,41.77,1528.87,1,0
CUST_10878,45,Male,,One-Year,Credit Card,Fiber Optic,No,Yes,71.99,3553.27,2,0
CUST_10879,48,Female,6.0,Two-Year,Bank Transfer,Fiber Optic,No,No,82.78,472.51,2,0
CUST_10880,25,Female,2.0,Month-to-Month,Bank Transfer,Fiber Optic,No,Yes,55.0,184.31,1,1
CUST_10881,56,Male,16.0,One-Year,Mailed Check,Fiber Optic,No,No,104.42,1672.59,5,0
CUST_10882,43,Female,17.0,Two-Year,Mailed Check,DSL,Yes,No,50.15,858.66,3,0
CUST_10883,51,Male,42.0,One-Year,Credit Card,DSL,Yes,Yes,69.03,2899.85,3,0
CUST_10884,20,Female,14.0,Two-Year,Mailed Check,Fiber Optic,Yes,No,23.23,362.42,1,1
CUST_10885,67,Female,20.0,Month-to-Month,Credit Card,DSL,No,Yes,58.66,1231.96,2,0
CUST_10886,29,Female,18.0,Month-to-Month,Mailed Check,DSL,No,No,62.02,1136.15,2,1
CUST_10887,18,Male,1.0,Month-to-Month,Electronic Check,Fiber Optic,No,Yes,56.44,44.93,4,1
CUST_10888,61,Female,23.0,Month-to-Month,Bank Transfer,Fiber Optic,No,No,50.26,1206.93,0,0
CUST_10889,22,Male,42.0,Month-to-Month,Electronic Check,No,No,No,54.65,2257.45,1,0
CUST_10890,47,Female,,One-Year,Electronic Check,DSL,No,Yes,77.67,289.81,2,1
CUST_10891,47,Male,22.0,Month-to-Month,Mailed Check,Fiber Optic,No,No,26.63,544.22,5,1
CUST_10892,34,Female,22.0,Month-to-Month,Bank Transfer,Fiber Optic,No,No,27.79,600.37,2,0
CUST_10893,65,Female,4.0,Month-to-Month,Mailed Check,Fiber Optic,No,No,55.17,250.8,2,1
CUST_10894,64,Female,3.0,Two-Year,Electronic Check,Fiber Optic,No,No,62.56,180.99,1,0
CUST_10895,40,Male,72.0,One-Year,Bank Transfer,No,Yes,Yes,49.35,3554.97,1,0
CUST_10896,32,Female,12.0,Month-to-Month,Mailed Check,Fiber Optic,Yes,Yes,66.27,806.17,3,0
CUST_10897,54,Male,6.0,Two-Year,Credit Card,Fiber Optic,No,Yes,77.4,457.54,1,0
CUST_10898,38,Female,5.0,Month-to-Month,Mailed Check,Fiber Optic,No,No,84.58,389.4,3,1
CUST_10899,31,Male,26.0,Two-Year,Bank Transfer,DSL,Yes,Yes,91.46,2328.34,1,0
CUST_10900,19,Male,23.0,One-Year,Electronic Check,Fiber Optic,No,Yes,38.51,924.92,0,1
CUST_10901,28,Female,25.0,Month-to-Month,Bank Transfer,Fiber Optic,No,Yes,49.57,1220.2,3,0
CUST_10902,68,Male,2.0,One-Year,Bank Transfer,DSL,No,Yes,47.46,74.36,0,0
CUST_10903,56,Male,54.0,One-Year,Credit Card,Fiber Optic,No,No,85.22,4557.05,1,0
CUST_10904,55,Male,12.0,Month-to-Month,Electronic Check,Fiber Optic,No,Yes,52.35,624.08,0,0
CUST_10905,51,Male,9.0,Two-Year,Mailed Check,Fiber Optic,Yes,No,71.14,656.54,2,0
CUST_10906,55,Female,15.0,Month-to-Month,Bank Transfer,DSL,Yes,Yes,36.7,539.57,3,0
CUST_10907,67,Female,12.0,Month-to-Month,Electronic Check,No,Yes,No,52.13,636.09,1,0
CUST_10908,51,Male,48.0,Month-to-Month,Mailed Check,Fiber Optic,No,Yes,47.06,2199.59,2,0
CUST_10909,35,Male,64.0,Month-to-Month,Credit Card,Fiber Optic,No,Yes,78.67,5040.0,1,0
CUST_10910,47,Male,9.0,Month-to-Month,Mailed Check,Fiber Optic,No,Yes,40.07,348.36,1,0
CUST_10911,32,Male,48.0,Two-Year,Credit Card,DSL,No,Yes,100.69,4789.92,1,0
CUST_10912,44,Female,37.0,Month-to-Month,Electronic Check,DSL,No,Yes,69.31,2515.92,4,0
CUST_10913,68,Female,64.0,Month-to-Month,Bank Transfer,DSL,,Yes,50.44,3202.38,2,0
CUST_10914,51,Male,7.0,Month-to-Month,Bank Transfer,DSL,Yes,Yes,71.83,466.38,1,1
CUST_10915,69,Male,21.0,Two-Year,Mailed Check,No,No,Yes,48.73,1033.75,1,0
CUST_10916,55,Male,8.0,Two-Year,Credit Card,No,No,No,43.75,363.05,2,0
CUST_10917,50,Female,42.0,One-Year,Electronic Check,DSL,No,Yes,78.97,3321.9,1,0
CUST_10918,41,Female,1.0,Two-Year,Credit Card,DSL,No,No,92.38,103.67,1,0
CUST_10919,32,Male,20.0,One-Year,Bank Transfer,Fiber Optic,No,No,72.62,1405.29,1,0
CUST_10920,47,Male,10.0,Two-Year,Electronic Check,DSL,No,Yes,40.42,419.44,3,0
CUST_10921,59,Female,9.0,One-Year,Credit Card,DSL,,Yes,48.68,458.12,1,0
CUST_10922,68,Female,25.0,Month-to-Month,Mailed Check,DSL,No,Yes,95.58,2397.72,2,1
CUST_10923,34,Male,46.0,Month-to-Month,Credit Card,Fiber Optic,Yes,Yes,80.89,3718.0,2,0
CUST_10924,22,Male,23.0,One-Year,Mailed Check,DSL,Yes,No,42.45,954.08,2,0
CUST_10925,46,Male,46.0,Month-to-Month,Credit Card,DSL,Yes,Yes,50.73,2343.74,4,0
CUST_10926,21,Female,7.0,Month-to-Month,Bank Transfer,DSL,No,Yes,68.75,469.78,2,0
CUST_10927,27,Male,18.0,One-Year,Electronic Check,Fiber Optic,No,Yes,62.12,1145.84,3,0
CUST_10928,34,Male,14.0,Two-Year,Bank Transfer,Fiber Optic,No,No,106.78,1503.24,4,0
CUST_10929,27,Female,1.0,Month-to-Month,Electronic Check,Fiber Optic,No,No,50.37,45.32,2,0
CUST_10930,34,Male,20.0,One-Year,Mailed Check,No,Yes,No,76.99,1529.52,1,0
CUST_10931,37,Female,26.0,One-Year,Electronic Check,DSL,No,No,70.95,1839.94,4,0
CUST_10932,41,Male,22.0,Two-Year,Electronic Check,Fiber Optic,No,Yes,31.81,695.21,2,0
CUST_10933,22,Male,32.0,Two-Year,Electronic Check,Fiber Optic,No,Yes,18.0,573.66,2,0
CUST_10934,51,Female,20.0,One-Year,Mailed Check,DSL,Yes,Yes,57.31,1107.44,2,0
CUST_10935,23,Male,2.0,Month-to-Month,Mailed Check,Fiber Optic,,Yes,73.37,153.9,1,0
CUST_10936,70,Female,3.0,Month-to-Month,Mailed Check,No,Yes,Yes,96.8,295.51,1,1
CUST_10937,19,Female,22.0,Month-to-Month,Electronic Check,DSL,No,Yes,49.35,1050.35,1,0
CUST_10938,30,Male,8.0,One-Year,Bank Transfer,Fiber Optic,No,Yes,74.49,602.83,5,0
CUST_10939,60,Female,2.0,Two-Year,Bank Transfer,DSL,No,Yes,59.2,118.05,1,0
CUST_10940,60,Male,13.0,One-Year,Mailed Check,Fiber Optic,Yes,No,99.55,1269.24,1,1
CUST_10941,65,Female,19.0,Month-to-Month,Credit Card,No,Yes,No,64.2,1237.99,3,0
CUST_10942,28,Male,10.0,One-Year,Bank Transfer,Fiber Optic,Yes,Yes,56.2,602.17,3,0
CUST_10943,68,Female,31.0,Month-to-Month,Bank Transfer,No,No,Yes,68.41,2103.53,0,0
CUST_10944,64,Male,25.0,Month-to-Month,Electronic Check,DSL,No,Yes,68.86,1724.65,1,0
CUST_10945,40,Male,10.0,Month-to-Month,Electronic Check,No,No,No,92.93,966.76,3,0
CUST_10946,33,Female,34.0,Month-to-Month,Credit Card,Fiber Optic,No,No,65.1,2147.63,3,0
CUST_10947,48,Female,25.0,Two-Year,Credit Card,Fiber Optic,Yes,Yes,73.61,1897.04,1,0
CUST_10948,28,Male,24.0,Month-to-Month,Electronic Check,DSL,Yes,Yes,31.92,768.49,2,0
CUST_10949,33,Male,19.0,Month-to-Month,Mailed Check,DSL,Yes,Yes,41.89,818.64,1,0
CUST_10950,25,Female,1.0,Two-Year,Bank Transfer,Fiber Optic,No,Yes,57.47,6.41,2,0
CUST_10951,21,Female,29.0,Month-to-Month,Bank Transfer,Fiber Optic,No,No,67.08,1904.37,5,1
CUST_10952,57,Male,11.0,Month-to-Month,Credit Card,Fiber Optic,No,Yes,49.77,518.52,0,0
CUST_10953,21,Male,69.0,Month-to-Month,Electronic Check,DSL,No,No,70.67,4844.53,2,0
CUST_10954,42,Male,41.0,Month-to-Month,Mailed Check,Fiber Optic,Yes,Yes,54.53,2165.81,3,0
CUST_10955,20,Female,21.0,Month-to-Month,Electronic Check,Fiber Optic,Yes,No,98.97,2042.64,1,1
CUST_10956,49,Male,7.0,Month-to-Month,Mailed Check,Fiber Optic,No,Yes,60.87,401.16,3,1
CUST_10957,20,Male,5.0,One-Year,Electronic Check,Fiber Optic,No,Yes,73.62,325.09,0,0
CUST_10958,44,Female,10.0,Month-to-Month,Credit Card,Fiber Optic,Yes,No,60.63,650.95,2,0
CUST_10959,46,Male,16.0,Month-to-Month,Mailed Check,No,Yes,No,63.14,1029.36,6,1
CUST_10960,49,Male,8.0,Two-Year,Credit Card,Fiber Optic,No,No,75.93,585.37,4,0
CUST_10961,67,Male,17.0,Month-to-Month,Electronic Check,No,No,No,,1169.33,1,0
CUST_10962,68,Male,4.0,Two-Year,Electronic Check,Fiber Optic,Yes,No,54.57,228.35,1,0
CUST_10963,36,Male,72.0,Month-to-Month,Electronic Check,Fiber Optic,No,Yes,71.7,5110.71,2,0
CUST_10964,38,Female,3.0,Month-to-Month,Mailed Check,Fiber Optic,Yes,No,61.83,198.38,3,0
CUST_10965,22,Male,64.0,One-Year,Credit Card,DSL,No,No,76.65,4893.09,1,0
CUST_10966,35,Female,59.0,Month-to-Month,Mailed Check,DSL,Yes,Yes,87.95,5209.77,3,0
CUST_10967,45,Female,18.0,Month-to-Month,Electronic Check,DSL,Yes,Yes,84.84,1494.66,5,1
CUST_10968,59,Female,31.0,One-Year,Electronic Check,Fiber Optic,Yes,No,43.76,1372.88,0,0
CUST_10969,39,Male,14.0,Month-to-Month,Electronic Check,No,Yes,No,18.0,283.54,4,0
CUST_10970,38,Male,24.0,One-Year,Bank Transfer,No,No,Yes,110.15,2655.55,2,0
CUST_10971,23,Male,10.0,Two-Year,Mailed Check,Fiber Optic,No,No,75.49,701.14,1,0
CUST_10972,18,Male,,Month-to-Month,Bank Transfer,DSL,No,No,72.55,726.71,4,1
CUST_10973,22,Male,21.0,One-Year,Bank Transfer,DSL,No,Yes,50.76,1083.81,4,0
CUST_10974,58,Female,17.0,Month-to-Month,Electronic Check,Fiber Optic,No,No,24.0,400.82,2,0
CUST_10975,29,Male,21.0,Two-Year,Electronic Check,Fiber Optic,Yes,Yes,24.94,542.44,4,0
CUST_10976,43,Male,8.0,Two-Year,Bank Transfer,DSL,No,Yes,58.25,529.37,1,0
CUST_10977,63,Male,11.0,Two-Year,Bank Transfer,No,No,Yes,68.06,706.26,3,0
CUST_10978,51,Female,2.0,Month-to-Month,Mailed Check,Fiber Optic,Yes,No,98.7,230.19,2,1
CUST_10979,66,Male,1.0,One-Year,Electronic Check,DSL,No,Yes,69.86,64.87,1,0
CUST_10980,31,Female,7.0,Month-to-Month,Electronic Check,No,No,No,78.39,539.21,2,1
CUST_10981,43,Male,2.0,Month-to-Month,Electronic Check,Fiber Optic,Yes,Yes,54.35,100.97,2,0
CUST_10982,62,Female,3.0,Two-Year,Electronic Check,Fiber Optic,No,No,55.84,104.77,2,1
CUST_10983,44,Female,40.0,Month-to-Month,Electronic Check,DSL,No,No,35.53,1435.62,1,0
CUST_10984,26,Male,1.0,Two-Year,Mailed Check,Fiber Optic,Yes,No,40.43,0.0,6,1
CUST_10985,43,Male,26.0,Month-to-Month,Electronic Check,Fiber Optic,Yes,No,40.24,1030.56,2,0
CUST_10986,64,Male,8.0,Two-Year,Electronic Check,Fiber Optic,No,No,57.73,446.76,2,0
CUST_10987,39,Male,49.0,Month-to-Month,Credit Card,Fiber Optic,Yes,Yes,31.72,1542.81,1,0
CUST_10988,64,Female,16.0,Month-to-Month,Bank Transfer,No,Yes,Yes,48.77,715.6,1,0
CUST_10989,47,Female,9.0,Month-to-Month,Credit Card,DSL,No,Yes,64.22,604.69,1,0
CUST_10990,60,Female,17.0,One-Year,Electronic Check,Fiber Optic,No,No,18.0,250.78,2,0
CUST_10991,65,Female,12.0,Month-to-Month,Bank Transfer,DSL,Yes,Yes,94.64,1107.89,0,0
CUST_10992,34,Male,20.0,One-Year,Electronic Check,No,No,Yes,100.63,1996.25,3,0
CUST_10993,43,Male,3.0,Month-to-Month,Bank Transfer,Fiber Optic,No,No,85.66,247.55,2,1
CUST_10994,53,Female,72.0,Month-to-Month,Electronic Check,Fiber Optic,Yes,No,72.84,5255.91,4,0
CUST_10995,18,Male,13.0,Month-to-Month,Electronic Check,No,No,No,,930.35,3,1
CUST_10996,25,Female,10.0,Month-to-Month,Credit Card,No,No,Yes,75.63,814.23,1,0
CUST_10997,66,Male,30.0,Two-Year,Bank Transfer,Fiber Optic,Yes,Yes,66.72,2012.04,1,0
CUST_10998,52,Male,,Two-Year,Credit Card,Fiber Optic,No,Yes,68.64,763.3,4,0
CUST_10999,69,Female,43.0,Month-to-Month,Electronic Check,Fiber Optic,No,Yes,31.78,1349.27,0,0
CUST_11000,32,Male,15.0,One-Year,Electronic Check,Fiber Optic,No,Yes,67.32,1018.9,2,0
CUST_11001,64,Female,31.0,One-Year,Mailed Check,DSL,No,Yes,74.97,2309.41,2,0
CUST_11002,39,Female,3.0,Month-to-Month,Bank Transfer,Fiber Optic,No,Yes,71.77,200.93,2,1
CUST_11003,31,Female,45.0,Month-to-Month,Bank Transfer,Fiber Optic,Yes,Yes,87.96,4053.32,1,1
CUST_11004,43,Female,32.0,Month-to-Month,Credit Card,DSL,No,Yes,94.39,3066.76,4,1
CUST_11005,45,Female,6.0,Month-to-Month,Electronic Check,No,No,Yes,54.49,300.88,5,0
CUST_11006,40,Female,4.0,Month-to-Month,Bank Transfer,Fiber Optic,No,No,42.32,188.75,1,0
CUST_11007,31,Male,9.0,Month-to-Month,Electronic Check,Fiber Optic,No,No,90.12,819.19,3,1
CUST_11008,41,Male,72.0,One-Year,Electronic Check,No,No,No,78.31,5618.44,2,0
CUST_11009,19,Female,7.0,Month-to-Month,Mailed Check,DSL,No,Yes,53.55,437.38,2,1
CUST_11010,62,Male,15.0,Month-to-Month,Mailed Check,Fiber Optic,Yes,No,60.53,901.93,3,0
CUST_11011,43,Male,1.0,Month-to-Month,Electronic Check,Fiber Optic,Yes,No,58.92,100.47,2,0
CUST_11012,31,Male,12.0,Month-to-Month,Electronic Check,Fiber Optic,Yes,Yes,70.42,825.28,3,0
CUST_11013,68,Female,20.0,Month-to-Month,Mailed Check,DSL,Yes,Yes,93.73,1907.6,1,0
CUST_11014,24,Female,72.0,Two-Year,Mailed Check,Fiber Optic,No,Yes,47.09,3430.56,1,0
CUST_11015,20,Male,17.0,Month-to-Month,Electronic Check,Fiber Optic,Yes,No,70.85,1175.35,0,1
CUST_11016,64,Female,41.0,One-Year,Electronic Check,Fiber Optic,Yes,Yes,70.12,2865.07,2,0
CUST_11017,40,Female,19.0,Month-to-Month,Electronic Check,Fiber Optic,Yes,No,25.26,477.35,1,0
CUST_11018,63,Female,1.0,One-Year,Credit Card,DSL,No,Yes,115.1,164.13,1,0
CUST_11019,60,Female,9.0,One-Year,Credit Card,Fiber Optic,No,No,69.19,669.3,2,0
CUST_11020,64,Female,21.0,Month-to-Month,Mailed Check,Fiber Optic,No,No,88.13,1838.86,2,0
CUST_11021,62,Male,72.0,Two-Year,Credit Card,No,Yes,No,32.64,2338.57,1,0
CUST_11022,35,Female,47.0,Month-to-Month,Bank Transfer,DSL,No,Yes,103.54,4873.73,2,0
CUST_11023,55,Male,6.0,Two-Year,Electronic Check,Fiber Optic,Yes,Yes,57.95,300.56,0,0
CUST_11024,52,Female,6.0,Month-to-Month,Electronic Check,DSL,Yes,No,,151.74,2,0
CUST_11025,68,Female,5.0,Two-Year,Credit Card,Fiber Optic,No,No,36.55,156.86,0,0
CUST_11026,32,Male,61.0,One-Year,Bank Transfer,DSL,No,Yes,40.43,2469.15,1,0
CUST_11027,42,Male,46.0,Two-Year,Credit Card,DSL,Yes,No,49.53,2320.42,2,0
CUST_11028,54,Female,36.0,Month-to-Month,Credit Card,DSL,No,Yes,39.2,1424.56,1,0
CUST_11029,45,Male,12.0,Month-to-Month,Mailed Check,DSL,Yes,Yes,81.21,962.59,2,0
CUST_11030,27,Female,17.0,One-Year,Electronic Check,Fiber Optic,No,Yes,68.58,1135.18,0,0
CUST_11031,56,Male,15.0,Two-Year,Electronic Check,DSL,No,No,75.23,1126.8,1,0
CUST_11032,34,Male,7.0,Two-Year,Electronic Check,Fiber Optic,Yes,Yes,73.6,506.52,0,1
CUST_11033,56,Female,17.0,Month-to-Month,Electronic Check,Fiber Optic,No,No,60.1,1100.44,1,0
CUST_11034,39,Female,1.0,One-Year,Mailed Check,No,No,Yes,33.81,9.65,1,1
CUST_11035,43,Female,3.0,Month-to-Month,Electronic Check,DSL,No,No,34.77,88.35,2,0
CUST_11036,61,Male,52.0,Month-to-Month,Electronic Check,No,No,No,35.62,1822.17,0,0
CUST_11037,42,Female,33.0,Month-to-Month,Mailed Check,Fiber Optic,No,Yes,43.16,1416.5,0,1
CUST_11038,34,Female,13.0,Month-to-Month,Electronic Check,DSL,No,Yes,98.87,1300.97,3,1
CUST_11039,30,Female,17.0,Two-Year,Mailed Check,Fiber Optic,Yes,No,35.08,567.97,2,0
CUST_11040,37,Female,11.0,Month-to-Month,Mailed Check,DSL,No,No,94.56,1050.74,2,1
CUST_11041,42,Female,32.0,One-Year,Bank Transfer,Fiber Optic,No,Yes,43.92,1369.07,4,0
CUST_11042,21,Male,37.0,One-Year,Credit Card,Fiber Optic,Yes,Yes,37.9,1430.27,2,0
CUST_11043,27,Male,35.0,Month-to-Month,Electronic Check,Fiber Optic,No,Yes,73.43,2556.33,4,1
CUST_11044,20,Female,31.0,Month-to-Month,Electronic Check,DSL,No,Yes,90.34,2790.73,1,0
CUST_11045,58,Male,5.0,One-Year,Credit Card,Fiber Optic,No,Yes,32.51,204.76,2,1
CUST_11046,62,Female,,Month-to-Month,Mailed Check,No,No,No,63.21,619.01,4,0
CUST_11047,35,Male,15.0,Two-Year,Bank Transfer,Fiber Optic,No,Yes,88.74,1343.01,0,0
CUST_11048,64,Female,10.0,Two-Year,Electronic Check,Fiber Optic,No,Yes,83.22,853.38,2,1
CUST_11049,53,Female,34.0,Month-to-Month,Credit Card,Fiber Optic,Yes,No,34.1,1198.43,3,0
CUST_11050,64,Male,10.0,Month-to-Month,Credit Card,No,Yes,Yes,60.9,618.85,1,0
CUST_11051,39,Male,4.0,Month-to-Month,Bank Transfer,Fiber Optic,Yes,No,32.82,121.77,2,0
CUST_11052,51,Male,12.0,One-Year,Electronic Check,Fiber Optic,No,No,72.48,854.1,1,0
CUST_11053,64,Female,72.0,Month-to-Month,Credit Card,DSL,Yes,Yes,68.31,4927.77,4,0
CUST_11054,25,Female,6.0,Month-to-Month,Bank Transfer,Fiber Optic,Yes,Yes,76.3,435.03,3,1
CUST_11055,57,Male,23.0,Month-to-Month,Bank Transfer,DSL,No,Yes,45.9,1071.91,1,0
CUST_11056,66,Female,14.0,Two-Year,Electronic Check,Fiber Optic,No,Yes,51.02,720.31,2,0
CUST_11057,61,Male,2.0,Month-to-Month,Bank Transfer,DSL,No,Yes,84.77,134.53,4,1
CUST_11058,36,Male,16.0,Month-to-Month,Electronic Check,Fiber Optic,No,No,85.62,1333.06,1,1
CUST_11059,59,Female,29.0,Two-Year,Electronic Check,DSL,No,Yes,98.45,2857.53,2,0
CUST_11060,58,Male,17.0,One-Year,Bank Transfer,DSL,Yes,No,93.42,1579.52,2,0
CUST_11061,54,Male,49.0,One-Year,Electronic Check,DSL,Yes,Yes,32.03,1593.94,1,0
CUST_11062,23,Male,8.0,One-Year,Bank Transfer,DSL,No,No,89.48,688.32,2,0
CUST_11063,69,Male,2.0,Two-Year,Bank Transfer,No,,No,64.31,150.57,1,0
CUST_11064,43,Male,66.0,One-Year,Electronic Check,Fiber Optic,Yes,No,79.55,5273.1,2,0
CUST_11065,51,Male,11.0,Two-Year,Bank Transfer,Fiber Optic,No,Yes,,605.18,0,0
CUST_11066,62,Female,21.0,One-Year,Credit Card,DSL,No,Yes,46.7,974.02,1,0
CUST_11067,23,Male,38.0,One-Year,Electronic Check,DSL,No,Yes,59.31,2294.77,2,0
CUST_11068,54,Female,9.0,Month-to-Month,Bank Transfer,Fiber Optic,No,No,66.29,608.63,7,1
CUST_11069,50,Male,30.0,Month-to-Month,Electronic Check,DSL,No,No,70.8,2121.04,3,1
CUST_11070,70,Male,3.0,One-Year,Mailed Check,Fiber Optic,No,Yes,84.47,279.16,2,0
CUST_11071,39,Female,8.0,Month-to-Month,Electronic Check,DSL,No,No,44.25,339.26,3,0
CUST_11072,38,Female,4.0,One-Year,Mailed Check,No,No,No,42.5,160.16,2,0
CUST_11073,23,Male,40.0,Month-to-Month,Electronic Check,DSL,No,Yes,32.41,1301.46,1,1
CUST_11074,23,Female,6.0,Two-Year,Credit Card,Fiber Optic,No,Yes,60.56,405.99,5,0
CUST_11075,65,Female,30.0,Month-to-Month,Bank Transfer,DSL,Yes,No,47.51,1397.68,1,0
CUST_11076,21,Female,69.0,Two-Year,Mailed Check,DSL,No,Yes,58.38,4042.34,2,0
CUST_11077,47,Female,18.0,One-Year,Mailed Check,Fiber Optic,No,No,65.49,1166.83,1,0
CUST_11078,28,Male,19.0,Month-to-Month,Mailed Check,DSL,Yes,No,29.35,594.93,5,0
CUST_11079,47,Male,15.0,Month-to-Month,Mailed Check,No,Yes,Yes,53.89,831.32,1,0
CUST_11080,48,Female,9.0,Month-to-Month,Mailed Check,Fiber Optic,Yes,No,72.25,647.96,0,0
CUST_11081,41,Male,15.0,Month-to-Month,Mailed Check,Fiber Optic,Yes,Yes,66.38,1013.61,1,1
CUST_11082,26,Female,22.0,Month-to-Month,Electronic Check,Fiber Optic,No,No,57.52,1248.15,2,1
CUST_11083,20,Male,72.0,Month-to-Month,Electronic Check,DSL,Yes,Yes,64.29,4609.87,1,0
CUST_11084,68,Male,67.0,Two-Year,Bank Transfer,No,,Yes,59.56,4066.22,1,0
CUST_11085,48,Female,48.0,Month-to-Month,Credit Card,DSL,No,No,45.07,2152.18,0,0
CUST_11086,57,Male,53.0,One-Year,Electronic Check,Fiber Optic,No,Yes,41.7,2215.44,2,0
CUST_11087,54,Female,15.0,Month-to-Month,Electronic Check,DSL,Yes,No,118.75,1769.47,3,1
CUST_11088,53,Female,26.0,One-Year,Electronic Check,DSL,Yes,Yes,77.57,1978.26,2,0
CUST_11089,41,Female,54.0,Month-to-Month,Credit Card,DSL,No,Yes,86.63,4647.4,1,0
CUST_11090,48,Female,12.0,One-Year,Credit Card,Fiber Optic,No,No,77.08,935.11,1,0
CUST_11091,23,Female,72.0,One-Year,Bank Transfer,DSL,No,Yes,92.86,6643.58,4,0
CUST_11092,19,Female,13.0,One-Year,Credit Card,Fiber Optic,Yes,No,76.47,972.77,0,0
CUST_11093,37,Female,22.0,Month-to-Month,Mailed Check,Fiber Optic,Yes,Yes,22.9,523.37,2,0
CUST_11094,45,Male,30.0,One-Year,Credit Card,DSL,Yes,Yes,48.23,1453.69,0,0
CUST_11095,28,Male,72.0,Month-to-Month,Electronic Check,No,Yes,Yes,69.73,5008.19,2,0
CUST_11096,21,Male,7.0,Month-to-Month,Electronic Check,Fiber Optic,No,No,69.18,470.96,3,1
CUST_11097,32,Male,33.0,Month-to-Month,Bank Transfer,No,No,Yes,67.63,2200.9,3,0
CUST_11098,23,Female,18.0,Month-to-Month,Mailed Check,Fiber Optic,No,Yes,42.69,835.3,1,1
CUST_11099,66,Female,8.0,Month-to-Month,Bank Transfer,DSL,No,No,53.77,400.68,3,0
CUST_11100,47,Female,36.0,One-Year,Electronic Check,Fiber Optic,No,Yes,69.95,2548.52,3,0
CUST_11101,55,Male,19.0,Month-to-Month,Bank Transfer,Fiber Optic,No,Yes,65.73,1182.56,2,0
CUST_11102,68,Female,26.0,Month-to-Month,Electronic Check,DSL,No,Yes,80.51,2119.52,3,0
CUST_11103,19,Male,9.0,Month-to-Month,Electronic Check,DSL,Yes,Yes,43.5,420.82,3,1
CUST_11104,32,Female,,One-Year,Credit Card,DSL,,Yes,74.72,1167.55,3,0
CUST_11105,28,Female,23.0,One-Year,Credit Card,DSL,No,Yes,53.54,1212.9,4,0
CUST_11106,25,Male,12.0,Month-to-Month,Credit Card,DSL,No,Yes,57.88,726.6,0,1
CUST_11107,43,Male,5.0,One-Year,Bank Transfer,No,No,Yes,63.88,285.15,1,0
CUST_11108,68,Male,72.0,Month-to-Month,Bank Transfer,DSL,No,Yes,30.37,2199.74,5,0
CUST_11109,62,Female,17.0,Month-to-Month,Bank Transfer,Fiber Optic,No,No,67.54,1127.87,4,0
CUST_11110,61,Female,32.0,Month-to-Month,Electronic Check,Fiber Optic,No,No,90.15,2911.82,2,1
CUST_11111,22,Female,13.0,One-Year,Electronic Check,Fiber Optic,No,Yes,40.68,584.71,2,1
CUST_11112,23,Male,11.0,One-Year,Electronic Check,DSL,Yes,No,102.16,1093.58,0,1
CUST_11113,43,Male,13.0,Month-to-Month,Credit Card,Fiber Optic,No,No,52.05,694.32,1,0
CUST_11114,21,Female,,Month-to-Month,Electronic Check,Fiber Optic,No,No,76.78,1027.49,5,1
CUST_11115,36,Female,19.0,Month-to-Month,Credit Card,Fiber Optic,No,Yes,38.54,672.43,1,0
CUST_11116,37,Male,19.0,One-Year,Mailed Check,DSL,No,No,108.18,2085.55,2,0
CUST_11117,50,Male,16.0,Two-Year,Bank Transfer,Fiber Optic,No,Yes,43.8,711.31,4,0
CUST_11118,37,Female,3.0,Month-to-Month,Electronic Check,Fiber Optic,No,No,69.14,226.65,3,1
CUST_11119,66,Male,16.0,Month-to-Month,Electronic Check,DSL,No,Yes,54.28,813.71,2,0
CUST_11120,29,Male,4.0,One-Year,Credit Card,DSL,Yes,Yes,64.0,278.32,0,0
CUST_11121,64,Male,3.0,Two-Year,Electronic Check,Fiber Optic,No,Yes,67.24,196.23,3,1
CUST_11122,18,Female,65.0,Two-Year,Electronic Check,DSL,Yes,Yes,58.48,3767.03,3,0
CUST_11123,43,Female,22.0,One-Year,Electronic Check,Fiber Optic,No,Yes,51.4,1151.84,3,0
CUST_11124,31,Female,26.0,Two-Year,Electronic Check,No,Yes,Yes,64.06,1689.89,4,0
CUST_11125,55,Female,12.0,Month-to-Month,Electronic Check,Fiber Optic,No,Yes,63.62,761.14,6,1
CUST_11126,54,Female,58.0,Month-to-Month,Bank Transfer,No,,No,71.48,4156.73,1,1
CUST_11127,28,Male,24.0,Month-to-Month,Mailed Check,No,No,No,74.69,1787.71,3,1
CUST_11128,53,Female,35.0,One-Year,Bank Transfer,DSL,No,Yes,81.22,2801.44,2,1
CUST_11129,30,Male,11.0,Month-to-Month,Electronic Check,Fiber Optic,No,Yes,76.23,834.2,3,0
CUST_11130,60,Female,72.0,Month-to-Month,Credit Card,DSL,Yes,Yes,67.64,4906.08,4,0
CUST_11131,20,Male,41.0,Month-to-Month,Bank Transfer,Fiber Optic,No,Yes,,2491.09,3,0
CUST_11132,50,Male,46.0,Month-to-Month,Electronic Check,No,Yes,Yes,34.34,1554.88,0,0
CUST_11133,23,Male,5.0,Two-Year,Mailed Check,DSL,No,Yes,68.11,347.73,1,0
CUST_11134,67,Male,8.0,Month-to-Month,Electronic Check,No,Yes,No,86.89,697.42,2,0
CUST_11135,27,Male,8.0,Month-to-Month,Bank Transfer,DSL,No,Yes,49.66,412.11,0,0
CUST_11136,22,Male,,One-Year,Bank Transfer,DSL,No,Yes,51.64,414.68,2,0
CUST_11137,40,Female,46.0,Month-to-Month,Credit Card,DSL,No,Yes,91.11,4212.73,1,0
CUST_11138,27,Male,1.0,One-Year,Electronic Check,Fiber Optic,No,Yes,97.65,85.23,5,1
CUST_11139,61,Female,2.0,Two-Year,Mailed Check,DSL,No,No,48.3,129.7,3,0
CUST_11140,19,Female,8.0,Two-Year,Electronic Check,DSL,Yes,Yes,116.03,912.31,4,0
CUST_11141,30,Female,5.0,Two-Year,Mailed Check,No,No,Yes,73.35,372.53,4,0
CUST_11142,57,Female,6.0,Month-to-Month,Mailed Check,DSL,Yes,No,83.47,520.79,0,0
CUST_11143,19,Female,38.0,One-Year,Electronic Check,No,Yes,Yes,57.96,2209.0,6,0
CUST_11144,37,Male,20.0,Month-to-Month,Bank Transfer,No,No,Yes,70.16,1332.93,0,0
CUST_11145,18,Male,1.0,Month-to-Month,Mailed Check,DSL,Yes,Yes,73.52,82.49,3,0
CUST_11146,54,Male,13.0,Month-to-Month,Credit Card,Fiber Optic,Yes,Yes,47.01,631.81,1,1
CUST_11147,26,Female,13.0,Month-to-Month,Electronic Check,DSL,No,Yes,98.07,1283.85,2,1
CUST_11148,34,Female,3.0,Two-Year,Credit Card,Fiber Optic,No,No,64.22,220.9,2,0
CUST_11149,26,Male,27.0,Month-to-Month,Credit Card,Fiber Optic,Yes,Yes,55.0,1520.16,0,0
CUST_11150,28,Male,29.0,One-Year,Credit Card,Fiber Optic,Yes,Yes,41.82,1191.94,1,0
CUST_11151,32,Female,31.0,Month-to-Month,Bank Transfer,No,Yes,No,76.25,2312.33,2,0
CUST_11152,41,Male,31.0,Month-to-Month,Credit Card,Fiber Optic,No,Yes,70.12,2137.73,4,0
CUST_11153,55,Female,1.0,Two-Year,Bank Transfer,DSL,No,No,45.49,47.63,0,0
CUST_11154,52,Female,72.0,Month-to-Month,Electronic Check,No,No,Yes,67.8,4899.99,1,0
CUST_11155,47,Female,40.0,One-Year,Bank Transfer,DSL,Yes,No,74.76,2986.65,1,0
CUST_11156,48,Female,56.0,Month-to-Month,Bank Transfer,DSL,No,No,57.1,3156.11,1,0
CUST_11157,66,Female,1.0,Month-to-Month,Credit Card,DSL,No,No,72.47,81.38,4,1
CUST_11158,22,Male,65.0,Month-to-Month,Mailed Check,Fiber Optic,No,Yes,65.09,4231.19,4,0
CUST_11159,61,Female,40.0,Two-Year,Electronic Check,Fiber Optic,No,Yes,60.61,2429.23,4,0
CUST_11160,67,Female,44.0,Month-to-Month,Bank Transfer,No,Yes,Yes,45.8,2069.49,3,0
CUST_11161,31,Male,2.0,Month-to-Month,Credit Card,Fiber Optic,Yes,No,68.98,162.51,3,0
CUST_11162,70,Male,32.0,Month-to-Month,Electronic Check,DSL,No,Yes,23.52,748.62,3,0
CUST_11163,28,Male,72.0,One-Year,Electronic Check,DSL,Yes,No,93.76,6710.94,2,0
CUST_11164,26,Male,27.0,One-Year,Mailed Check,Fiber Optic,Yes,Yes,88.75,2436.59,2,0
CUST_11165,51,Female,20.0,One-Year,Electronic Check,No,No,Yes,44.51,837.21,2,0
CUST_11166,29,Female,70.0,Month-to-Month,Electronic Check,DSL,No,Yes,36.22,2526.95,0,0
CUST_11167,52,Male,14.0,Two-Year,Electronic Check,Fiber Optic,No,Yes,88.38,1201.32,1,1
CUST_11168,52,Male,22.0,One-Year,Credit Card,No,Yes,No,61.68,1344.72,3,0
CUST_11169,18,Female,16.0,Two-Year,Electronic Check,DSL,No,Yes,66.2,1056.48,1,1
CUST_11170,57,Male,65.0,Two-Year,Mailed Check,DSL,Yes,No,65.48,4216.74,1,0
CUST_11171,39,Male,2.0,One-Year,Bank Transfer,DSL,No,Yes,38.72,3.97,0,0
CUST_11172,46,Female,17.0,Month-to-Month,Credit Card,Fiber Optic,Yes,No,80.71,1343.08,3,1
CUST_11173,25,Female,28.0,Two-Year,Credit Card,DSL,No,No,73.98,2030.83,1,0
CUST_11174,28,Male,38.0,Two-Year,Mailed Check,Fiber Optic,Yes,Yes,65.38,2455.73,0,0
CUST_11175,58,Male,21.0,Month-to-Month,Credit Card,DSL,Yes,Yes,19.62,403.54,2,0
CUST_11176,54,Male,58.0,Month-to-Month,Electronic Check,DSL,No,Yes,75.07,4399.71,1,0
CUST_11177,31,Female,68.0,Two-Year,Bank Transfer,No,No,Yes,72.56,4916.11,2,0
CUST_11178,47,Female,2.0,Month-to-Month,Bank Transfer,DSL,No,No,63.11,110.32,1,0
CUST_11179,52,Male,12.0,Two-Year,Electronic Check,Fiber Optic,No,No,84.31,1008.58,2,1
CUST_11180,38,Female,1.0,Month-to-Month,Mailed Check,No,No,No,87.58,107.44,2,0
CUST_11181,54,Female,10.0,Month-to-Month,Electronic Check,DSL,Yes,No,71.71,733.94,6,0
CUST_11182,22,Male,18.0,Month-to-Month,Credit Card,DSL,Yes,Yes,34.76,568.12,4,1
CUST_11183,36,Male,58.0,Month-to-Month,Mailed Check,Fiber Optic,No,Yes,39.69,2270.68,2,0
CUST_11184,31,Female,45.0,Month-to-Month,Bank Transfer,No,Yes,No,51.05,2330.48,3,0
CUST_11185,43,Male,3.0,Month-to-Month,Electronic Check,No,Yes,Yes,60.03,164.45,0,0
CUST_11186,21,Male,2.0,One-Year,Electronic Check,DSL,Yes,No,81.83,192.55,0,0
CUST_11187,42,Female,21.0,Two-Year,Credit Card,No,No,No,71.59,1524.91,0,0
CUST_11188,62,Female,18.0,Month-to-Month,Bank Transfer,Fiber Optic,Yes,Yes,61.68,1042.95,1,1
CUST_11189,59,Female,7.0,Month-to-Month,Credit Card,No,Yes,Yes,77.58,493.37,3,1
CUST_11190,42,Female,55.0,Month-to-Month,Electronic Check,DSL,No,No,49.49,2711.95,4,1
CUST_11191,35,Female,63.0,Month-to-Month,Electronic Check,Fiber Optic,No,Yes,77.54,4897.04,1,0
CUST_11192,57,Male,12.0,Month-to-Month,Mailed Check,DSL,No,No,69.55,826.58,2,0
CUST_11193,25,Female,53.0,Month-to-Month,Mailed Check,DSL,No,Yes,75.46,3993.53,2,1
CUST_11194,56,Male,12.0,Month-to-Month,Electronic Check,Fiber Optic,Yes,Yes,81.92,984.08,3,1
CUST_11195,57,Male,32.0,Month-to-Month,Bank Transfer,Fiber Optic,No,Yes,64.05,2046.57,1,0
CUST_11196,31,Female,16.0,Month-to-Month,Mailed Check,Fiber Optic,Yes,No,25.18,401.9,1,0
CUST_11197,49,Female,3.0,One-Year,Electronic Check,Fiber Optic,No,Yes,51.82,84.34,1,0
CUST_11198,68,Male,63.0,Month-to-Month,Electronic Check,Fiber Optic,No,Yes,80.63,5070.34,2,0
CUST_11199,55,Female,15.0,Two-Year,Bank Transfer,Fiber Optic,No,Yes,53.7,795.88,2,0
CUST_11200,50,Male,32.0,Two-Year,Bank Transfer,Fiber Optic,No,Yes,51.71,1622.69,1,0
CUST_11201,40,Male,11.0,Two-Year,Mailed Check,No,Yes,Yes,66.24,705.66,2,0
CUST_11202,32,Male,1.0,Two-Year,Mailed Check,DSL,No,Yes,86.87,36.82,3,0
CUST_11203,50,Female,3.0,Month-to-Month,Electronic Check,Fiber Optic,No,Yes,74.16,234.06,1,0
CUST_11204,42,Female,16.0,Month-to-Month,Credit Card,No,No,Yes,99.82,1562.54,1,1
CUST_11205,34,Male,28.0,Month-to-Month,Credit Card,DSL,Yes,Yes,73.03,2041.22,1,0
CUST_11206,50,Female,10.0,Two-Year,Bank Transfer,DSL,No,Yes,72.26,707.88,3,0
CUST_11207,64,Male,29.0,Two-Year,Electronic Check,DSL,Yes,Yes,60.33,1744.01,5,0
CUST_11208,19,Female,29.0,Two-Year,Mailed Check,Fiber Optic,No,Yes,33.97,1012.44,1,0
CUST_11209,31,Male,29.0,Month-to-Month,Bank Transfer,Fiber Optic,No,Yes,67.95,1948.55,4,0
CUST_11210,70,Male,16.0,One-Year,Credit Card,Fiber Optic,Yes,No,65.83,1050.28,3,0
CUST_11211,57,Female,59.0,Month-to-Month,Credit Card,DSL,No,Yes,78.27,4637.07,1,0
CUST_11212,57,Male,16.0,Month-to-Month,Credit Card,DSL,No,No,71.1,1142.22,2,1
CUST_11213,68,Male,14.0,One-Year,Electronic Check,DSL,Yes,Yes,70.38,961.49,5,0
CUST_11214,56,Female,5.0,Month-to-Month,Credit Card,Fiber Optic,Yes,No,87.71,392.04,0,1
CUST_11215,68,Female,9.0,Two-Year,Bank Transfer,DSL,No,No,59.78,512.91,2,0
CUST_11216,23,Male,1.0,Month-to-Month,Credit Card,DSL,No,Yes,81.77,87.21,2,0
CUST_11217,23,Male,24.0,Two-Year,Mailed Check,No,No,No,90.77,2177.1,2,1
CUST_11218,20,Male,7.0,Month-to-Month,Electronic Check,Fiber Optic,Yes,Yes,53.93,396.64,2,0
CUST_11219,24,Female,9.0,Two-Year,Mailed Check,No,Yes,Yes,56.84,501.61,3,0
CUST_11220,68,Male,35.0,Two-Year,Electronic Check,No,No,Yes,49.64,1714.16,2,0
CUST_11221,25,Female,10.0,Two-Year,Mailed Check,DSL,No,Yes,37.85,333.95,3,0
CUST_11222,59,Female,7.0,Month-to-Month,Credit Card,DSL,Yes,Yes,101.88,676.81,2,1
CUST_11223,69,Male,4.0,Two-Year,Electronic Check,Fiber Optic,No,Yes,120.0,448.57,0,0
CUST_11224,32,Male,36.0,Month-to-Month,Electronic Check,No,Yes,Yes,69.21,2530.87,2,0
CUST_11225,64,Male,3.0,Month-to-Month,Electronic Check,Fiber Optic,No,No,58.39,139.71,2,0
CUST_11226,46,Male,15.0,Month-to-Month,Mailed Check,DSL,No,Yes,99.76,1461.29,1,1
CUST_11227,50,Female,17.0,Two-Year,Credit Card,Fiber Optic,Yes,Yes,77.02,1287.99,4,0
CUST_11228,69,Male,28.0,Month-to-Month,Electronic Check,Fiber Optic,Yes,Yes,49.92,1428.72,1,0
CUST_11229,47,Male,24.0,Two-Year,Electronic Check,DSL,Yes,Yes,47.44,1152.71,3,0
CUST_11230,56,Female,40.0,One-Year,Credit Card,No,Yes,Yes,81.38,3247.53,4,0
CUST_11231,44,Male,1.0,Month-to-Month,Credit Card,DSL,Yes,Yes,72.66,25.21,4,1
CUST_11232,53,Female,8.0,Two-Year,Electronic Check,No,No,Yes,87.45,695.65,0,1
CUST_11233,46,Male,8.0,Month-to-Month,Bank Transfer,DSL,Yes,Yes,79.08,653.66,1,0
CUST_11234,55,Female,,Two-Year,Bank Transfer,Fiber Optic,No,No,40.59,199.33,3,0
CUST_11235,50,Female,8.0,Month-to-Month,Bank Transfer,Fiber Optic,No,Yes,49.53,325.91,1,0
CUST_11236,54,Female,9.0,Month-to-Month,Mailed Check,DSL,No,Yes,47.44,398.75,1,0
CUST_11237,44,Female,18.0,Month-to-Month,Credit Card,Fiber Optic,No,Yes,69.34,1245.95,3,0
CUST_11238,50,Male,26.0,Month-to-Month,Electronic Check,DSL,Yes,No,62.53,1658.15,2,0
CUST_11239,21,Male,12.0,Month-to-Month,Electronic Check,Fiber Optic,No,No,55.89,626.04,2,0
CUST_11240,39,Female,31.0,Month-to-Month,Mailed Check,Fiber Optic,Yes,Yes,,1784.01,3,0
CUST_11241,19,Female,10.0,Month-to-Month,Mailed Check,DSL,No,Yes,78.48,765.56,0,0
CUST_11242,27,Male,8.0,Month-to-Month,Credit Card,DSL,Yes,Yes,61.38,443.67,0,0
CUST_11243,22,Male,,Month-to-Month,Bank Transfer,Fiber Optic,No,Yes,51.38,911.93,1,0
CUST_11244,27,Male,1.0,One-Year,Electronic Check,Fiber Optic,No,No,38.9,97.19,2,0
CUST_11245,50,Male,2.0,One-Year,Mailed Check,Fiber Optic,No,Yes,46.94,80.97,1,1
CUST_11246,55,Male,13.0,Two-Year,Mailed Check,Fiber Optic,Yes,Yes,86.36,1097.76,0,0
CUST_11247,30,Female,69.0,One-Year,Credit Card,DSL,Yes,Yes,51.64,3522.25,1,0
CUST_11248,48,Male,31.0,One-Year,Bank Transfer,DSL,No,No,101.27,3132.9,0,0
CUST_11249,64,Male,2.0,One-Year,Bank Transfer,Fiber Optic,Yes,Yes,77.59,133.32,2,0
CUST_11250,53,Female,45.0,Month-to-Month,Bank Transfer,Fiber Optic,Yes,No,48.67,2208.37,3,0
CUST_11251,62,Female,32.0,One-Year,Bank Transfer,Fiber Optic,No,Yes,52.75,1650.37,0,0
CUST_11252,41,Female,23.0,Month-to-Month,Bank Transfer,Fiber Optic,No,No,22.82,518.9,2,0
CUST_11253,69,Female,41.0,Two-Year,Electronic Check,DSL,No,Yes,56.2,2296.95,1,0
CUST_11254,32,Male,12.0,One-Year,Credit Card,Fiber Optic,No,Yes,103.97,1258.28,2,0
CUST_11255,46,Female,6.0,Month-to-Month,Bank Transfer,Fiber Optic,No,No,97.66,575.05,1,0
CUST_11256,25,Female,17.0,One-Year,Bank Transfer,DSL,Yes,No,97.17,1663.71,1,0
CUST_11257,22,Male,19.0,Month-to-Month,Credit Card,Fiber Optic,No,Yes,77.19,1470.04,0,0
CUST_11258,46,Female,19.0,Month-to-Month,Credit Card,DSL,No,No,61.44,1187.64,1,0
CUST_11259,64,Female,20.0,Month-to-Month,Credit Card,DSL,No,No,66.96,1351.44,1,0
CUST_11260,21,Male,71.0,One-Year,Credit Card,Fiber Optic,Yes,Yes,75.89,5377.18,0,0
CUST_11261,29,Male,56.0,One-Year,Electronic Check,DSL,No,No,64.67,3665.79,0,0
CUST_11262,62,Male,50.0,Two-Year,Mailed Check,DSL,No,Yes,49.28,2443.19,2,0
CUST_11263,19,Male,39.0,Month-to-Month,Bank Transfer,DSL,Yes,No,63.56,2519.41,2,0
CUST_11264,44,Male,69.0,Month-to-Month,Electronic Check,DSL,No,Yes,37.94,2645.02,4,0
CUST_11265,48,Female,2.0,One-Year,Credit Card,No,Yes,Yes,76.89,168.82,0,0
CUST_11266,68,Male,7.0,Month-to-Month,Bank Transfer,No,No,No,46.82,322.38,3,0
CUST_11267,68,Female,16.0,One-Year,Bank Transfer,DSL,Yes,Yes,76.39,1198.58,3,0
CUST_11268,53,Female,45.0,Month-to-Month,Credit Card,No,No,Yes,43.4,1956.35,1,0
CUST_11269,53,Female,17.0,Month-to-Month,Electronic Check,Fiber Optic,No,No,61.67,1051.45,4,1
CUST_11270,43,Female,33.0,Month-to-Month,Bank Transfer,DSL,No,No,70.5,2320.94,0,1
CUST_11271,60,Male,4.0,One-Year,Bank Transfer,Fiber Optic,No,Yes,61.72,260.63,1,0
CUST_11272,44,Male,7.0,Month-to-Month,Electronic Check,Fiber Optic,Yes,Yes,77.8,569.24,4,1
CUST_11273,22,Female,32.0,Month-to-Month,Electronic Check,DSL,No,No,73.95,2338.92,2,1
CUST_11274,37,Female,4.0,Month-to-Month,Credit Card,DSL,No,Yes,56.56,203.93,2,0
CUST_11275,28,Female,10.0,Month-to-Month,Bank Transfer,Fiber Optic,Yes,Yes,53.2,491.48,1,0
CUST_11276,27,Male,,Month-to-Month,Credit Card,DSL,No,Yes,51.78,371.21,4,1
CUST_11277,57,Female,10.0,Month-to-Month,Mailed Check,DSL,No,Yes,48.9,533.61,1,0
CUST_11278,55,Male,30.0,One-Year,Electronic Check,Fiber Optic,No,Yes,106.94,3166.29,1,1
CUST_11279,23,Female,11.0,Month-to-Month,Electronic Check,Fiber Optic,No,No,52.39,551.15,2,0
CUST_11280,25,Female,19.0,One-Year,Mailed Check,Fiber Optic,No,No,86.84,1606.55,1,0
CUST_11281,40,Male,3.0,One-Year,Credit Card,Fiber Optic,Yes,Yes,68.27,186.63,1,0
CUST_11282,64,Female,39.0,Month-to-Month,Electronic Check,DSL,No,Yes,57.89,2193.47,4,1
CUST_11283,43,Male,11.0,Month-to-Month,Credit Card,Fiber Optic,No,Yes,68.88,790.37,1,0
CUST_11284,63,Male,25.0,Two-Year,Credit Card,Fiber Optic,Yes,Yes,70.09,1772.43,2,0
CUST_11285,60,Female,31.0,Month-to-Month,Credit Card,DSL,No,Yes,29.84,930.56,2,0
CUST_11286,29,Female,6.0,Month-to-Month,Mailed Check,DSL,No,No,63.45,407.67,1,1
CUST_11287,43,Female,52.0,Month-to-Month,Credit Card,Fiber Optic,No,Yes,65.13,3412.15,4,1
CUST_11288,30,Female,,One-Year,Mailed Check,Fiber Optic,Yes,No,58.42,1341.7,0,0
CUST_11289,57,Male,13.0,One-Year,Electronic Check,Fiber Optic,No,No,22.54,252.55,0,0
CUST_11290,35,Female,5.0,Two-Year,Electronic Check,DSL,No,Yes,58.36,269.07,2,0
CUST_11291,42,Female,68.0,Two-Year,Credit Card,No,No,Yes,,6611.73,2,0
CUST_11292,50,Male,34.0,Month-to-Month,Electronic Check,DSL,Yes,No,76.01,2561.02,2,0
CUST_11293,64,Female,6.0,Month-to-Month,Mailed Check,Fiber Optic,No,No,43.95,315.56,2,0
CUST_11294,57,Male,10.0,Month-to-Month,Electronic Check,DSL,No,No,82.86,833.31,1,1
CUST_11295,60,Female,40.0,Month-to-Month,Electronic Check,Fiber Optic,No,Yes,42.86,1717.5,4,1
CUST_11296,29,Male,29.0,Month-to-Month,Electronic Check,Fiber Optic,No,No,70.38,2069.43,2,0
CUST_11297,61,Male,35.0,Month-to-Month,Credit Card,Fiber Optic,No,Yes,70.55,2477.56,3,0
CUST_11298,53,Male,14.0,Month-to-Month,Bank Transfer,DSL,No,Yes,57.66,799.29,3,0
CUST_11299,65,Female,30.0,Month-to-Month,Credit Card,DSL,Yes,Yes,85.84,2620.62,1,0
CUST_11300,21,Male,12.0,Month-to-Month,Bank Transfer,DSL,No,Yes,80.07,973.87,2,0
CUST_11301,22,Male,6.0,Two-Year,Credit Card,DSL,No,No,49.49,282.12,2,0
CUST_11302,54,Female,24.0,One-Year,Mailed Check,Fiber Optic,Yes,Yes,59.2,1426.15,1,0
CUST_11303,25,Female,72.0,Two-Year,Bank Transfer,Fiber Optic,No,No,47.87,3430.74,2,0
CUST_11304,59,Male,9.0,Month-to-Month,Bank Transfer,DSL,No,Yes,53.53,457.16,2,0
CUST_11305,66,Male,15.0,Month-to-Month,Mailed Check,DSL,No,No,78.0,1193.69,1,1
CUST_11306,45,Male,27.0,Month-to-Month,Credit Card,DSL,Yes,Yes,64.73,1732.67,2,0
CUST_11307,48,Male,19.0,Month-to-Month,Bank Transfer,Fiber Optic,No,No,85.59,1603.19,2,0
CUST_11308,26,Female,45.0,Month-to-Month,Credit Card,DSL,Yes,Yes,33.39,1507.98,2,0
CUST_11309,68,Female,34.0,Two-Year,Bank Transfer,Fiber Optic,Yes,Yes,,2429.14,0,0
CUST_11310,46,Female,1.0,Two-Year,Electronic Check,DSL,Yes,No,81.62,18.62,1,0
CUST_11311,31,Male,72.0,Month-to-Month,Bank Transfer,DSL,Yes,Yes,67.03,4804.43,2,0
CUST_11312,57,Female,34.0,Month-to-Month,Electronic Check,No,Yes,Yes,37.74,1216.13,2,0
CUST_11313,58,Female,48.0,Month-to-Month,Bank Transfer,Fiber Optic,No,No,44.0,2010.46,0,0
CUST_11314,39,Female,25.0,Month-to-Month,Bank Transfer,DSL,No,Yes,83.17,2080.68,1,0
CUST_11315,28,Female,47.0,Month-to-Month,Credit Card,DSL,No,Yes,54.34,2514.44,3,0
CUST_11316,40,Female,3.0,Month-to-Month,Electronic Check,Fiber Optic,No,Yes,49.41,171.2,1,0
CUST_11317,18,Female,10.0,Month-to-Month,Electronic Check,Fiber Optic,No,Yes,58.22,546.18,2,0
CUST_11318,63,Male,50.0,Month-to-Month,Electronic Check,DSL,Yes,No,59.94,3014.62,2,0
CUST_11319,54,Female,5.0,Month-to-Month,Mailed Check,Fiber Optic,No,Yes,88.72,452.28,1,1
CUST_11320,38,Female,2.0,Month-to-Month,Credit Card,Fiber Optic,No,Yes,30.1,32.15,2,0
CUST_11321,43,Female,37.0,Month-to-Month,Credit Card,No,No,No,76.52,2816.13,2,0
CUST_11322,63,Male,43.0,Two-Year,Bank Transfer,DSL,Yes,No,94.21,4056.24,3,0
CUST_11323,53,Female,4.0,Month-to-Month,Credit Card,Fiber Optic,Yes,No,83.91,351.55,2,1
CUST_11324,40,Female,46.0,Two-Year,Electronic Check,DSL,No,Yes,111.48,5168.98,1,0
CUST_11325,18,Male,28.0,Two-Year,Electronic Check,DSL,No,Yes,55.85,1570.23,2,0
CUST_11326,68,Male,18.0,Two-Year,Electronic Check,No,Yes,Yes,82.84,1489.75,1,0
CUST_11327,57,Female,43.0,One-Year,Credit Card,DSL,No,Yes,63.28,2721.74,1,0
CUST_11328,32,Female,13.0,One-Year,Bank Transfer,No,Yes,Yes,54.62,702.4,0,0
CUST_11329,38,Female,5.0,Two-Year,Bank Transfer,Fiber Optic,No,No,20.6,88.96,2,0
CUST_11330,64,Male,8.0,Month-to-Month,Electronic Check,DSL,Yes,No,55.7,417.6,3,1
CUST_11331,26,Female,17.0,Month-to-Month,Mailed Check,Fiber Optic,Yes,Yes,86.3,1478.68,2,1
CUST_11332,70,Male,,Two-Year,Credit Card,Fiber Optic,Yes,Yes,30.69,527.17,0,0
CUST_11333,26,Male,39.0,One-Year,Electronic Check,DSL,No,Yes,106.95,4176.21,1,0
CUST_11334,27,Male,38.0,Two-Year,Bank Transfer,Fiber Optic,Yes,No,73.2,2780.55,2,0
CUST_11335,69,Male,21.0,One-Year,Electronic Check,DSL,No,No,42.89,919.95,2,0
CUST_11336,70,Male,36.0,Two-Year,Electronic Check,No,No,Yes,69.57,2511.62,3,0
CUST_11337,43,Male,5.0,One-Year,Bank Transfer,Fiber Optic,Yes,No,78.74,370.43,2,0
CUST_11338,58,Male,,One-Year,Electronic Check,Fiber Optic,No,Yes,55.22,21.94,1,1
CUST_11339,52,Male,50.0,Month-to-Month,Bank Transfer,DSL,Yes,Yes,52.52,2657.15,1,0
CUST_11340,69,Female,2.0,Two-Year,Bank Transfer,No,No,Yes,104.48,196.32,2,0
CUST_11341,42,Male,7.0,Two-Year,Mailed Check,DSL,Yes,Yes,58.2,449.32,4,0
CUST_11342,43,Male,29.0,Two-Year,Bank Transfer,DSL,Yes,Yes,62.13,1723.12,0,0
CUST_11343,28,Female,13.0,One-Year,Bank Transfer,Fiber Optic,No,Yes,91.47,1194.54,1,0
CUST_11344,55,Male,50.0,Month-to-Month,Electronic Check,Fiber Optic,Yes,Yes,63.54,3202.67,2,1
CUST_11345,19,Female,8.0,Month-to-Month,Bank Transfer,DSL,No,Yes,80.29,644.94,2,1
CUST_11346,24,Male,1.0,Two-Year,Bank Transfer,Fiber Optic,No,No,55.56,61.92,5,0
CUST_11347,35,Male,9.0,One-Year,Electronic Check,No,No,Yes,51.05,476.61,2,0
CUST_11348,44,Female,21.0,Month-to-Month,Credit Card,DSL,No,No,72.62,1549.83,2,1
CUST_11349,51,Female,11.0,Month-to-Month,Mailed Check,DSL,No,Yes,45.38,517.28,1,0
CUST_11350,44,Female,18.0,Two-Year,Credit Card,DSL,No,Yes,73.14,1353.38,0,0
CUST_11351,34,Female,50.0,Two-Year,Credit Card,DSL,No,Yes,46.65,2318.32,1,0
CUST_11352,60,Female,58.0,Two-Year,Mailed Check,DSL,Yes,Yes,72.95,4281.22,1,0
CUST_11353,61,Male,7.0,One-Year,Mailed Check,No,No,Yes,89.7,596.89,3,0
CUST_11354,68,Male,15.0,Month-to-Month,Mailed Check,No,No,Yes,25.13,405.69,0,0
CUST_11355,41,Male,19.0,Month-to-Month,Mailed Check,No,No,No,56.78,1090.65,8,1
CUST_11356,42,Male,71.0,Month-to-Month,Credit Card,No,Yes,No,25.81,1899.74,3,1
CUST_11357,24,Female,72.0,Two-Year,Bank Transfer,DSL,Yes,No,59.13,4266.32,2,0
CUST_11358,69,Female,6.0,Month-to-Month,Electronic Check,DSL,,Yes,71.72,450.93,1,1
CUST_11359,23,Male,31.0,One-Year,Bank Transfer,Fiber Optic,No,Yes,58.2,1754.61,2,0
CUST_11360,70,Female,11.0,Month-to-Month,Credit Card,Fiber Optic,Yes,Yes,22.18,269.61,3,0
CUST_11361,41,Female,1.0,Month-to-Month,Bank Transfer,Fiber Optic,No,No,82.98,91.43,2,1
CUST_11362,50,Male,1.0,Two-Year,Bank Transfer,Fiber Optic,No,No,35.81,57.9,3,0
CUST_11363,66,Male,15.0,Month-to-Month,Bank Transfer,Fiber Optic,Yes,No,81.71,1197.06,0,1
CUST_11364,46,Male,16.0,One-Year,Mailed Check,Fiber Optic,No,Yes,50.06,786.0,1,0
CUST_11365,60,Male,1.0,Month-to-Month,Mailed Check,No,No,Yes,47.59,53.03,1,0
CUST_11366,39,Male,28.0,Month-to-Month,Bank Transfer,No,Yes,Yes,65.22,1824.02,2,0
CUST_11367,43,Female,,Month-to-Month,Mailed Check,Fiber Optic,No,Yes,86.32,698.74,2,1
CUST_11368,45,Male,20.0,Month-to-Month,Bank Transfer,Fiber Optic,No,Yes,104.11,2087.16,4,1
CUST_11369,67,Male,9.0,One-Year,Bank Transfer,No,No,Yes,56.8,496.31,3,0
CUST_11370,38,Female,4.0,Month-to-Month,Bank Transfer,No,No,Yes,38.96,148.67,2,0
CUST_11371,66,Female,13.0,Month-to-Month,Electronic Check,No,No,Yes,71.92,912.55,2,0
CUST_11372,24,Female,6.0,Month-to-Month,Electronic Check,No,Yes,Yes,38.22,312.04,1,0
CUST_11373,34,Male,18.0,One-Year,Electronic Check,No,No,No,79.87,1447.85,0,0
CUST_11374,37,Male,5.0,Two-Year,Mailed Check,Fiber Optic,Yes,Yes,73.87,422.03,3,0
CUST_11375,58,Female,17.0,Month-to-Month,Electronic Check,Fiber Optic,No,Yes,92.1,1534.49,2,1
CUST_11376,66,Male,4.0,One-Year,Bank Transfer,DSL,Yes,No,86.07,341.63,0,0
CUST_11377,37,Male,27.0,One-Year,Electronic Check,Fiber Optic,Yes,Yes,67.79,1816.95,2,0
CUST_11378,39,Female,34.0,One-Year,Mailed Check,No,Yes,Yes,65.62,2242.96,3,0
CUST_11379,45,Female,3.0,Month-to-Month,Mailed Check,DSL,No,No,,147.87,3,0
CUST_11380,57,Male,15.0,One-Year,Mailed Check,DSL,No,Yes,46.86,668.8,2,0
CUST_11381,66,Male,2.0,One-Year,Mailed Check,Fiber Optic,No,Yes,64.17,142.62,3,0
CUST_11382,24,Male,22.0,One-Year,Electronic Check,DSL,Yes,Yes,43.46,964.15,3,0
CUST_11383,18,Male,7.0,One-Year,Credit Card,DSL,No,Yes,59.64,426.32,1,0
CUST_11384,49,Male,18.0,Two-Year,Electronic Check,No,Yes,Yes,55.59,1035.19,2,0
CUST_11385,30,Male,17.0,Month-to-Month,Bank Transfer,Fiber Optic,Yes,Yes,76.85,1334.88,1,1
CUST_11386,47,Male,62.0,Two-Year,Credit Card,No,No,Yes,64.55,4050.85,1,0
CUST_11387,40,Female,19.0,Month-to-Month,Mailed Check,No,No,No,84.9,1623.27,1,0
CUST_11388,68,Female,21.0,One-Year,Credit Card,DSL,Yes,Yes,,1265.58,1,0
CUST_11389,36,Female,12.0,Month-to-Month,Electronic Check,DSL,No,No,41.61,493.61,2,1
CUST_11390,49,Male,71.0,Month-to-Month,Mailed Check,DSL,No,Yes,75.98,5400.34,0,0
CUST_11391,47,Male,,One-Year,Mailed Check,Fiber Optic,No,Yes,62.52,2268.15,1,0
CUST_11392,46,Male,8.0,One-Year,Electronic Check,Fiber Optic,Yes,Yes,59.6,461.97,5,0
CUST_11393,66,Male,45.0,Month-to-Month,Mailed Check,No,No,No,56.56,2547.05,2,1
CUST_11394,62,Male,14.0,Month-to-Month,Mailed Check,DSL,Yes,No,64.77,868.34,1,1
CUST_11395,46,Female,42.0,Month-to-Month,Bank Transfer,Fiber Optic,Yes,Yes,59.59,2539.8,2,0
CUST_11396,47,Female,42.0,Two-Year,Credit Card,DSL,Yes,Yes,75.34,3202.17,1,0
CUST_11397,33,Female,5.0,Two-Year,Electronic Check,Fiber Optic,No,No,79.8,362.6,3,0
CUST_11398,57,Male,29.0,Month-to-Month,Electronic Check,Fiber Optic,,No,57.59,1704.84,1,0
CUST_11399,36,Female,8.0,Two-Year,Mailed Check,DSL,No,Yes,104.99,868.96,1,0
CUST_11400,35,Male,8.0,Two-Year,Mailed Check,Fiber Optic,Yes,Yes,53.59,438.32,3,0
CUST_11401,18,Male,8.0,Month-to-Month,Bank Transfer,Fiber Optic,No,No,65.36,532.55,2,1
CUST_11402,31,Male,31.0,One-Year,Mailed Check,DSL,No,Yes,32.55,1026.23,2,0
CUST_11403,68,Female,6.0,Month-to-Month,Electronic Check,DSL,Yes,No,62.91,338.04,2,0
CUST_11404,64,Female,1.0,One-Year,Bank Transfer,Fiber Optic,No,Yes,60.93,130.05,0,0
CUST_11405,67,Male,30.0,Month-to-Month,Credit Card,Fiber Optic,Yes,No,64.01,1855.22,0,0
CUST_11406,19,Female,5.0,Month-to-Month,Mailed Check,Fiber Optic,No,Yes,84.54,378.83,1,1
CUST_11407,45,Female,3.0,Month-to-Month,Bank Transfer,Fiber Optic,No,Yes,98.59,327.61,3,1
CUST_11408,66,Male,7.0,Month-to-Month,Electronic Check,Fiber Optic,,Yes,87.16,637.65,3,1
CUST_11409,67,Male,11.0,Two-Year,Electronic Check,Fiber Optic,No,No,62.95,743.57,1,0
CUST_11410,47,Male,16.0,Month-to-Month,Electronic Check,Fiber Optic,No,No,68.94,1106.17,1,1
CUST_11411,55,Female,1.0,Month-to-Month,Mailed Check,No,Yes,No,95.46,67.77,1,1
CUST_11412,68,Male,72.0,Two-Year,Credit Card,Fiber Optic,No,No,44.98,3240.52,0,0
CUST_11413,21,Female,30.0,Month-to-Month,Mailed Check,Fiber Optic,No,Yes,80.7,2446.57,3,0
CUST_11414,18,Male,9.0,Month-to-Month,Electronic Check,Fiber Optic,Yes,Yes,47.24,404.32,1,0
CUST_11415,25,Female,9.0,Two-Year,Electronic Check,Fiber Optic,,No,87.86,758.74,4,0
CUST_11416,46,Male,14.0,Two-Year,Mailed Check,DSL,No,No,62.32,873.43,5,0
CUST_11417,56,Female,24.0,Month-to-Month,Bank Transfer,Fiber Optic,No,Yes,47.41,1116.17,1,0
CUST_11418,20,Female,4.0,Month-to-Month,Mailed Check,Fiber Optic,Yes,Yes,51.85,202.18,4,1
CUST_11419,49,Female,5.0,Two-Year,Mailed Check,Fiber Optic,Yes,Yes,55.02,256.57,3,0
CUST_11420,27,Female,47.0,Month-to-Month,Bank Transfer,DSL,No,Yes,84.06,3968.3,3,0
CUST_11421,27,Male,7.0,Month-to-Month,Electronic Check,Fiber Optic,No,No,91.79,629.04,0,1
CUST_11422,36,Female,11.0,Month-to-Month,Electronic Check,DSL,Yes,No,56.96,611.02,4,0
CUST_11423,63,Male,49.0,Month-to-Month,Electronic Check,Fiber Optic,No,No,47.55,2351.11,6,1
CUST_11424,51,Male,26.0,One-Year,Electronic Check,Fiber Optic,No,No,105.6,2712.29,1,0
CUST_11425,50,Female,10.0,One-Year,Electronic Check,DSL,No,Yes,81.38,786.62,3,0
CUST_11426,40,Male,28.0,Two-Year,Electronic Check,DSL,No,Yes,49.49,1395.88,0,0
CUST_11427,45,Female,1.0,One-Year,Bank Transfer,DSL,Yes,No,72.19,45.94,1,0
CUST_11428,49,Female,32.0,Month-to-Month,Bank Transfer,Fiber Optic,No,Yes,56.75,1855.03,3,0
CUST_11429,67,Male,16.0,Month-to-Month,Bank Transfer,DSL,Yes,Yes,39.3,597.2,2,0
CUST_11430,24,Female,40.0,Two-Year,Credit Card,Fiber Optic,Yes,No,,2348.42,4,0
CUST_11431,46,Male,72.0,Month-to-Month,Electronic Check,DSL,Yes,No,37.59,2680.44,1,0
CUST_11432,25,Male,62.0,Month-to-Month,Credit Card,DSL,Yes,No,,3478.06,1,0
CUST_11433,18,Male,58.0,Two-Year,Mailed Check,Fiber Optic,No,No,57.26,3289.39,5,0
CUST_11434,20,Female,17.0,One-Year,Mailed Check,DSL,No,Yes,54.21,979.1,1,0
CUST_11435,41,Female,11.0,Month-to-Month,Mailed Check,DSL,Yes,Yes,83.22,917.92,0,0
CUST_11436,40,Female,15.0,Two-Year,Electronic Check,Fiber Optic,Yes,No,73.09,1090.81,2,0
CUST_11437,25,Female,28.0,Two-Year,Credit Card,No,,No,52.22,1399.57,1,0
CUST_11438,64,Male,52.0,Month-to-Month,Electronic Check,No,Yes,Yes,71.45,3765.38,5,0
CUST_11439,54,Male,6.0,Two-Year,Electronic Check,Fiber Optic,Yes,Yes,91.12,561.96,2,0
CUST_11440,20,Female,60.0,Month-to-Month,Electronic Check,No,No,No,48.4,2867.43,5,0
CUST_11441,68,Male,41.0,Month-to-Month,Electronic Check,Fiber Optic,No,Yes,38.72,1571.88,4,0
CUST_11442,50,Male,72.0,Two-Year,Electronic Check,DSL,No,No,43.31,3068.69,2,0
CUST_11443,45,Male,51.0,Two-Year,Electronic Check,No,No,Yes,72.53,3675.69,1,0
CUST_11444,64,Female,8.0,Month-to-Month,Electronic Check,DSL,Yes,Yes,94.8,754.97,2,0
CUST_11445,25,Female,3.0,Month-to-Month,Credit Card,Fiber Optic,No,No,81.96,294.98,2,0
CUST_11446,51,Male,3.0,Month-to-Month,Electronic Check,No,Yes,Yes,90.7,346.85,4,0
CUST_11447,52,Male,8.0,One-Year,Electronic Check,Fiber Optic,Yes,Yes,21.01,184.08,1,0
CUST_11448,49,Female,23.0,Month-to-Month,Bank Transfer,Fiber Optic,No,No,48.33,1064.88,0,0
CUST_11449,41,Female,39.0,Month-to-Month,Credit Card,Fiber Optic,No,No,42.64,1732.84,4,0
CUST_11450,31,Male,55.0,Month-to-Month,Electronic Check,No,Yes,Yes,76.17,4136.18,1,0
CUST_11451,49,Female,23.0,Month-to-Month,Electronic Check,No,Yes,Yes,61.01,1429.0,4,0
CUST_11452,63,Male,1.0,Month-to-Month,Credit Card,Fiber Optic,No,Yes,18.0,19.97,1,0
CUST_11453,60,Male,5.0,Two-Year,Electronic Check,No,No,Yes,80.19,437.94,5,0
CUST_11454,33,Female,3.0,Month-to-Month,Mailed Check,Fiber Optic,No,Yes,88.36,242.42,1,0
CUST_11455,21,Female,11.0,Month-to-Month,Electronic Check,No,,Yes,105.19,1188.13,1,1
CUST_11456,69,Male,17.0,Two-Year,Credit Card,DSL,No,Yes,68.3,1204.64,0,0
CUST_11457,54,Female,1.0,One-Year,Credit Card,Fiber Optic,No,Yes,77.38,89.68,1,0
CUST_11458,38,Female,,Month-to-Month,Credit Card,Fiber Optic,No,Yes,42.17,422.09,4,0
CUST_11459,31,Female,5.0,Month-to-Month,Electronic Check,Fiber Optic,Yes,Yes,32.17,191.46,3,0
CUST_11460,48,Female,25.0,One-Year,Mailed Check,Fiber Optic,Yes,No,89.87,2287.01,3,1
CUST_11461,65,Female,15.0,Month-to-Month,Electronic Check,DSL,No,No,75.94,1125.13,2,1
CUST_11462,35,Male,16.0,One-Year,Credit Card,Fiber Optic,Yes,Yes,89.97,1420.48,3,0
CUST_11463,24,Male,13.0,Month-to-Month,Credit Card,No,Yes,No,59.89,759.23,2,0
CUST_11464,27,Male,72.0,Month-to-Month,Mailed Check,DSL,No,No,112.4,8025.38,1,0
CUST_11465,24,Male,6.0,Month-to-Month,Bank Transfer,DSL,Yes,Yes,71.26,455.56,5,1
CUST_11466,50,Female,17.0,One-Year,Electronic Check,Fiber Optic,No,Yes,49.93,848.62,1,0
CUST_11467,40,Female,32.0,Two-Year,Mailed Check,No,Yes,Yes,58.64,1867.95,1,0
CUST_11468,38,Male,20.0,Month-to-Month,Bank Transfer,DSL,No,Yes,32.92,645.09,1,0
CUST_11469,36,Male,63.0,Month-to-Month,Mailed Check,No,No,Yes,46.15,2920.58,0,0
CUST_11470,65,Male,11.0,Month-to-Month,Mailed Check,No,No,No,57.26,609.98,2,0
CUST_11471,36,Male,15.0,Month-to-Month,Electronic Check,Fiber Optic,No,No,96.0,1466.93,6,0
CUST_11472,53,Female,2.0,Two-Year,Credit Card,Fiber Optic,No,No,63.68,116.03,2,0
CUST_11473,46,Male,23.0,Month-to-Month,Credit Card,No,No,No,86.69,1959.44,2,1
CUST_11474,35,Female,8.0,Two-Year,Credit Card,No,No,No,63.0,522.15,2,0
CUST_11475,19,Female,4.0,One-Year,Bank Transfer,DSL,No,Yes,44.48,151.85,2,0
CUST_11476,18,Male,19.0,Two-Year,Mailed Check,Fiber Optic,No,Yes,75.91,1440.17,5,0
CUST_11477,64,Male,18.0,One-Year,Electronic Check,DSL,Yes,Yes,48.1,893.86,0,0
CUST_11478,22,Male,2.0,Month-to-Month,Credit Card,Fiber Optic,No,No,57.06,115.58,1,0
CUST_11479,37,Female,29.0,Month-to-Month,Bank Transfer,Fiber Optic,No,Yes,105.63,3066.52,2,1
CUST_11480,28,Female,23.0,Month-to-Month,Bank Transfer,DSL,No,No,77.09,1759.91,3,1
CUST_11481,59,Male,5.0,Month-to-Month,Bank Transfer,Fiber Optic,No,No,48.59,248.0,1,0
CUST_11482,19,Female,15.0,Month-to-Month,Credit Card,DSL,No,Yes,79.64,1175.88,1,1
CUST_11483,20,Female,31.0,Month-to-Month,Electronic Check,No,Yes,Yes,46.24,1449.26,3,0
CUST_11484,40,Male,18.0,Two-Year,Electronic Check,No,No,No,29.92,528.49,4,0
CUST_11485,29,Male,12.0,Month-to-Month,Bank Transfer,No,No,Yes,86.85,1036.55,1,1
CUST_11486,37,Female,9.0,One-Year,Credit Card,No,No,Yes,70.9,607.89,3,0
CUST_11487,22,Female,23.0,Two-Year,Bank Transfer,Fiber Optic,No,No,61.06,1419.9,2,0
CUST_11488,54,Female,67.0,Two-Year,Mailed Check,No,No,No,31.69,2106.92,0,0
CUST_11489,55,Female,27.0,Month-to-Month,Mailed Check,No,No,Yes,58.69,1551.83,2,1
CUST_11490,47,Female,2.0,Month-to-Month,Bank Transfer,No,Yes,No,68.84,122.13,2,0
CUST_11491,26,Male,15.0,Month-to-Month,Bank Transfer,DSL,No,Yes,41.69,649.78,1,0
CUST_11492,51,Female,53.0,Month-to-Month,Bank Transfer,Fiber Optic,No,No,65.85,3507.45,1,0
CUST_11493,70,Female,2.0,Month-to-Month,Electronic Check,Fiber Optic,No,No,96.01,124.91,3,1
CUST_11494,61,Female,72.0,Two-Year,Credit Card,Fiber Optic,No,Yes,69.53,4985.33,1,0
CUST_11495,52,Male,71.0,Month-to-Month,Bank Transfer,No,No,Yes,76.69,5488.15,2,1
CUST_11496,69,Male,2.0,Month-to-Month,Bank Transfer,DSL,No,No,56.2,150.07,3,0
CUST_11497,39,Male,65.0,Two-Year,Electronic Check,No,Yes,Yes,43.98,2821.1,2,0
CUST_11498,61,Male,11.0,Month-to-Month,Electronic Check,DSL,Yes,Yes,53.77,618.42,0,0
CUST_11499,41,Male,45.0,Month-to-Month,Credit Card,DSL,No,Yes,86.1,3831.35,3,0
CUST_11500,34,Female,13.0,One-Year,Electronic Check,Fiber Optic,No,Yes,63.05,794.55,1,0
CUST_11501,27,Female,14.0,Month-to-Month,Mailed Check,Fiber Optic,No,No,60.96,821.31,1,0
CUST_11502,47,Male,24.0,One-Year,Mailed Check,Fiber Optic,No,Yes,54.89,1339.5,1,0
CUST_11503,63,Female,36.0,Month-to-Month,Bank Transfer,DSL,Yes,No,39.57,1425.52,2,0
CUST_11504,40,Male,1.0,Two-Year,Electronic Check,Fiber Optic,No,Yes,92.35,107.56,1,1
CUST_11505,49,Male,22.0,Month-to-Month,Electronic Check,DSL,No,No,60.84,1279.68,0,0
CUST_11506,34,Male,5.0,Month-to-Month,Credit Card,Fiber Optic,Yes,Yes,54.37,298.36,3,0
CUST_11507,67,Female,10.0,One-Year,Bank Transfer,No,No,Yes,66.59,714.98,0,0
CUST_11508,68,Male,10.0,Month-to-Month,Electronic Check,Fiber Optic,No,No,54.41,551.32,3,1
CUST_11509,34,Male,15.0,Month-to-Month,Electronic Check,DSL,No,Yes,71.26,1128.5,1,0
CUST_11510,31,Male,10.0,Month-to-Month,Credit Card,Fiber Optic,Yes,Yes,51.31,539.22,2,0
CUST_11511,26,Female,3.0,Month-to-Month,Electronic Check,DSL,No,No,67.47,256.62,1,1
CUST_11512,57,Male,4.0,Month-to-Month,Bank Transfer,Fiber Optic,Yes,No,63.95,248.9,2,0
CUST_11513,19,Female,1.0,One-Year,Mailed Check,DSL,No,No,102.11,111.73,2,0
CUST_11514,62,Female,15.0,One-Year,Credit Card,No,Yes,Yes,103.21,1527.8,4,0
CUST_11515,42,Female,72.0,One-Year,Bank Transfer,Fiber Optic,No,Yes,80.75,5770.45,2,0
CUST_11516,56,Female,3.0,Month-to-Month,Bank Transfer,Fiber Optic,Yes,Yes,63.23,165.3,4,0
CUST_11517,26,Male,70.0,Month-to-Month,Electronic Check,DSL,No,No,81.06,5682.74,0,0
CUST_11518,39,Male,32.0,One-Year,Credit Card,DSL,Yes,No,80.42,2535.65,1,0
CUST_11519,60,Female,24.0,Two-Year,Mailed Check,Fiber Optic,No,Yes,55.6,1337.81,2,0
CUST_11520,63,Male,25.0,Month-to-Month,Credit Card,DSL,No,Yes,32.01,734.99,1,0
CUST_11521,21,Female,42.0,Month-to-Month,Mailed Check,Fiber Optic,No,Yes,26.94,1121.56,3,0
CUST_11522,43,Female,3.0,Month-to-Month,Bank Transfer,Fiber Optic,No,Yes,62.62,195.67,2,1
CUST_11523,46,Female,17.0,Month-to-Month,Electronic Check,Fiber Optic,No,Yes,54.9,912.16,2,1
CUST_11524,62,Female,29.0,One-Year,Bank Transfer,No,No,No,54.12,1560.08,5,0
CUST_11525,51,Female,21.0,Month-to-Month,Electronic Check,DSL,Yes,No,48.91,1026.52,1,0
CUST_11526,40,Female,43.0,One-Year,Mailed Check,DSL,No,No,48.04,2054.05,2,0
CUST_11527,54,Male,2.0,Month-to-Month,Electronic Check,No,Yes,No,78.1,164.77,2,0
CUST_11528,28,Female,28.0,Month-to-Month,Electronic Check,Fiber Optic,No,No,18.0,453.29,1,0
CUST_11529,23,Male,18.0,Two-Year,Electronic Check,DSL,No,No,76.77,1346.27,3,0
CUST_11530,35,Male,11.0,Month-to-Month,Electronic Check,No,No,Yes,59.48,623.51,2,0
CUST_11531,38,Female,10.0,Month-to-Month,Credit Card,Fiber Optic,Yes,Yes,93.81,931.74,2,1
CUST_11532,59,Male,,Two-Year,Mailed Check,Fiber Optic,No,Yes,70.33,1671.82,2,0
CUST_11533,53,Male,53.0,Two-Year,Bank Transfer,No,No,No,30.34,1625.39,2,0
CUST_11534,58,Male,16.0,One-Year,Electronic Check,No,Yes,No,27.57,389.64,2,0
CUST_11535,55,Female,42.0,Month-to-Month,Bank Transfer,Fiber Optic,Yes,Yes,42.15,1776.56,1,0
CUST_11536,51,Female,12.0,Month-to-Month,Mailed Check,Fiber Optic,No,No,70.29,826.94,2,1
CUST_11537,34,Female,3.0,Two-Year,Credit Card,Fiber Optic,No,Yes,30.74,78.58,4,0
CUST_11538,54,Male,,Month-to-Month,Credit Card,Fiber Optic,No,No,67.21,112.58,1,0
CUST_11539,42,Female,1.0,Two-Year,Mailed Check,Fiber Optic,No,No,79.05,70.64,1,0
CUST_11540,55,Female,11.0,Month-to-Month,Bank Transfer,DSL,No,No,54.44,545.21,2,0
CUST_11541,29,Male,10.0,Month-to-Month,Electronic Check,No,No,No,47.24,468.74,3,1
CUST_11542,40,Male,30.0,Two-Year,Bank Transfer,Fiber Optic,No,Yes,21.98,668.87,6,0
CUST_11543,70,Male,33.0,Month-to-Month,Electronic Check,No,No,Yes,95.2,3117.54,1,1
CUST_11544,59,Female,1.0,Month-to-Month,Electronic Check,Fiber Optic,,Yes,101.54,85.65,5,1
CUST_11545,39,Female,6.0,Month-to-Month,Electronic Check,Fiber Optic,No,Yes,89.4,500.56,1,1
CUST_11546,38,Female,8.0,Month-to-Month,Bank Transfer,DSL,No,No,59.47,463.58,6,0
CUST_11547,44,Male,19.0,Month-to-Month,Mailed Check,Fiber Optic,No,Yes,63.93,1217.35,1,0
CUST_11548,48,Female,4.0,Month-to-Month,Bank Transfer,Fiber Optic,No,No,78.71,309.16,1,1
CUST_11549,23,Female,3.0,Month-to-Month,Mailed Check,No,Yes,No,67.93,223.41,5,1
CUST_11550,44,Female,69.0,One-Year,Electronic Check,Fiber Optic,Yes,Yes,18.0,1270.63,3,0
CUST_11551,57,Female,39.0,Month-to-Month,Bank Transfer,DSL,No,Yes,83.36,3233.33,0,1
CUST_11552,51,Male,5.0,Two-Year,Credit Card,Fiber Optic,Yes,Yes,89.38,439.92,1,0
CUST_11553,29,Male,13.0,Month-to-Month,Credit Card,Fiber Optic,Yes,Yes,86.44,1090.6,5,1
CUST_11554,62,Female,11.0,One-Year,Bank Transfer,DSL,No,Yes,74.05,800.07,2,0
CUST_11555,70,Female,38.0,Month-to-Month,Bank Transfer,No,No,Yes,84.16,3199.63,1,0
CUST_11556,24,Female,,One-Year,Bank Transfer,Fiber Optic,Yes,Yes,36.74,647.19,1,0
CUST_11557,27,Male,3.0,Two-Year,Electronic Check,DSL,No,No,63.13,186.43,2,0
CUST_11558,62,Female,32.0,Two-Year,Electronic Check,No,Yes,No,51.63,1661.4,3,0
CUST_11559,34,Male,12.0,One-Year,Electronic Check,DSL,No,No,94.03,1088.23,4,1
CUST_11560,43,Male,7.0,Month-to-Month,Electronic Check,Fiber Optic,No,Yes,68.68,488.07,0,0
CUST_11561,38,Female,11.0,Two-Year,Mailed Check,DSL,Yes,No,61.82,653.94,3,0
CUST_11562,45,Female,17.0,Two-Year,Credit Card,DSL,Yes,No,44.64,805.96,0,0
CUST_11563,63,Male,10.0,Two-Year,Mailed Check,DSL,Yes,No,43.81,492.54,1,0
CUST_11564,19,Male,7.0,Month-to-Month,Bank Transfer,DSL,No,Yes,42.43,343.28,1,0
CUST_11565,60,Male,12.0,Two-Year,Bank Transfer,Fiber Optic,Yes,No,79.9,931.17,1,0
CUST_11566,18,Male,1.0,Month-to-Month,Electronic Check,DSL,Yes,No,76.96,96.65,3,1
CUST_11567,68,Female,36.0,Month-to-Month,Electronic Check,DSL,Yes,Yes,70.0,2445.25,2,0
CUST_11568,70,Female,4.0,Month-to-Month,Mailed Check,DSL,No,Yes,80.82,355.39,2,1
CUST_11569,53,Male,1.0,Month-to-Month,Bank Transfer,No,Yes,No,48.89,47.82,3,0
CUST_11570,68,Female,25.0,One-Year,Credit Card,No,No,Yes,28.13,648.57,2,0
CUST_11571,43,Female,36.0,Two-Year,Mailed Check,DSL,No,Yes,78.67,2850.16,3,1
CUST_11572,46,Female,40.0,One-Year,Credit Card,DSL,No,Yes,63.87,2544.42,0,0
CUST_11573,38,Male,16.0,One-Year,Mailed Check,DSL,No,No,81.66,1296.05,0,0
CUST_11574,28,Female,6.0,Month-to-Month,Bank Transfer,DSL,No,No,73.52,456.93,4,1
CUST_11575,57,Male,32.0,One-Year,Bank Transfer,No,No,Yes,63.53,2062.9,1,0
CUST_11576,28,Male,29.0,Month-to-Month,Electronic Check,DSL,No,No,69.11,2012.2,4,0
CUST_11577,53,Male,7.0,Two-Year,Electronic Check,Fiber Optic,No,Yes,93.18,583.29,5,1
CUST_11578,66,Male,56.0,One-Year,Electronic Check,DSL,No,No,59.2,3323.14,1,0
CUST_11579,56,Male,3.0,One-Year,Mailed Check,DSL,No,Yes,79.74,208.06,2,0
CUST_11580,57,Male,72.0,Month-to-Month,Bank Transfer,DSL,Yes,No,71.18,5139.3,1,0
CUST_11581,52,Male,47.0,Two-Year,Electronic Check,DSL,Yes,Yes,31.51,1490.61,1,0
CUST_11582,51,Female,28.0,Month-to-Month,Bank Transfer,Fiber Optic,Yes,Yes,38.72,1074.36,1,0
CUST_11583,64,Female,67.0,Month-to-Month,Electronic Check,Fiber Optic,No,Yes,64.21,4297.58,0,1
CUST_11584,41,Male,31.0,One-Year,Bank Transfer,Fiber Optic,No,No,55.05,1650.87,1,0
CUST_11585,39,Female,5.0,Month-to-Month,Bank Transfer,Fiber Optic,No,No,46.0,276.4,2,0
CUST_11586,22,Female,14.0,Two-Year,Bank Transfer,Fiber Optic,No,Yes,86.41,1217.3,1,0
CUST_11587,50,Female,2.0,Month-to-Month,Mailed Check,No,No,Yes,35.09,75.53,2,1
CUST_11588,53,Male,12.0,Month-to-Month,Electronic Check,Fiber Optic,Yes,No,61.03,739.11,1,0
CUST_11589,64,Female,32.0,Two-Year,Credit Card,No,No,No,47.52,1464.11,6,0
CUST_11590,37,Female,,Month-to-Month,Electronic Check,Fiber Optic,No,Yes,94.66,1162.83,2,1
CUST_11591,36,Female,10.0,Month-to-Month,Electronic Check,Fiber Optic,No,Yes,115.35,1138.79,4,1
CUST_11592,52,Male,22.0,Month-to-Month,Electronic Check,DSL,No,Yes,58.78,1293.99,2,0
CUST_11593,69,Female,49.0,Month-to-Month,Bank Transfer,Fiber Optic,No,Yes,81.97,3995.82,0,0
CUST_11594,60,Female,1.0,One-Year,Bank Transfer,No,Yes,Yes,90.4,50.94,2,1
CUST_11595,34,Female,12.0,Month-to-Month,Bank Transfer,Fiber Optic,No,Yes,82.97,976.6,3,1
CUST_11596,62,Male,4.0,Two-Year,Mailed Check,Fiber Optic,No,Yes,80.82,314.8,1,0
CUST_11597,60,Male,29.0,One-Year,Electronic Check,No,No,No,29.54,853.5,2,0
CUST_11598,51,Female,3.0,Month-to-Month,Credit Card,Fiber Optic,No,No,88.53,247.7,3,1
CUST_11599,26,Female,26.0,One-Year,Mailed Check,Fiber Optic,No,No,72.19,1870.95,2,0
CUST_11600,43,Male,8.0,One-Year,Mailed Check,Fiber Optic,No,No,60.42,471.45,1,0
CUST_11601,19,Female,5.0,Month-to-Month,Bank Transfer,DSL,No,No,63.44,273.24,1,1
CUST_11602,70,Male,66.0,Month-to-Month,Electronic Check,Fiber Optic,Yes,Yes,70.16,4626.74,2,1
CUST_11603,26,Female,1.0,Month-to-Month,Electronic Check,DSL,Yes,No,59.92,56.09,1,0
CUST_11604,26,Female,14.0,One-Year,Mailed Check,No,Yes,Yes,57.9,786.88,1,0
CUST_11605,57,Female,1.0,One-Year,Electronic Check,No,No,No,45.45,70.52,2,0
CUST_11606,34,Female,16.0,Month-to-Month,Electronic Check,Fiber Optic,Yes,No,75.2,1200.09,3,1
CUST_11607,18,Male,17.0,One-Year,Credit Card,Fiber Optic,,No,61.77,1058.94,3,0
CUST_11608,42,Female,9.0,One-Year,Mailed Check,Fiber Optic,No,Yes,49.14,413.62,3,0
CUST_11609,60,Male,3.0,One-Year,Mailed Check,DSL,No,No,66.96,177.88,1,0
CUST_11610,57,Female,11.0,One-Year,Bank Transfer,Fiber Optic,Yes,No,65.86,713.44,0,0
CUST_11611,59,Female,27.0,Month-to-Month,Credit Card,No,Yes,Yes,75.12,1989.18,0,0
CUST_11612,42,Female,37.0,Two-Year,Electronic Check,DSL,Yes,No,64.4,2324.88,2,0
CUST_11613,56,Male,18.0,One-Year,Credit Card,Fiber Optic,Yes,Yes,77.34,1430.43,5,0
CUST_11614,52,Female,21.0,Two-Year,Bank Transfer,DSL,No,No,59.54,1230.67,2,0
CUST_11615,20,Male,5.0,Month-to-Month,Electronic Check,Fiber Optic,,Yes,60.98,298.26,1,1
CUST_11616,67,Male,8.0,Month-to-Month,Electronic Check,Fiber Optic,No,Yes,70.55,570.81,5,1
CUST_11617,54,Female,4.0,Month-to-Month,Mailed Check,Fiber Optic,No,No,72.74,282.4,4,0
CUST_11618,61,Male,7.0,Month-to-Month,Bank Transfer,Fiber Optic,No,Yes,89.23,588.54,0,1
CUST_11619,61,Female,6.0,One-Year,Electronic Check,DSL,Yes,Yes,85.95,544.82,2,0
CUST_11620,68,Male,18.0,Month-to-Month,Mailed Check,DSL,No,Yes,64.13,1137.96,2,1
CUST_11621,47,Male,20.0,Two-Year,Bank Transfer,Fiber Optic,Yes,No,36.8,753.09,3,0
CUST_11622,55,Female,70.0,One-Year,Mailed Check,No,No,Yes,78.68,5549.43,2,1
CUST_11623,51,Female,5.0,One-Year,Credit Card,Fiber Optic,No,No,75.56,338.41,1,0
CUST_11624,29,Male,25.0,Month-to-Month,Credit Card,Fiber Optic,No,No,69.34,1757.65,1,0
CUST_11625,36,Female,41.0,Two-Year,Mailed Check,Fiber Optic,No,Yes,80.46,3301.8,2,0
CUST_11626,54,Female,20.0,Two-Year,Credit Card,DSL,Yes,No,57.63,1125.23,4,0
CUST_11627,61,Female,7.0,One-Year,Electronic Check,No,No,Yes,33.1,244.41,1,1
CUST_11628,66,Male,7.0,Month-to-Month,Electronic Check,DSL,No,Yes,47.51,335.69,0,0
CUST_11629,34,Female,,Month-to-Month,Mailed Check,No,No,Yes,18.0,0.0,3,1
CUST_11630,27,Female,9.0,Month-to-Month,Bank Transfer,Fiber Optic,Yes,Yes,73.88,722.02,3,0
CUST_11631,66,Female,33.0,Month-to-Month,Bank Transfer,Fiber Optic,Yes,Yes,63.68,2112.91,1,0
CUST_11632,64,Male,1.0,Month-to-Month,Mailed Check,DSL,No,Yes,82.21,49.4,3,1
CUST_11633,29,Female,6.0,One-Year,Electronic Check,DSL,,No,80.07,490.3,2,0
CUST_11634,33,Female,29.0,One-Year,Electronic Check,Fiber Optic,No,Yes,55.2,1595.33,0,0
CUST_11635,41,Female,37.0,Month-to-Month,Credit Card,No,No,No,48.51,1760.86,0,0
CUST_11636,36,Male,15.0,Month-to-Month,Credit Card,Fiber Optic,No,Yes,49.25,731.75,2,0
CUST_11637,25,Female,29.0,Two-Year,Bank Transfer,Fiber Optic,No,Yes,103.3,3007.32,2,0
CUST_11638,48,Female,12.0,Month-to-Month,Bank Transfer,DSL,Yes,Yes,61.97,715.81,2,0
CUST_11639,38,Male,4.0,One-Year,Bank Transfer,DSL,No,Yes,59.53,196.19,1,0
CUST_11640,34,Male,12.0,Month-to-Month,Electronic Check,Fiber Optic,,No,70.83,808.7,3,1
CUST_11641,40,Female,21.0,Month-to-Month,Mailed Check,Fiber Optic,Yes,Yes,33.27,658.94,1,0
CUST_11642,54,Male,71.0,Month-to-Month,Bank Transfer,DSL,Yes,Yes,57.06,4067.29,2,0
CUST_11643,33,Female,2.0,One-Year,Mailed Check,DSL,No,Yes,47.87,108.0,2,0
CUST_11644,23,Female,17.0,Month-to-Month,Electronic Check,DSL,No,Yes,43.67,714.75,2,0
CUST_11645,25,Female,10.0,Two-Year,Credit Card,DSL,No,Yes,59.76,591.12,1,1
CUST_11646,42,Male,17.0,Month-to-Month,Credit Card,Fiber Optic,Yes,Yes,65.94,1081.61,2,0
CUST_11647,35,Male,1.0,Month-to-Month,Electronic Check,No,,Yes,39.9,20.46,4,0
CUST_11648,42,Female,9.0,One-Year,Bank Transfer,No,No,Yes,57.69,499.31,1,0
CUST_11649,29,Male,41.0,Month-to-Month,Credit Card,Fiber Optic,No,Yes,66.6,2739.57,4,1
CUST_11650,32,Female,19.0,One-Year,Electronic Check,Fiber Optic,No,No,74.03,1441.91,2,1
CUST_11651,43,Male,14.0,Month-to-Month,Mailed Check,Fiber Optic,Yes,Yes,59.54,800.74,1,1
CUST_11652,58,Male,8.0,Month-to-Month,Mailed Check,DSL,No,Yes,71.6,547.94,2,0
CUST_11653,62,Male,8.0,One-Year,Mailed Check,No,No,Yes,57.95,471.79,1,0
CUST_11654,43,Female,,Two-Year,Credit Card,DSL,No,Yes,90.63,1044.36,2,0
CUST_11655,64,Female,43.0,Month-to-Month,Mailed Check,No,No,Yes,75.88,3235.4,2,0
CUST_11656,49,Male,72.0,Two-Year,Electronic Check,Fiber Optic,No,Yes,51.58,3739.46,3,0
CUST_11657,27,Male,,Month-to-Month,Electronic Check,DSL,No,Yes,55.09,807.96,4,0
CUST_11658,33,Male,12.0,Two-Year,Electronic Check,Fiber Optic,No,Yes,72.85,846.27,1,0
CUST_11659,24,Female,45.0,One-Year,Mailed Check,Fiber Optic,No,No,54.5,2427.71,1,0
CUST_11660,34,Male,13.0,Month-to-Month,Bank Transfer,DSL,Yes,No,26.4,363.3,0,0
CUST_11661,40,Female,19.0,Month-to-Month,Electronic Check,Fiber Optic,No,Yes,,1376.04,0,0
CUST_11662,43,Female,6.0,Month-to-Month,Bank Transfer,DSL,No,Yes,57.33,334.82,2,0
CUST_11663,38,Female,33.0,Month-to-Month,Bank Transfer,DSL,Yes,No,78.6,2572.6,2,1
CUST_11664,39,Male,18.0,Month-to-Month,Electronic Check,No,No,No,65.82,1199.85,0,1
CUST_11665,24,Female,40.0,One-Year,Bank Transfer,Fiber Optic,No,No,77.92,3126.33,3,0
CUST_11666,31,Male,36.0,Two-Year,Bank Transfer,DSL,No,Yes,115.38,4151.38,2,0
CUST_11667,32,Male,6.0,Month-to-Month,Mailed Check,No,No,Yes,90.64,597.72,1,0
CUST_11668,70,Female,30.0,Month-to-Month,Electronic Check,No,No,No,57.99,1745.93,5,1
CUST_11669,24,Female,39.0,One-Year,Bank Transfer,DSL,No,No,73.46,2829.6,2,0
CUST_11670,26,Male,10.0,Two-Year,Credit Card,DSL,No,Yes,67.35,684.91,1,0
CUST_11671,68,Male,5.0,Month-to-Month,Mailed Check,Fiber Optic,No,No,70.37,330.12,3,0
CUST_11672,65,Female,1.0,Month-to-Month,Mailed Check,DSL,No,Yes,33.65,27.41,5,1
CUST_11673,25,Male,14.0,Month-to-Month,Mailed Check,DSL,No,Yes,86.09,1227.09,2,0
CUST_11674,67,Female,10.0,Month-to-Month,Electronic Check,DSL,No,Yes,18.89,213.6,1,0
CUST_11675,40,Female,19.0,Month-to-Month,Bank Transfer,DSL,Yes,Yes,64.66,1138.92,2,1
CUST_11676,46,Male,5.0,Month-to-Month,Electronic Check,Fiber Optic,No,No,29.87,131.1,3,0
CUST_11677,35,Male,47.0,Month-to-Month,Electronic Check,Fiber Optic,Yes,No,50.93,2377.35,1,1
CUST_11678,48,Male,7.0,One-Year,Mailed Check,DSL,No,No,69.19,483.04,1,0
CUST_11679,47,Female,6.0,Month-to-Month,Electronic Check,Fiber Optic,No,Yes,82.37,466.64,0,1
CUST_11680,69,Female,16.0,Month-to-Month,Mailed Check,Fiber Optic,No,Yes,85.44,1357.26,3,0
CUST_11681,56,Male,17.0,Month-to-Month,Electronic Check,Fiber Optic,No,Yes,61.14,1035.84,1,0
CUST_11682,52,Female,,Two-Year,Electronic Check,Fiber Optic,Yes,Yes,84.81,457.4,2,1
CUST_11683,35,Female,8.0,Two-Year,Credit Card,No,,No,63.75,503.74,2,0
CUST_11684,59,Male,4.0,Month-to-Month,Credit Card,DSL,No,Yes,50.76,231.12,2,0
CUST_11685,56,Female,30.0,Month-to-Month,Electronic Check,Fiber Optic,No,Yes,72.47,2135.91,3,1
CUST_11686,34,Male,35.0,One-Year,Mailed Check,DSL,Yes,Yes,46.65,1636.05,2,0
CUST_11687,31,Male,15.0,Month-to-Month,Electronic Check,Fiber Optic,Yes,Yes,62.34,936.67,2,1
CUST_11688,48,Male,30.0,Month-to-Month,Mailed Check,DSL,No,No,55.43,1607.8,4,0
CUST_11689,41,Male,32.0,Month-to-Month,Mailed Check,Fiber Optic,Yes,Yes,34.0,1076.7,0,0
CUST_11690,52,Male,4.0,Two-Year,Electronic Check,No,No,No,71.59,283.05,2,0
CUST_11691,61,Male,72.0,Two-Year,Bank Transfer,Fiber Optic,No,No,67.88,4924.21,1,0
CUST_11692,62,Female,41.0,One-Year,Electronic Check,DSL,No,Yes,88.01,3596.81,2,0
CUST_11693,51,Female,5.0,Month-to-Month,Electronic Check,No,Yes,Yes,27.63,148.82,3,0
CUST_11694,20,Female,5.0,Two-Year,Bank Transfer,No,Yes,No,50.73,231.87,4,0
CUST_11695,54,Male,3.0,Two-Year,Bank Transfer,Fiber Optic,No,Yes,87.56,271.13,0,0
CUST_11696,60,Male,4.0,Two-Year,Mailed Check,DSL,No,No,75.59,328.08,1,0
CUST_11697,57,Male,33.0,Month-to-Month,Mailed Check,Fiber Optic,Yes,Yes,79.49,2572.93,1,0
CUST_11698,43,Female,15.0,Month-to-Month,Mailed Check,DSL,Yes,Yes,94.03,1414.15,1,0
CUST_11699,40,Female,37.0,One-Year,Mailed Check,Fiber Optic,Yes,No,49.71,1854.8,4,0
CUST_11700,61,Male,33.0,Month-to-Month,Mailed Check,No,No,Yes,47.72,1570.3,3,0
CUST_11701,56,Male,22.0,Month-to-Month,Mailed Check,Fiber Optic,No,Yes,82.12,1813.42,2,1
CUST_11702,32,Female,28.0,Month-to-Month,Mailed Check,DSL,Yes,Yes,77.68,2197.29,3,0
CUST_11703,66,Male,1.0,Two-Year,Bank Transfer,DSL,No,Yes,62.5,21.13,3,0
CUST_11704,21,Male,9.0,Two-Year,Bank Transfer,No,No,Yes,61.93,568.65,3,0
CUST_11705,46,Female,24.0,Month-to-Month,Mailed Check,DSL,No,Yes,45.58,1129.22,4,1
CUST_11706,39,Female,1.0,Two-Year,Mailed Check,Fiber Optic,No,Yes,96.57,83.41,3,1
CUST_11707,42,Male,1.0,One-Year,Mailed Check,Fiber Optic,No,No,105.53,86.27,3,0
CUST_11708,30,Male,46.0,Two-Year,Mailed Check,Fiber Optic,No,Yes,87.34,3998.29,3,0
CUST_11709,35,Female,,Month-to-Month,Mailed Check,DSL,No,Yes,78.06,2194.33,3,0
CUST_11710,50,Male,7.0,Month-to-Month,Credit Card,DSL,No,Yes,76.8,580.04,0,0
CUST_11711,33,Male,28.0,Month-to-Month,Bank Transfer,DSL,No,Yes,71.62,2067.49,3,1
CUST_11712,62,Male,38.0,Month-to-Month,Credit Card,Fiber Optic,No,Yes,29.75,1177.59,4,1
CUST_11713,59,Male,9.0,One-Year,Bank Transfer,DSL,Yes,Yes,55.48,488.94,0,0
CUST_11714,61,Male,1.0,Month-to-Month,Credit Card,DSL,No,No,81.4,55.59,2,1
CUST_11715,19,Female,65.0,Two-Year,Bank Transfer,No,Yes,Yes,48.06,3077.67,2,0
CUST_11716,52,Male,10.0,Month-to-Month,Credit Card,DSL,No,Yes,68.11,694.48,4,1
CUST_11717,59,Male,3.0,Month-to-Month,Electronic Check,Fiber Optic,Yes,No,,352.56,1,1
CUST_11718,51,Female,16.0,Month-to-Month,Electronic Check,Fiber Optic,No,Yes,88.46,1421.55,1,0
CUST_11719,47,Female,35.0,Month-to-Month,Bank Transfer,Fiber Optic,No,No,83.74,2941.18,2,1
CUST_11720,30,Female,6.0,Month-to-Month,Credit Card,DSL,No,Yes,70.67,422.73,2,1
CUST_11721,30,Female,8.0,One-Year,Mailed Check,DSL,No,No,80.96,664.36,1,0
CUST_11722,35,Male,7.0,Month-to-Month,Electronic Check,Fiber Optic,No,No,60.17,402.53,0,0
CUST_11723,49,Female,72.0,One-Year,Mailed Check,Fiber Optic,Yes,No,99.06,7142.06,0,1
CUST_11724,49,Male,5.0,One-Year,Bank Transfer,Fiber Optic,Yes,Yes,33.18,156.92,1,0
CUST_11725,52,Female,21.0,Month-to-Month,Electronic Check,No,Yes,No,66.36,1407.88,2,0
CUST_11726,56,Male,62.0,One-Year,Bank Transfer,Fiber Optic,No,Yes,55.58,3445.6,2,0
CUST_11727,63,Female,4.0,Two-Year,Credit Card,Fiber Optic,No,No,78.65,330.18,1,0
CUST_11728,69,Female,72.0,Month-to-Month,Credit Card,Fiber Optic,No,Yes,58.21,4163.77,1,0
CUST_11729,46,Male,71.0,Month-to-Month,Electronic Check,Fiber Optic,No,Yes,113.36,8081.26,4,1
CUST_11730,66,Female,52.0,Two-Year,Electronic Check,DSL,No,Yes,83.31,4361.29,1,0
CUST_11731,46,Female,6.0,Month-to-Month,Mailed Check,No,No,Yes,45.03,261.22,3,0
CUST_11732,70,Female,24.0,Month-to-Month,Mailed Check,Fiber Optic,No,Yes,18.0,415.08,4,0
CUST_11733,61,Male,34.0,Two-Year,Electronic Check,DSL,,No,42.24,1398.26,1,0
CUST_11734,33,Female,72.0,Month-to-Month,Bank Transfer,Fiber Optic,No,Yes,76.23,5453.62,0,1
CUST_11735,61,Male,5.0,Month-to-Month,Mailed Check,No,Yes,No,59.73,286.9,2,0
CUST_11736,64,Male,35.0,Two-Year,Credit Card,Fiber Optic,Yes,Yes,53.53,1878.17,0,0
CUST_11737,27,Male,10.0,Two-Year,Credit Card,Fiber Optic,Yes,Yes,50.53,511.34,0,0
CUST_11738,47,Male,5.0,Month-to-Month,Electronic Check,DSL,No,Yes,,460.29,3,0
CUST_11739,42,Female,13.0,Month-to-Month,Credit Card,Fiber Optic,No,Yes,58.38,743.58,3,1
CUST_11740,56,Male,38.0,Two-Year,Bank Transfer,Fiber Optic,No,Yes,56.3,2121.07,0,0
CUST_11741,37,Female,15.0,One-Year,Mailed Check,DSL,No,No,84.89,1270.55,4,1
CUST_11742,22,Male,19.0,Month-to-Month,Mailed Check,DSL,Yes,Yes,96.24,1801.08,2,0
CUST_11743,18,Male,72.0,Month-to-Month,Mailed Check,DSL,No,No,42.72,3121.72,1,0
CUST_11744,47,Male,12.0,Month-to-Month,Electronic Check,DSL,No,Yes,88.56,1116.5,1,1
CUST_11745,66,Male,23.0,Two-Year,Bank Transfer,DSL,Yes,No,62.79,1467.94,0,0
CUST_11746,20,Male,11.0,Two-Year,Electronic Check,DSL,No,Yes,83.36,944.88,2,0
CUST_11747,62,Male,12.0,Two-Year,Bank Transfer,DSL,No,No,78.11,932.47,2,0
CUST_11748,31,Female,29.0,Two-Year,Electronic Check,DSL,Yes,Yes,65.4,1916.78,2,0
CUST_11749,47,Male,67.0,One-Year,Electronic Check,Fiber Optic,No,Yes,66.25,4476.2,4,0
CUST_11750,67,Male,19.0,Month-to-Month,Bank Transfer,Fiber Optic,Yes,Yes,78.37,1479.38,0,0
CUST_11751,21,Male,35.0,One-Year,Bank Transfer,Fiber Optic,Yes,Yes,43.07,1550.43,3,0
CUST_11752,35,Female,2.0,One-Year,Mailed Check,Fiber Optic,No,Yes,42.14,83.57,2,0
CUST_11753,54,Female,6.0,Month-to-Month,Electronic Check,DSL,No,Yes,106.62,636.77,0,0
CUST_11754,42,Male,17.0,Month-to-Month,Credit Card,Fiber Optic,No,No,88.35,1475.63,2,1
CUST_11755,65,Male,1.0,Two-Year,Bank Transfer,Fiber Optic,No,Yes,84.85,91.47,1,0
CUST_11756,18,Male,7.0,Month-to-Month,Electronic Check,Fiber Optic,No,Yes,61.88,466.76,4,1
CUST_11757,70,Female,17.0,Month-to-Month,Mailed Check,Fiber Optic,Yes,Yes,32.22,479.94,0,0
CUST_11758,63,Male,1.0,One-Year,Mailed Check,DSL,No,No,54.4,64.7,2,0
CUST_11759,32,Male,7.0,One-Year,Electronic Check,DSL,No,Yes,73.2,534.18,0,0
CUST_11760,26,Male,17.0,Month-to-Month,Bank Transfer,DSL,No,Yes,88.02,1499.92,2,1
CUST_11761,32,Male,20.0,Two-Year,Credit Card,Fiber Optic,No,Yes,73.57,1412.37,2,0
CUST_11762,66,Male,62.0,Month-to-Month,Bank Transfer,No,No,Yes,74.13,4555.29,2,1
CUST_11763,41,Female,25.0,Month-to-Month,Electronic Check,No,Yes,Yes,61.57,1536.85,4,1
CUST_11764,21,Male,13.0,Month-to-Month,Credit Card,DSL,No,No,77.99,963.67,1,0
CUST_11765,29,Female,64.0,One-Year,Electronic Check,No,No,Yes,46.82,3077.04,2,0
CUST_11766,54,Male,37.0,Two-Year,Credit Card,DSL,No,Yes,67.48,2535.69,2,0
CUST_11767,54,Male,5.0,Two-Year,Electronic Check,No,No,No,60.41,270.95,0,0
CUST_11768,60,Female,3.0,Two-Year,Mailed Check,No,Yes,Yes,93.91,307.93,0,0
CUST_11769,23,Male,27.0,Month-to-Month,Bank Transfer,No,Yes,No,18.0,506.1,1,0
CUST_11770,56,Female,20.0,Month-to-Month,Electronic Check,DSL,Yes,No,61.97,1228.52,4,1
CUST_11771,63,Female,37.0,One-Year,Bank Transfer,DSL,No,No,69.98,2618.75,1,0
CUST_11772,41,Male,32.0,Month-to-Month,Bank Transfer,DSL,No,Yes,27.93,831.17,1,0
CUST_11773,28,Female,24.0,Two-Year,Electronic Check,Fiber Optic,Yes,Yes,79.81,1905.19,1,0
CUST_11774,30,Male,72.0,One-Year,Bank Transfer,Fiber Optic,No,No,62.37,4474.96,1,0
CUST_11775,51,Female,18.0,Two-Year,Mailed Check,No,Yes,Yes,45.92,880.48,2,0
CUST_11776,42,Male,3.0,Month-to-Month,Electronic Check,Fiber Optic,No,Yes,85.37,227.3,3,1
CUST_11777,24,Female,42.0,Month-to-Month,Credit Card,DSL,Yes,Yes,50.12,2125.6,2,0
CUST_11778,69,Male,7.0,Month-to-Month,Credit Card,Fiber Optic,No,Yes,81.17,547.57,0,1
CUST_11779,21,Female,36.0,Month-to-Month,Electronic Check,Fiber Optic,No,No,68.73,2506.16,1,0
CUST_11780,25,Female,72.0,One-Year,Mailed Check,No,No,No,56.8,4076.65,4,0
CUST_11781,37,Female,29.0,Month-to-Month,Electronic Check,No,No,Yes,44.81,1263.06,2,0
CUST_11782,46,Female,22.0,Month-to-Month,Bank Transfer,DSL,Yes,No,,1115.16,2,0
CUST_11783,70,Female,15.0,Month-to-Month,Credit Card,Fiber Optic,No,Yes,82.6,1264.32,1,0
CUST_11784,68,Female,11.0,Month-to-Month,Mailed Check,DSL,No,No,88.06,984.34,0,0
CUST_11785,62,Male,10.0,Month-to-Month,Credit Card,Fiber Optic,Yes,Yes,78.9,744.21,1,0
CUST_11786,63,Male,24.0,Month-to-Month,Mailed Check,Fiber Optic,No,Yes,,1498.14,1,0
CUST_11787,27,Male,33.0,Month-to-Month,Mailed Check,Fiber Optic,No,Yes,78.86,2583.08,3,1
CUST_11788,60,Male,27.0,Month-to-Month,Credit Card,DSL,Yes,Yes,71.33,1896.36,0,0
CUST_11789,51,Male,5.0,Month-to-Month,Mailed Check,Fiber Optic,Yes,Yes,,237.74,3,0
CUST_11790,43,Female,16.0,Month-to-Month,Mailed Check,DSL,Yes,Yes,46.68,733.04,4,0
CUST_11791,58,Male,38.0,Month-to-Month,Bank Transfer,Fiber Optic,Yes,No,58.73,2249.5,3,0
CUST_11792,66,Female,15.0,Month-to-Month,Electronic Check,Fiber Optic,No,No,52.31,776.36,2,0
CUST_11793,20,Male,18.0,One-Year,Electronic Check,Fiber Optic,Yes,No,67.6,1181.26,1,0
CUST_11794,23,Male,35.0,One-Year,Credit Card,No,,No,97.12,3371.68,0,0
CUST_11795,22,Female,26.0,Two-Year,Bank Transfer,DSL,No,No,70.6,1848.91,2,0
CUST_11796,22,Female,13.0,Month-to-Month,Credit Card,Fiber Optic,Yes,No,94.38,1223.6,1,0
CUST_11797,64,Female,54.0,Month-to-Month,Electronic Check,DSL,No,Yes,65.01,3489.18,1,0
CUST_11798,40,Female,4.0,Two-Year,Mailed Check,No,Yes,No,61.64,265.51,1,0
CUST_11799,66,Male,72.0,Month-to-Month,Credit Card,DSL,No,Yes,34.7,2522.61,2,0
CUST_11800,26,Female,3.0,One-Year,Electronic Check,DSL,No,Yes,77.8,256.37,1,0
CUST_11801,52,Male,1.0,Month-to-Month,Electronic Check,Fiber Optic,Yes,Yes,51.88,48.85,3,1
CUST_11802,37,Male,53.0,Month-to-Month,Mailed Check,DSL,Yes,Yes,47.79,2505.88,7,0
CUST_11803,66,Male,7.0,One-Year,Mailed Check,DSL,Yes,No,44.74,306.42,2,0
CUST_11804,59,Male,31.0,Month-to-Month,Electronic Check,DSL,No,No,72.08,2213.19,2,0
CUST_11805,52,Male,40.0,Month-to-Month,Credit Card,No,No,No,53.44,2058.6,2,0
CUST_11806,67,Female,47.0,Month-to-Month,Credit Card,Fiber Optic,No,No,97.93,4595.63,3,1
CUST_11807,35,Female,72.0,Month-to-Month,Bank Transfer,Fiber Optic,No,Yes,87.38,6226.89,4,1
CUST_11808,34,Male,8.0,Month-to-Month,Bank Transfer,No,No,No,54.32,412.78,2,1
CUST_11809,41,Male,30.0,One-Year,Credit Card,DSL,Yes,Yes,18.0,522.51,4,0
CUST_11810,20,Male,3.0,One-Year,Bank Transfer,Fiber Optic,Yes,Yes,67.37,248.45,4,0
CUST_11811,49,Male,13.0,One-Year,Electronic Check,Fiber Optic,Yes,No,58.8,728.83,2,0
CUST_11812,52,Female,45.0,Month-to-Month,Electronic Check,No,No,No,82.8,3733.0,2,1
CUST_11813,55,Male,11.0,Two-Year,Electronic Check,Fiber Optic,Yes,No,65.27,708.5,1,0
CUST_11814,30,Female,21.0,One-Year,Electronic Check,Fiber Optic,Yes,Yes,88.02,1862.24,0,1
CUST_11815,64,Male,17.0,Month-to-Month,Electronic Check,Fiber Optic,Yes,No,74.87,1252.9,4,1
CUST_11816,42,Female,25.0,Two-Year,Mailed Check,No,No,Yes,39.47,939.39,0,0
CUST_11817,26,Male,72.0,One-Year,Electronic Check,No,No,Yes,50.06,3607.53,3,0
CUST_11818,21,Female,1.0,One-Year,Electronic Check,DSL,Yes,Yes,55.91,56.43,1,0
CUST_11819,31,Male,20.0,Month-to-Month,Mailed Check,DSL,Yes,Yes,,1238.23,1,0
CUST_11820,54,Female,48.0,Month-to-Month,Electronic Check,Fiber Optic,Yes,Yes,59.61,2852.28,1,0
CUST_11821,51,Male,16.0,Two-Year,Bank Transfer,Fiber Optic,Yes,Yes,79.37,1259.24,1,0
CUST_11822,28,Male,2.0,Month-to-Month,Electronic Check,No,Yes,No,75.06,174.25,0,0
CUST_11823,58,Female,20.0,One-Year,Credit Card,Fiber Optic,Yes,Yes,56.58,1152.98,3,0
CUST_11824,20,Female,10.0,One-Year,Credit Card,DSL,No,Yes,78.26,758.47,0,0
CUST_11825,45,Female,4.0,Two-Year,Bank Transfer,DSL,No,Yes,41.58,161.87,3,0
CUST_11826,46,Female,45.0,Month-to-Month,Bank Transfer,Fiber Optic,Yes,No,78.98,3518.04,5,0
CUST_11827,26,Female,18.0,One-Year,Credit Card,DSL,Yes,No,82.38,1499.88,1,1
CUST_11828,20,Male,65.0,Month-to-Month,Electronic Check,DSL,Yes,Yes,70.51,4597.01,3,0
CUST_11829,42,Male,39.0,One-Year,Credit Card,DSL,Yes,Yes,75.51,2987.36,2,0
CUST_11830,51,Male,28.0,One-Year,Bank Transfer,Fiber Optic,No,Yes,78.14,2210.02,0,0
CUST_11831,29,Female,1.0,Month-to-Month,Bank Transfer,Fiber Optic,No,Yes,85.95,91.31,4,1
CUST_11832,59,Male,13.0,One-Year,Mailed Check,DSL,Yes,Yes,79.84,1115.3,0,0
CUST_11833,26,Male,5.0,Month-to-Month,Mailed Check,No,No,Yes,89.15,456.17,3,1
CUST_11834,32,Female,58.0,Month-to-Month,Bank Transfer,Fiber Optic,Yes,Yes,33.54,1961.99,2,1
CUST_11835,57,Female,5.0,Month-to-Month,Bank Transfer,No,Yes,No,67.65,283.94,1,1
CUST_11836,42,Male,8.0,Month-to-Month,Bank Transfer,DSL,No,Yes,64.08,537.01,1,0
CUST_11837,22,Male,17.0,Month-to-Month,Electronic Check,No,Yes,Yes,68.05,1229.35,3,1
CUST_11838,28,Male,,Month-to-Month,Mailed Check,Fiber Optic,No,No,83.02,589.74,2,1
CUST_11839,51,Male,6.0,One-Year,Mailed Check,Fiber Optic,No,No,67.58,429.0,2,0
CUST_11840,41,Male,22.0,One-Year,Electronic Check,Fiber Optic,No,No,66.77,1502.22,1,0
CUST_11841,32,Female,2.0,One-Year,Electronic Check,Fiber Optic,No,Yes,74.34,202.74,3,0
CUST_11842,55,Female,1.0,Month-to-Month,Electronic Check,No,No,Yes,34.87,53.15,2,1
CUST_11843,25,Female,11.0,Two-Year,Mailed Check,Fiber Optic,No,Yes,96.12,1009.85,0,0
CUST_11844,22,Male,31.0,One-Year,Mailed Check,DSL,No,Yes,62.9,1956.77,0,0
CUST_11845,65,Female,19.0,Month-to-Month,Electronic Check,Fiber Optic,Yes,Yes,94.54,1819.57,0,0
CUST_11846,43,Male,13.0,Two-Year,Credit Card,DSL,No,No,47.91,643.76,1,0
CUST_11847,35,Male,20.0,Month-to-Month,Bank Transfer,Fiber Optic,No,No,46.75,930.43,0,0
CUST_11848,23,Female,11.0,One-Year,Bank Transfer,Fiber Optic,No,No,60.45,653.92,2,0
CUST_11849,54,Male,66.0,Month-to-Month,Electronic Check,Fiber Optic,No,No,65.72,4326.68,2,0
CUST_11850,65,Male,1.0,Month-to-Month,Bank Transfer,DSL,Yes,Yes,54.85,50.38,1,1
CUST_11851,30,Female,27.0,Two-Year,Mailed Check,Fiber Optic,Yes,No,48.91,1324.5,4,0
CUST_11852,45,Male,53.0,Month-to-Month,Credit Card,Fiber Optic,Yes,No,72.41,3854.0,2,0
CUST_11853,22,Female,39.0,Month-to-Month,Bank Transfer,Fiber Optic,No,No,94.0,3677.28,1,0
CUST_11854,30,Male,5.0,Two-Year,Bank Transfer,No,No,Yes,98.18,477.94,1,0
CUST_11855,34,Female,8.0,Two-Year,Credit Card,DSL,Yes,Yes,59.13,437.38,2,0
CUST_11856,67,Male,30.0,One-Year,Electronic Check,DSL,No,Yes,43.41,1313.65,3,0
CUST_11857,57,Male,2.0,Month-to-Month,Electronic Check,DSL,No,Yes,59.74,110.8,3,1
CUST_11858,62,Female,40.0,Month-to-Month,Bank Transfer,Fiber Optic,No,No,,4017.42,1,1
CUST_11859,49,Male,30.0,One-Year,Electronic Check,DSL,No,No,85.58,2594.76,0,0
CUST_11860,46,Male,31.0,Month-to-Month,Electronic Check,Fiber Optic,Yes,No,72.71,2264.24,2,0
CUST_11861,68,Male,3.0,Month-to-Month,Bank Transfer,Fiber Optic,No,Yes,55.66,144.31,2,0
CUST_11862,20,Male,30.0,Month-to-Month,Electronic Check,DSL,Yes,Yes,83.24,2456.66,0,1
CUST_11863,57,Male,27.0,Month-to-Month,Bank Transfer,DSL,Yes,Yes,110.25,2976.82,0,0
CUST_11864,51,Male,43.0,Month-to-Month,Credit Card,Fiber Optic,,No,62.15,2676.83,3,0
CUST_11865,57,Female,1.0,Month-to-Month,Electronic Check,Fiber Optic,No,Yes,25.59,0.0,2,0
CUST_11866,44,Male,1.0,Month-to-Month,Electronic Check,DSL,No,No,44.48,58.69,4,0
CUST_11867,30,Male,11.0,Month-to-Month,Electronic Check,DSL,No,No,66.25,730.23,2,0
CUST_11868,62,Male,4.0,Month-to-Month,Electronic Check,Fiber Optic,No,No,61.89,167.44,1,0
CUST_11869,50,Male,20.0,Month-to-Month,Electronic Check,Fiber Optic,Yes,No,92.21,1818.52,3,1
CUST_11870,23,Female,60.0,One-Year,Electronic Check,No,No,No,53.17,3166.51,1,0
CUST_11871,41,Male,12.0,Two-Year,Mailed Check,DSL,No,Yes,61.51,701.52,2,1
CUST_11872,36,Female,45.0,Month-to-Month,Electronic Check,No,Yes,No,52.05,2353.87,3,0
CUST_11873,33,Male,1.0,Month-to-Month,Bank Transfer,Fiber Optic,No,Yes,80.58,134.23,0,0
CUST_11874,57,Female,4.0,Month-to-Month,Credit Card,DSL,Yes,Yes,47.79,205.07,3,1
CUST_11875,45,Female,,Month-to-Month,Bank Transfer,Fiber Optic,Yes,Yes,60.3,79.27,2,0
CUST_11876,50,Female,10.0,Month-to-Month,Mailed Check,DSL,,No,34.53,322.02,3,0
CUST_11877,65,Female,57.0,Month-to-Month,Electronic Check,Fiber Optic,Yes,Yes,54.43,3117.8,0,0
CUST_11878,58,Female,2.0,One-Year,Bank Transfer,Fiber Optic,No,No,98.26,191.02,1,1
CUST_11879,30,Male,22.0,One-Year,Mailed Check,Fiber Optic,No,No,100.52,2211.46,4,0
CUST_11880,60,Male,14.0,Month-to-Month,Electronic Check,DSL,No,No,78.48,1080.61,0,1
CUST_11881,62,Female,67.0,Month-to-Month,Credit Card,DSL,Yes,Yes,73.82,4898.59,4,0
CUST_11882,42,Male,3.0,One-Year,Electronic Check,DSL,No,No,52.41,184.82,1,0
CUST_11883,70,Male,6.0,Month-to-Month,Electronic Check,No,Yes,Yes,68.98,418.72,3,1
CUST_11884,59,Female,,One-Year,Credit Card,DSL,No,Yes,68.31,61.44,1,0
CUST_11885,53,Male,14.0,Month-to-Month,Credit Card,DSL,Yes,No,65.35,969.67,2,0
CUST_11886,44,Female,8.0,One-Year,Electronic Check,No,No,Yes,81.13,619.15,4,0
CUST_11887,55,Female,49.0,Two-Year,Mailed Check,DSL,Yes,Yes,46.13,2279.58,3,0
CUST_11888,24,Female,22.0,Two-Year,Bank Transfer,Fiber Optic,No,No,116.24,2618.87,2,1
CUST_11889,22,Female,23.0,Month-to-Month,Bank Transfer,No,No,Yes,97.5,2255.07,4,1
CUST_11890,60,Male,18.0,Month-to-Month,Electronic Check,Fiber Optic,No,Yes,48.76,842.88,3,0
CUST_11891,62,Male,2.0,Month-to-Month,Bank Transfer,DSL,Yes,No,67.15,163.65,1,0
CUST_11892,68,Male,14.0,Two-Year,Credit Card,Fiber Optic,Yes,Yes,53.02,725.92,3,0
CUST_11893,48,Male,72.0,Month-to-Month,Electronic Check,DSL,No,Yes,77.72,5577.41,3,0
CUST_11894,40,Female,43.0,Month-to-Month,Credit Card,DSL,No,No,63.22,2691.38,2,0
CUST_11895,59,Female,54.0,Month-to-Month,Credit Card,Fiber Optic,No,No,27.37,1526.83,4,0
CUST_11896,27,Male,42.0,Month-to-Month,Electronic Check,DSL,No,No,46.58,1944.21,2,0
CUST_11897,49,Male,3.0,Month-to-Month,Bank Transfer,DSL,No,No,91.53,246.99,2,0
CUST_11898,60,Female,6.0,One-Year,Electronic Check,Fiber Optic,No,Yes,60.62,401.12,3,0
CUST_11899,70,Male,1.0,Month-to-Month,Bank Transfer,Fiber Optic,No,No,60.44,12.81,3,0
CUST_11900,47,Male,9.0,Month-to-Month,Bank Transfer,Fiber Optic,Yes,No,78.38,707.35,3,1
CUST_11901,56,Male,3.0,Two-Year,Electronic Check,No,No,Yes,83.8,231.0,2,0
CUST_11902,48,Female,15.0,One-Year,Bank Transfer,DSL,No,No,63.22,966.49,2,0
CUST_11903,35,Female,27.0,Two-Year,Credit Card,No,No,No,21.68,572.66,2,0
CUST_11904,53,Female,50.0,Month-to-Month,Mailed Check,Fiber Optic,Yes,Yes,48.94,2404.66,4,0
CUST_11905,19,Female,33.0,One-Year,Electronic Check,Fiber Optic,No,No,22.12,734.28,2,0
CUST_11906,31,Male,67.0,Month-to-Month,Electronic Check,Fiber Optic,No,No,37.01,2465.9,1,0
CUST_11907,30,Male,1.0,Month-to-Month,Bank Transfer,Fiber Optic,,Yes,66.54,91.8,1,1
CUST_11908,46,Female,1.0,Month-to-Month,Credit Card,DSL,No,No,65.92,67.93,0,0
CUST_11909,29,Male,26.0,Month-to-Month,Credit Card,No,No,No,90.51,2417.5,3,1
CUST_11910,56,Female,8.0,Month-to-Month,Mailed Check,Fiber Optic,No,No,64.34,498.02,2,1
CUST_11911,19,Female,7.0,Two-Year,Mailed Check,No,Yes,Yes,47.44,367.26,7,0
CUST_11912,49,Female,10.0,Month-to-Month,Electronic Check,Fiber Optic,Yes,Yes,89.06,880.09,2,0
CUST_11913,30,Female,8.0,Month-to-Month,Electronic Check,No,Yes,Yes,100.02,796.53,1,1
CUST_11914,63,Female,17.0,Month-to-Month,Mailed Check,Fiber Optic,No,No,83.33,1439.3,1,0
CUST_11915,44,Female,14.0,Month-to-Month,Mailed Check,No,No,No,63.65,862.85,2,0
CUST_11916,66,Male,17.0,One-Year,Mailed Check,Fiber Optic,Yes,Yes,58.84,1035.94,1,0
CUST_11917,58,Male,27.0,Month-to-Month,Credit Card,No,Yes,Yes,41.17,1132.37,2,0
CUST_11918,34,Male,12.0,One-Year,Bank Transfer,Fiber Optic,No,Yes,49.2,614.14,3,0
CUST_11919,57,Female,7.0,Month-to-Month,Bank Transfer,Fiber Optic,No,No,56.03,420.28,1,0
CUST_11920,48,Male,4.0,One-Year,Electronic Check,DSL,No,No,38.51,171.4,2,0
CUST_11921,51,Female,10.0,One-Year,Credit Card,Fiber Optic,No,Yes,58.3,603.41,2,0
CUST_11922,41,Male,32.0,Two-Year,Bank Transfer,DSL,Yes,Yes,59.37,1939.33,2,0
CUST_11923,62,Female,34.0,Two-Year,Credit Card,No,No,Yes,90.49,3076.83,2,1
CUST_11924,52,Male,26.0,One-Year,Mailed Check,DSL,Yes,Yes,32.62,842.76,2,0
CUST_11925,65,Female,6.0,Month-to-Month,Mailed Check,DSL,No,No,68.45,425.22,3,0
CUST_11926,23,Female,21.0,Month-to-Month,Mailed Check,Fiber Optic,Yes,Yes,37.78,796.38,2,0
CUST_11927,36,Male,20.0,One-Year,Electronic Check,DSL,Yes,Yes,25.88,545.67,1,0
CUST_11928,47,Male,16.0,Two-Year,Bank Transfer,DSL,Yes,No,55.11,937.72,1,0
CUST_11929,24,Female,19.0,Month-to-Month,Credit Card,No,No,No,65.38,1213.85,4,0
CUST_11930,27,Male,16.0,Month-to-Month,Electronic Check,Fiber Optic,No,No,90.44,1449.99,2,1
CUST_11931,58,Male,20.0,One-Year,Electronic Check,DSL,Yes,No,59.62,1160.5,2,0
CUST_11932,49,Female,30.0,Month-to-Month,Bank Transfer,Fiber Optic,Yes,No,54.23,1620.59,0,0
CUST_11933,51,Female,3.0,Month-to-Month,Electronic Check,Fiber Optic,No,No,50.96,148.42,2,0
CUST_11934,45,Female,33.0,Month-to-Month,Bank Transfer,Fiber Optic,Yes,No,54.65,1791.75,0,0
CUST_11935,32,Male,4.0,One-Year,Bank Transfer,Fiber Optic,Yes,No,18.0,99.14,1,0
CUST_11936,47,Male,2.0,Two-Year,Electronic Check,Fiber Optic,No,No,48.61,107.98,2,0
CUST_11937,54,Female,72.0,Month-to-Month,Credit Card,Fiber Optic,No,Yes,81.03,5816.17,2,0
CUST_11938,46,Female,72.0,Month-to-Month,Mailed Check,No,Yes,Yes,18.0,1323.2,3,0
CUST_11939,39,Female,1.0,Month-to-Month,Credit Card,Fiber Optic,No,Yes,56.7,53.28,3,0
CUST_11940,21,Male,14.0,Month-to-Month,Bank Transfer,No,No,No,59.23,813.26,1,0
CUST_11941,37,Male,5.0,One-Year,Credit Card,Fiber Optic,No,No,79.33,366.1,1,0
CUST_11942,49,Male,16.0,Month-to-Month,Electronic Check,Fiber Optic,Yes,No,67.33,1033.32,2,1
CUST_11943,53,Male,43.0,Month-to-Month,Electronic Check,DSL,No,Yes,73.44,3143.97,5,1
CUST_11944,67,Male,72.0,One-Year,Electronic Check,DSL,Yes,Yes,50.08,3607.52,0,0
CUST_11945,21,Male,24.0,One-Year,Mailed Check,DSL,No,No,29.83,743.75,3,0
CUST_11946,44,Female,10.0,Month-to-Month,Credit Card,DSL,Yes,Yes,54.4,482.68,1,0
CUST_11947,34,Male,22.0,Month-to-Month,Mailed Check,Fiber Optic,No,Yes,62.15,1423.22,4,0
CUST_11948,29,Female,9.0,Two-Year,Credit Card,DSL,No,No,88.16,770.36,0,0
CUST_11949,39,Female,58.0,Month-to-Month,Electronic Check,DSL,No,Yes,36.45,2102.54,2,0
CUST_11950,34,Female,49.0,One-Year,Electronic Check,Fiber Optic,Yes,Yes,106.78,5221.73,0,0
CUST_11951,27,Male,20.0,Month-to-Month,Credit Card,No,No,Yes,68.45,1350.06,1,0
CUST_11952,18,Female,9.0,One-Year,Mailed Check,DSL,No,Yes,49.78,438.88,1,0
CUST_11953,39,Female,8.0,One-Year,Bank Transfer,Fiber Optic,Yes,Yes,48.74,382.77,0,0
CUST_11954,43,Female,1.0,One-Year,Electronic Check,No,No,Yes,61.81,57.25,2,0
CUST_11955,35,Female,41.0,Two-Year,Credit Card,No,Yes,Yes,63.65,2657.21,2,0
CUST_11956,67,Female,14.0,Two-Year,Bank Transfer,DSL,No,Yes,65.26,891.59,3,0
CUST_11957,31,Female,9.0,One-Year,Bank Transfer,Fiber Optic,No,No,77.75,754.77,0,0
CUST_11958,64,Male,15.0,Month-to-Month,Electronic Check,No,Yes,Yes,51.78,793.06,2,1
CUST_11959,46,Female,41.0,Month-to-Month,Mailed Check,Fiber Optic,Yes,Yes,67.13,2705.75,3,0
CUST_11960,29,Male,3.0,One-Year,Credit Card,Fiber Optic,,Yes,58.3,149.96,2,0
CUST_11961,53,Female,47.0,One-Year,Credit Card,Fiber Optic,No,Yes,97.93,4574.2,1,1
CUST_11962,52,Male,55.0,Month-to-Month,Electronic Check,DSL,No,Yes,28.84,1585.53,2,0
CUST_11963,69,Male,70.0,Month-to-Month,Electronic Check,No,Yes,Yes,107.9,7592.59,2,0
CUST_11964,29,Female,12.0,One-Year,Mailed Check,DSL,No,No,47.33,592.38,2,0
CUST_11965,24,Female,6.0,Month-to-Month,Electronic Check,No,Yes,No,43.29,229.22,1,0
CUST_11966,46,Male,11.0,Month-to-Month,Bank Transfer,Fiber Optic,No,No,59.08,686.33,3,0
CUST_11967,28,Male,10.0,One-Year,Electronic Check,Fiber Optic,No,Yes,69.32,661.91,5,1
CUST_11968,50,Female,5.0,One-Year,Electronic Check,DSL,No,No,57.73,261.89,3,0
CUST_11969,23,Male,22.0,Month-to-Month,Bank Transfer,No,Yes,Yes,76.95,1724.37,3,1
CUST_11970,64,Female,16.0,Month-to-Month,Mailed Check,DSL,No,No,56.01,927.0,1,0
CUST_11971,32,Male,48.0,Month-to-Month,Bank Transfer,Fiber Optic,No,Yes,52.13,2526.69,2,0
CUST_11972,49,Female,1.0,Month-to-Month,Credit Card,Fiber Optic,No,No,46.51,47.11,3,0
CUST_11973,68,Female,25.0,One-Year,Electronic Check,Fiber Optic,No,No,90.21,2253.0,3,0
CUST_11974,28,Male,35.0,Month-to-Month,Bank Transfer,Fiber Optic,No,Yes,72.69,2509.02,2,0
CUST_11975,40,Male,34.0,Month-to-Month,Electronic Check,Fiber Optic,Yes,Yes,41.86,1422.87,3,0
CUST_11976,43,Male,52.0,Month-to-Month,Mailed Check,No,No,Yes,55.95,2889.2,3,0
CUST_11977,51,Female,31.0,Month-to-Month,Electronic Check,DSL,No,Yes,38.52,1188.77,5,0
CUST_11978,63,Female,63.0,Two-Year,Electronic Check,DSL,No,No,119.52,7598.61,1,0
CUST_11979,51,Female,10.0,Month-to-Month,Electronic Check,Fiber Optic,No,Yes,68.66,696.3,6,1
CUST_11980,46,Male,17.0,Two-Year,Electronic Check,Fiber Optic,No,Yes,25.21,395.31,3,0
CUST_11981,21,Male,1.0,Two-Year,Credit Card,DSL,No,No,37.8,75.1,2,0
CUST_11982,34,Male,1.0,Month-to-Month,Bank Transfer,No,Yes,Yes,39.99,80.27,0,0
CUST_11983,52,Male,7.0,One-Year,Credit Card,DSL,Yes,Yes,70.85,538.98,1,0
CUST_11984,30,Female,3.0,Month-to-Month,Bank Transfer,No,No,Yes,31.04,78.82,3,1
CUST_11985,58,Female,7.0,One-Year,Electronic Check,No,Yes,No,37.69,260.49,2,0
CUST_11986,56,Female,5.0,Month-to-Month,Electronic Check,Fiber Optic,No,Yes,59.97,262.0,0,0
CUST_11987,32,Male,1.0,Two-Year,Electronic Check,Fiber Optic,No,No,63.34,110.12,2,0
CUST_11988,46,Female,58.0,Month-to-Month,Electronic Check,DSL,No,Yes,53.92,3131.08,1,0
CUST_11989,46,Female,1.0,One-Year,Bank Transfer,Fiber Optic,No,Yes,56.69,15.58,1,0
CUST_11990,28,Female,32.0,Month-to-Month,Mailed Check,Fiber Optic,No,Yes,36.3,1211.21,1,0
CUST_11991,69,Female,4.0,Two-Year,Mailed Check,Fiber Optic,No,No,73.92,275.32,2,0
CUST_11992,49,Male,58.0,Month-to-Month,Electronic Check,Fiber Optic,Yes,Yes,24.97,1436.42,1,0
CUST_11993,19,Male,54.0,One-Year,Electronic Check,No,No,Yes,61.71,3300.94,3,0
CUST_11994,64,Female,25.0,Month-to-Month,Electronic Check,Fiber Optic,Yes,No,100.61,2479.04,1,0
CUST_11995,31,Male,27.0,Month-to-Month,Electronic Check,Fiber Optic,Yes,No,57.68,1569.05,1,0
CUST_11996,37,Male,1.0,One-Year,Bank Transfer,DSL,No,No,37.02,16.12,4,0
CUST_11997,39,Female,72.0,Two-Year,Electronic Check,DSL,Yes,Yes,62.67,4466.49,1,0
CUST_11998,28,Female,50.0,Month-to-Month,Bank Transfer,DSL,No,Yes,58.84,2971.73,1,1
CUST_11999,44,Female,54.0,Two-Year,Mailed Check,No,No,Yes,68.69,3724.35,1,0
CUST_12000,20,Male,26.0,One-Year,Electronic Check,DSL,No,No,68.37,1831.26,1,0
CUST_12001,34,Male,10.0,Two-Year,Credit Card,DSL,Yes,Yes,84.24,831.22,2,0
CUST_12002,61,Female,54.0,Month-to-Month,Bank Transfer,Fiber Optic,No,Yes,54.96,2969.04,3,1
CUST_12003,45,Female,8.0,Month-to-Month,Electronic Check,DSL,Yes,Yes,48.28,392.59,1,0
CUST_12004,46,Female,20.0,Two-Year,Credit Card,DSL,Yes,Yes,48.79,979.99,2,0
CUST_12005,38,Female,3.0,Month-to-Month,Electronic Check,No,Yes,No,51.87,163.14,3,1
CUST_12006,64,Female,61.0,Month-to-Month,Electronic Check,No,No,No,70.73,4304.9,2,1
CUST_12007,33,Female,4.0,Month-to-Month,Bank Transfer,DSL,Yes,No,37.32,95.21,4,0
CUST_12008,54,Male,6.0,Month-to-Month,Bank Transfer,DSL,No,Yes,46.09,285.18,1,0
CUST_12009,37,Female,20.0,One-Year,Electronic Check,Fiber Optic,Yes,No,66.01,1337.45,0,1
CUST_12010,23,Female,35.0,One-Year,Electronic Check,Fiber Optic,Yes,Yes,89.1,3108.41,1,0
CUST_12011,36,Female,23.0,One-Year,Credit Card,Fiber Optic,No,Yes,47.31,1162.72,1,0
CUST_12012,22,Male,6.0,Month-to-Month,Electronic Check,Fiber Optic,Yes,Yes,71.98,417.57,2,1
CUST_12013,20,Female,1.0,Month-to-Month,Electronic Check,Fiber Optic,No,Yes,60.83,42.07,0,1
CUST_12014,18,Male,34.0,Month-to-Month,Mailed Check,Fiber Optic,No,Yes,75.07,2565.69,0,0
CUST_12015,55,Female,72.0,Month-to-Month,Credit Card,DSL,,Yes,66.19,4772.73,0,0
CUST_12016,32,Male,40.0,Two-Year,Electronic Check,DSL,No,No,65.54,2574.38,1,0
CUST_12017,51,Female,15.0,One-Year,Bank Transfer,DSL,No,No,116.05,1764.65,3,0
CUST_12018,52,Male,56.0,Month-to-Month,Bank Transfer,DSL,No,Yes,120.0,6706.31,3,1
CUST_12019,66,Male,13.0,Two-Year,Mailed Check,Fiber Optic,No,Yes,59.74,813.77,1,0
CUST_12020,42,Male,18.0,Month-to-Month,Bank Transfer,No,Yes,Yes,46.65,851.69,2,1
CUST_12021,41,Female,16.0,One-Year,Credit Card,Fiber Optic,No,Yes,69.84,1110.39,2,0
CUST_12022,29,Male,14.0,Month-to-Month,Electronic Check,No,No,Yes,77.08,1117.37,3,0
CUST_12023,35,Male,36.0,One-Year,Electronic Check,Fiber Optic,Yes,Yes,91.41,3274.3,3,0
CUST_12024,32,Female,18.0,Month-to-Month,Credit Card,DSL,No,No,20.1,321.74,0,0
CUST_12025,61,Male,9.0,Month-to-Month,Bank Transfer,Fiber Optic,No,Yes,56.79,470.22,2,0
CUST_12026,33,Female,7.0,Month-to-Month,Mailed Check,Fiber Optic,No,Yes,54.84,391.16,2,0
CUST_12027,44,Female,1.0,Month-to-Month,Bank Transfer,Fiber Optic,Yes,No,48.86,103.47,4,1
CUST_12028,25,Female,21.0,Month-to-Month,Bank Transfer,DSL,No,No,35.06,731.98,0,0
CUST_12029,63,Male,6.0,Month-to-Month,Bank Transfer,Fiber Optic,Yes,Yes,60.51,385.86,2,0
CUST_12030,42,Female,4.0,Month-to-Month,Credit Card,DSL,No,Yes,79.09,325.7,4,0
CUST_12031,34,Male,25.0,One-Year,Mailed Check,Fiber Optic,Yes,No,40.11,990.36,0,0
CUST_12032,46,Male,27.0,Month-to-Month,Electronic Check,Fiber Optic,Yes,No,66.76,1752.79,1,1
CUST_12033,70,Male,33.0,One-Year,Bank Transfer,No,Yes,Yes,73.4,2427.19,0,0
CUST_12034,25,Female,17.0,Month-to-Month,Mailed Check,No,No,No,97.87,1687.92,4,0
CUST_12035,32,Male,54.0,Two-Year,Bank Transfer,DSL,No,Yes,77.7,4209.46,1,0
CUST_12036,44,Female,66.0,Two-Year,Mailed Check,Fiber Optic,Yes,No,63.29,4166.95,1,0
CUST_12037,63,Female,40.0,Month-to-Month,Electronic Check,Fiber Optic,Yes,Yes,71.23,2833.34,1,0
CUST_12038,67,Male,24.0,One-Year,Mailed Check,No,No,Yes,80.25,1906.99,0,0
CUST_12039,69,Male,9.0,Month-to-Month,Bank Transfer,Fiber Optic,No,No,67.42,587.02,2,0
CUST_12040,24,Female,72.0,Two-Year,Bank Transfer,No,No,No,80.73,5813.91,1,0
CUST_12041,20,Female,8.0,Month-to-Month,Mailed Check,Fiber Optic,Yes,Yes,58.35,462.1,0,0
CUST_12042,46,Female,5.0,Month-to-Month,Electronic Check,No,No,Yes,89.01,460.22,1,0
CUST_12043,61,Male,14.0,Month-to-Month,Mailed Check,Fiber Optic,Yes,Yes,54.81,738.24,3,0
CUST_12044,70,Male,1.0,Month-to-Month,Bank Transfer,Fiber Optic,No,Yes,51.28,50.49,0,0
CUST_12045,41,Male,72.0,Month-to-Month,Mailed Check,DSL,Yes,Yes,55.64,4005.03,4,0
CUST_12046,20,Male,21.0,One-Year,Bank Transfer,No,No,No,45.59,942.14,4,0
CUST_12047,37,Male,20.0,Month-to-Month,Mailed Check,No,No,Yes,80.09,1611.02,3,0
CUST_12048,63,Female,26.0,Month-to-Month,Electronic Check,DSL,No,No,33.55,845.52,1,0
CUST_12049,32,Male,16.0,Month-to-Month,Bank Transfer,DSL,No,No,56.33,937.06,0,0
CUST_12050,42,Male,1.0,Month-to-Month,Electronic Check,DSL,No,Yes,71.49,84.21,0,1
CUST_12051,47,Female,23.0,Month-to-Month,Mailed Check,DSL,Yes,No,65.24,1516.86,4,0
CUST_12052,31,Female,30.0,Two-Year,Electronic Check,No,No,No,64.16,1922.65,2,0
CUST_12053,24,Male,13.0,Month-to-Month,Electronic Check,DSL,No,Yes,62.15,798.09,1,0
CUST_12054,34,Female,34.0,One-Year,Mailed Check,DSL,No,No,68.29,2300.2,1,0
CUST_12055,61,Male,6.0,Month-to-Month,Mailed Check,DSL,Yes,No,44.95,244.72,2,0
CUST_12056,37,Male,6.0,Month-to-Month,Bank Transfer,DSL,No,Yes,55.41,286.59,1,1
CUST_12057,53,Male,4.0,One-Year,Bank Transfer,No,No,Yes,59.85,242.19,1,0
CUST_12058,26,Female,11.0,Month-to-Month,Bank Transfer,Fiber Optic,Yes,No,74.12,836.28,8,1
CUST_12059,55,Male,45.0,Month-to-Month,Mailed Check,Fiber Optic,No,Yes,83.86,3737.05,4,0
CUST_12060,65,Male,42.0,One-Year,Bank Transfer,DSL,No,No,62.36,2658.8,0,0
CUST_12061,39,Male,12.0,Month-to-Month,Bank Transfer,Fiber Optic,No,No,79.69,909.1,3,0
CUST_12062,70,Female,21.0,Month-to-Month,Mailed Check,DSL,No,Yes,66.79,1428.22,2,0
CUST_12063,70,Male,31.0,One-Year,Bank Transfer,No,Yes,Yes,63.59,1945.92,3,0
CUST_12064,19,Male,7.0,One-Year,Credit Card,DSL,No,Yes,80.69,597.2,6,0
CUST_12065,41,Male,4.0,Month-to-Month,Electronic Check,No,No,Yes,36.05,167.09,1,1
CUST_12066,25,Male,72.0,Month-to-Month,Credit Card,Fiber Optic,Yes,No,73.84,5395.97,1,0
CUST_12067,28,Female,23.0,Month-to-Month,Electronic Check,No,Yes,Yes,51.29,1160.97,1,0
CUST_12068,30,Female,72.0,Month-to-Month,Electronic Check,DSL,Yes,Yes,85.77,6108.34,2,1
CUST_12069,34,Male,10.0,One-Year,Electronic Check,Fiber Optic,Yes,Yes,51.84,461.67,5,0
CUST_12070,25,Male,29.0,Two-Year,Bank Transfer,DSL,No,No,58.79,1698.73,2,0
CUST_12071,38,Male,6.0,Two-Year,Electronic Check,No,Yes,Yes,33.7,207.13,3,0
CUST_12072,35,Male,7.0,Month-to-Month,Credit Card,Fiber Optic,Yes,No,72.35,484.93,2,1
CUST_12073,47,Male,17.0,Month-to-Month,Credit Card,DSL,No,No,56.65,973.97,4,0
CUST_12074,35,Female,9.0,One-Year,Bank Transfer,No,,No,54.26,515.14,6,1
CUST_12075,63,Female,4.0,Month-to-Month,Mailed Check,Fiber Optic,Yes,Yes,65.55,279.72,0,0
CUST_12076,64,Female,7.0,One-Year,Credit Card,DSL,Yes,Yes,31.6,220.01,3,0
CUST_12077,48,Female,1.0,One-Year,Credit Card,DSL,Yes,Yes,51.14,25.76,0,0
CUST_12078,55,Female,,Two-Year,Mailed Check,Fiber Optic,No,Yes,61.27,1801.79,2,0
CUST_12079,49,Female,16.0,Month-to-Month,Bank Transfer,DSL,Yes,No,94.29,1550.1,0,0
CUST_12080,28,Male,2.0,Month-to-Month,Bank Transfer,Fiber Optic,No,Yes,68.67,119.3,1,1
CUST_12081,62,Female,5.0,Two-Year,Bank Transfer,DSL,Yes,Yes,72.92,329.46,1,0
CUST_12082,42,Male,3.0,One-Year,Electronic Check,Fiber Optic,Yes,No,66.24,233.36,1,0
CUST_12083,50,Male,23.0,Two-Year,Mailed Check,Fiber Optic,No,Yes,120.0,2769.64,4,0
CUST_12084,55,Female,2.0,Month-to-Month,Electronic Check,DSL,Yes,Yes,82.98,175.01,2,1
CUST_12085,58,Male,34.0,One-Year,Mailed Check,Fiber Optic,Yes,Yes,24.34,879.13,2,0
CUST_12086,25,Male,1.0,One-Year,Bank Transfer,Fiber Optic,Yes,No,69.45,15.65,6,0
CUST_12087,28,Female,7.0,Month-to-Month,Credit Card,No,Yes,Yes,86.81,601.31,1,1
CUST_12088,39,Male,53.0,Month-to-Month,Credit Card,No,No,No,35.98,1918.27,1,0
CUST_12089,68,Male,30.0,One-Year,Bank Transfer,No,Yes,Yes,67.1,2073.45,3,0
CUST_12090,41,Female,2.0,Month-to-Month,Bank Transfer,DSL,No,Yes,54.24,107.0,4,1
CUST_12091,58,Female,41.0,Month-to-Month,Electronic Check,No,No,No,47.91,1949.81,1,1
CUST_12092,34,Female,16.0,One-Year,Bank Transfer,No,No,No,91.72,1474.02,4,0
CUST_12093,29,Male,45.0,Month-to-Month,Electronic Check,Fiber Optic,Yes,Yes,51.74,2350.23,1,0
CUST_12094,63,Male,22.0,Two-Year,Electronic Check,Fiber Optic,No,No,51.92,1178.01,1,0
CUST_12095,49,Female,27.0,Month-to-Month,Bank Transfer,Fiber Optic,Yes,Yes,46.97,1312.31,4,0
CUST_12096,32,Female,72.0,Month-to-Month,Electronic Check,DSL,Yes,No,43.23,3055.17,2,0
CUST_12097,33,Female,6.0,Two-Year,Electronic Check,No,Yes,No,54.07,301.4,0,0
CUST_12098,39,Male,23.0,Two-Year,Credit Card,DSL,No,Yes,53.08,1246.75,3,0
CUST_12099,45,Male,15.0,Month-to-Month,Electronic Check,DSL,Yes,No,41.24,626.42,5,0
CUST_12100,37,Female,1.0,One-Year,Electronic Check,Fiber Optic,No,Yes,64.45,77.51,3,0
CUST_12101,50,Male,1.0,Month-to-Month,Electronic Check,Fiber Optic,Yes,No,18.0,0.0,1,1
CUST_12102,27,Female,3.0,Month-to-Month,Electronic Check,DSL,No,No,67.03,208.31,2,0
CUST_12103,57,Male,25.0,Month-to-Month,Electronic Check,No,No,Yes,84.53,2106.3,3,1
CUST_12104,49,Female,20.0,Month-to-Month,Bank Transfer,Fiber Optic,No,Yes,54.39,1102.04,2,0
CUST_12105,67,Female,19.0,Two-Year,Electronic Check,No,No,No,72.08,1384.78,0,0
CUST_12106,50,Female,1.0,One-Year,Credit Card,Fiber Optic,No,Yes,59.95,69.69,3,0
CUST_12107,19,Male,15.0,Two-Year,Electronic Check,DSL,No,No,112.04,1688.85,3,1
CUST_12108,50,Female,62.0,One-Year,Mailed Check,DSL,Yes,Yes,84.46,5231.43,2,0
CUST_12109,50,Female,,Month-to-Month,Bank Transfer,No,No,No,47.67,619.72,2,0
CUST_12110,58,Male,24.0,One-Year,Bank Transfer,Fiber Optic,No,Yes,90.83,2213.48,3,0
CUST_12111,30,Female,36.0,Two-Year,Bank Transfer,Fiber Optic,Yes,Yes,113.22,4077.58,1,0
CUST_12112,47,Female,37.0,One-Year,Credit Card,Fiber Optic,No,No,60.67,2270.57,6,0
CUST_12113,50,Female,18.0,One-Year,Electronic Check,No,Yes,No,74.74,1406.15,0,0
CUST_12114,30,Female,47.0,Two-Year,Mailed Check,Fiber Optic,No,Yes,,3980.12,3,0
CUST_12115,69,Male,12.0,Month-to-Month,Credit Card,Fiber Optic,Yes,Yes,42.61,490.38,2,1
CUST_12116,43,Male,53.0,One-Year,Electronic Check,DSL,Yes,No,28.32,1503.54,4,0
CUST_12117,39,Male,7.0,Two-Year,Electronic Check,DSL,Yes,No,68.19,486.73,5,0
CUST_12118,56,Female,8.0,Two-Year,Electronic Check,No,No,No,48.55,372.37,0,0
CUST_12119,19,Female,1.0,Month-to-Month,Bank Transfer,No,Yes,No,60.64,81.81,1,0
CUST_12120,55,Female,38.0,Month-to-Month,Electronic Check,DSL,No,Yes,85.5,3246.55,3,0
CUST_12121,56,Male,13.0,One-Year,Electronic Check,No,No,No,76.3,1024.69,0,0
CUST_12122,43,Male,6.0,Month-to-Month,Mailed Check,DSL,No,No,76.16,436.93,2,1
CUST_12123,63,Female,6.0,One-Year,Bank Transfer,Fiber Optic,Yes,Yes,62.43,348.8,5,0
CUST_12124,67,Male,56.0,Month-to-Month,Electronic Check,No,,Yes,52.11,2912.3,0,0
CUST_12125,32,Male,43.0,Month-to-Month,Electronic Check,DSL,No,Yes,50.82,2180.73,0,0
CUST_12126,51,Female,19.0,Month-to-Month,Bank Transfer,Fiber Optic,Yes,No,99.87,1870.66,1,1
CUST_12127,59,Male,23.0,Month-to-Month,Credit Card,DSL,No,No,110.12,2535.94,7,1
CUST_12128,61,Male,15.0,Month-to-Month,Bank Transfer,Fiber Optic,No,No,86.58,1279.05,8,1
CUST_12129,66,Male,12.0,Month-to-Month,Bank Transfer,Fiber Optic,Yes,Yes,59.38,769.55,4,0
CUST_12130,57,Male,59.0,Month-to-Month,Mailed Check,DSL,No,No,42.74,2519.87,3,0
CUST_12131,28,Female,3.0,Month-to-Month,Electronic Check,No,No,No,119.42,369.31,0,1
CUST_12132,20,Male,13.0,Month-to-Month,Mailed Check,DSL,No,Yes,74.06,925.4,2,1
CUST_12133,23,Male,10.0,Month-to-Month,Credit Card,Fiber Optic,No,Yes,73.64,752.9,3,0
CUST_12134,26,Male,17.0,One-Year,Mailed Check,No,No,No,53.05,877.68,3,0
CUST_12135,23,Female,15.0,One-Year,Credit Card,Fiber Optic,Yes,No,78.76,1208.82,4,0
CUST_12136,26,Male,18.0,Month-to-Month,Credit Card,Fiber Optic,No,Yes,60.84,1048.91,2,0
CUST_12137,56,Female,4.0,Month-to-Month,Electronic Check,Fiber Optic,No,Yes,43.89,174.61,2,1
CUST_12138,48,Male,17.0,One-Year,Electronic Check,Fiber Optic,No,Yes,58.23,1020.9,1,0
CUST_12139,49,Male,7.0,Month-to-Month,Electronic Check,Fiber Optic,No,Yes,73.06,516.69,3,0
CUST_12140,58,Male,5.0,Two-Year,Mailed Check,DSL,No,Yes,95.67,474.15,1,0
CUST_12141,67,Female,2.0,One-Year,Electronic Check,No,Yes,Yes,33.5,107.11,0,0
CUST_12142,29,Female,35.0,Month-to-Month,Credit Card,No,Yes,No,40.22,1383.07,0,0
CUST_12143,25,Male,13.0,Month-to-Month,Electronic Check,No,No,No,56.47,698.99,1,0
CUST_12144,25,Female,24.0,Month-to-Month,Electronic Check,DSL,No,Yes,46.28,1079.41,1,0
CUST_12145,67,Female,31.0,Month-to-Month,Electronic Check,DSL,No,No,65.05,1986.38,1,0
CUST_12146,45,Male,27.0,Month-to-Month,Credit Card,No,Yes,No,55.16,1501.79,1,0
CUST_12147,37,Female,15.0,Month-to-Month,Bank Transfer,DSL,No,Yes,67.49,1003.31,2,1
CUST_12148,64,Male,12.0,One-Year,Credit Card,DSL,Yes,Yes,68.35,849.71,5,0
CUST_12149,24,Female,11.0,Month-to-Month,Credit Card,DSL,Yes,No,37.92,430.94,2,0
CUST_12150,28,Female,25.0,Month-to-Month,Mailed Check,Fiber Optic,No,No,60.82,1531.46,0,1
CUST_12151,37,Female,16.0,One-Year,Electronic Check,DSL,No,Yes,49.03,732.39,4,1
CUST_12152,33,Female,45.0,Month-to-Month,Electronic Check,DSL,Yes,Yes,87.76,3966.37,3,0
CUST_12153,21,Male,,Month-to-Month,Electronic Check,DSL,No,No,51.41,2607.98,1,0
CUST_12154,23,Female,4.0,Month-to-Month,Bank Transfer,Fiber Optic,No,Yes,55.1,223.5,4,1
CUST_12155,39,Male,4.0,One-Year,Electronic Check,DSL,No,No,46.85,158.4,0,0
CUST_12156,43,Male,24.0,Two-Year,Electronic Check,No,No,No,64.4,1499.03,1,0
CUST_12157,20,Female,9.0,Month-to-Month,Bank Transfer,No,Yes,Yes,61.96,587.52,1,1
CUST_12158,58,Female,1.0,Month-to-Month,Bank Transfer,Fiber Optic,No,Yes,94.64,97.7,2,0
CUST_12159,59,Female,53.0,Month-to-Month,Bank Transfer,Fiber Optic,No,Yes,64.39,3371.88,4,0
CUST_12160,31,Male,6.0,Month-to-Month,Mailed Check,DSL,No,Yes,91.91,562.92,3,1
CUST_12161,28,Female,64.0,Month-to-Month,Credit Card,Fiber Optic,No,Yes,95.77,6128.63,5,1
CUST_12162,35,Female,30.0,Two-Year,Mailed Check,Fiber Optic,No,No,57.93,1785.58,0,0
CUST_12163,29,Male,35.0,Two-Year,Electronic Check,Fiber Optic,No,Yes,61.5,2128.35,2,0
CUST_12164,40,Male,5.0,Month-to-Month,Bank Transfer,No,No,Yes,53.52,278.78,5,1
CUST_12165,29,Male,6.0,Month-to-Month,Credit Card,DSL,No,No,40.45,278.29,2,0
CUST_12166,30,Male,18.0,One-Year,Electronic Check,DSL,No,No,112.17,2032.9,1,0
CUST_12167,42,Female,5.0,Month-to-Month,Mailed Check,DSL,No,No,53.63,263.44,2,0
CUST_12168,62,Female,9.0,Month-to-Month,Mailed Check,DSL,No,Yes,46.97,412.61,1,1
CUST_12169,68,Female,9.0,Month-to-Month,Electronic Check,Fiber Optic,No,Yes,43.78,384.66,1,0
CUST_12170,36,Female,4.0,Month-to-Month,Credit Card,DSL,No,Yes,52.49,194.74,0,1
CUST_12171,63,Male,6.0,Month-to-Month,Electronic Check,Fiber Optic,Yes,Yes,58.93,332.56,1,1
CUST_12172,53,Female,37.0,One-Year,Bank Transfer,DSL,No,No,,3358.56,2,0
CUST_12173,62,Male,4.0,One-Year,Bank Transfer,Fiber Optic,No,Yes,101.25,436.46,0,1
CUST_12174,25,Female,1.0,Month-to-Month,Bank Transfer,DSL,Yes,No,23.37,45.21,2,0
CUST_12175,46,Male,24.0,Month-to-Month,Electronic Check,DSL,No,Yes,96.75,2328.65,5,0
CUST_12176,70,Female,72.0,Two-Year,Electronic Check,Fiber Optic,No,Yes,98.55,7101.24,2,0
CUST_12177,49,Male,10.0,Month-to-Month,Electronic Check,Fiber Optic,Yes,No,52.6,479.05,3,1
CUST_12178,68,Male,3.0,Two-Year,Electronic Check,Fiber Optic,No,Yes,46.78,161.24,1,0
CUST_12179,61,Female,20.0,Month-to-Month,Electronic Check,DSL,No,Yes,75.44,1509.18,4,0
CUST_12180,35,Male,57.0,Month-to-Month,Credit Card,Fiber Optic,No,Yes,52.24,2941.77,1,1
CUST_12181,23,Female,37.0,Month-to-Month,Mailed Check,Fiber Optic,Yes,No,94.96,3544.97,2,1
CUST_12182,35,Male,23.0,Two-Year,Bank Transfer,DSL,Yes,Yes,74.82,1716.01,0,0
CUST_12183,36,Female,9.0,Month-to-Month,Mailed Check,DSL,Yes,Yes,49.91,471.68,2,0
CUST_12184,39,Male,19.0,Month-to-Month,Bank Transfer,Fiber Optic,Yes,No,70.85,1359.33,3,0
CUST_12185,54,Male,2.0,Month-to-Month,Credit Card,DSL,Yes,No,66.41,105.64,3,1
CUST_12186,49,Male,27.0,Two-Year,Electronic Check,No,No,No,26.59,740.32,2,0
CUST_12187,58,Male,31.0,Two-Year,Credit Card,No,No,Yes,45.26,1383.03,3,0
CUST_12188,20,Male,72.0,Two-Year,Bank Transfer,Fiber Optic,No,No,51.84,3682.55,4,0
CUST_12189,45,Male,7.0,Two-Year,Credit Card,No,Yes,No,72.59,530.42,2,0
CUST_12190,27,Male,1.0,Month-to-Month,Bank Transfer,DSL,No,Yes,76.33,82.34,3,1
CUST_12191,68,Male,19.0,Month-to-Month,Mailed Check,No,Yes,Yes,89.13,1696.84,2,1
CUST_12192,52,Female,29.0,Month-to-Month,Electronic Check,DSL,No,No,50.91,1499.08,1,0
CUST_12193,46,Female,38.0,Month-to-Month,Electronic Check,DSL,No,No,35.36,1309.28,1,0
CUST_12194,32,Male,5.0,Two-Year,Mailed Check,DSL,No,No,48.06,211.75,0,0
CUST_12195,50,Female,7.0,Two-Year,Credit Card,DSL,Yes,No,50.88,322.79,1,0
CUST_12196,24,Female,17.0,Month-to-Month,Bank Transfer,DSL,No,Yes,48.96,818.16,0,0
CUST_12197,29,Male,10.0,One-Year,Electronic Check,Fiber Optic,No,Yes,64.57,655.71,0,0
CUST_12198,66,Female,47.0,Two-Year,Credit Card,Fiber Optic,No,Yes,78.96,3772.27,3,0
CUST_12199,47,Male,15.0,Month-to-Month,Bank Transfer,Fiber Optic,No,Yes,56.76,844.12,2,0
CUST_12200,38,Female,39.0,Month-to-Month,Electronic Check,No,No,Yes,75.02,2930.68,4,0
CUST_12201,48,Male,21.0,Month-to-Month,Electronic Check,DSL,Yes,Yes,84.4,1729.59,1,1
CUST_12202,41,Female,36.0,Month-to-Month,Electronic Check,DSL,No,No,64.79,2315.97,3,1
CUST_12203,37,Female,10.0,One-Year,Credit Card,DSL,Yes,Yes,42.25,360.8,2,0
CUST_12204,54,Male,43.0,Month-to-Month,Credit Card,Fiber Optic,Yes,Yes,59.42,2623.43,2,0
CUST_12205,21,Male,8.0,Month-to-Month,Electronic Check,Fiber Optic,Yes,No,85.41,626.53,2,1
CUST_12206,45,Female,19.0,Two-Year,Electronic Check,DSL,No,No,77.61,1459.06,4,0
CUST_12207,61,Male,6.0,Month-to-Month,Bank Transfer,No,Yes,Yes,43.65,257.59,2,0
CUST_12208,37,Female,15.0,Month-to-Month,Credit Card,Fiber Optic,No,No,88.55,1381.3,4,1
CUST_12209,41,Female,9.0,Two-Year,Bank Transfer,Fiber Optic,No,No,58.39,532.22,2,0
CUST_12210,67,Female,7.0,Month-to-Month,Bank Transfer,Fiber Optic,No,Yes,43.55,262.71,4,0
CUST_12211,66,Female,72.0,Month-to-Month,Electronic Check,Fiber Optic,No,Yes,64.36,4624.86,2,1
CUST_12212,68,Female,4.0,Two-Year,Mailed Check,Fiber Optic,No,Yes,34.5,139.83,3,0
CUST_12213,49,Female,37.0,Month-to-Month,Electronic Check,DSL,Yes,No,78.0,2866.63,3,1
CUST_12214,58,Male,72.0,One-Year,Credit Card,Fiber Optic,Yes,Yes,87.89,6305.81,3,0
CUST_12215,53,Male,1.0,Month-to-Month,Mailed Check,Fiber Optic,No,Yes,44.97,20.52,5,1
CUST_12216,70,Male,29.0,Month-to-Month,Credit Card,DSL,No,No,61.63,1763.68,1,0
CUST_12217,51,Female,7.0,Month-to-Month,Mailed Check,No,Yes,Yes,82.43,549.07,4,0
CUST_12218,53,Female,1.0,Month-to-Month,Credit Card,Fiber Optic,No,Yes,38.38,11.49,2,1
CUST_12219,19,Male,12.0,One-Year,Electronic Check,DSL,No,Yes,40.57,476.51,2,1
CUST_12220,32,Female,66.0,One-Year,Mailed Check,Fiber Optic,No,Yes,60.26,3999.16,4,0
CUST_12221,51,Male,1.0,Two-Year,Bank Transfer,No,No,No,59.42,20.74,0,0
CUST_12222,53,Male,21.0,One-Year,Electronic Check,DSL,,No,65.98,1360.73,1,1
CUST_12223,23,Female,17.0,Month-to-Month,Credit Card,No,,Yes,62.9,1070.45,2,1
CUST_12224,56,Male,50.0,Two-Year,Bank Transfer,Fiber Optic,No,Yes,38.4,1935.16,1,0
CUST_12225,59,Female,2.0,One-Year,Mailed Check,DSL,No,Yes,32.7,109.3,2,0
CUST_12226,68,Male,27.0,One-Year,Credit Card,DSL,Yes,No,38.64,1063.89,4,0
CUST_12227,68,Female,27.0,Two-Year,Credit Card,Fiber Optic,No,No,75.06,2030.7,4,0
CUST_12228,29,Female,27.0,One-Year,Mailed Check,Fiber Optic,No,Yes,84.02,2267.09,1,0
CUST_12229,20,Male,68.0,Month-to-Month,Credit Card,DSL,No,Yes,63.22,4294.65,2,0
CUST_12230,62,Female,42.0,One-Year,Electronic Check,DSL,Yes,Yes,79.21,3291.28,2,0
CUST_12231,35,Female,1.0,Month-to-Month,Electronic Check,Fiber Optic,Yes,Yes,52.84,64.06,2,1
CUST_12232,57,Male,15.0,Month-to-Month,Bank Transfer,DSL,Yes,No,57.66,851.2,2,1
CUST_12233,38,Male,12.0,One-Year,Mailed Check,Fiber Optic,Yes,No,83.48,1005.69,1,0
CUST_12234,32,Female,9.0,Month-to-Month,Mailed Check,Fiber Optic,No,No,74.3,640.05,3,0
CUST_12235,50,Male,14.0,Month-to-Month,Electronic Check,DSL,No,Yes,68.53,956.01,0,0
CUST_12236,52,Male,12.0,Month-to-Month,Mailed Check,Fiber Optic,Yes,Yes,62.05,716.15,5,1
CUST_12237,43,Male,14.0,One-Year,Credit Card,Fiber Optic,No,Yes,41.84,601.12,2,0
CUST_12238,25,Male,72.0,Month-to-Month,Bank Transfer,Fiber Optic,Yes,Yes,66.71,4794.75,2,0
CUST_12239,53,Female,2.0,One-Year,Credit Card,DSL,No,Yes,71.2,147.03,1,0
CUST_12240,65,Male,61.0,Month-to-Month,Bank Transfer,DSL,No,Yes,109.16,6644.95,4,0
CUST_12241,47,Male,16.0,Month-to-Month,Electronic Check,No,No,Yes,63.42,1034.69,3,0
CUST_12242,40,Male,23.0,Month-to-Month,Electronic Check,Fiber Optic,Yes,Yes,57.61,1335.06,2,0
CUST_12243,59,Male,43.0,One-Year,Electronic Check,DSL,No,No,70.64,3011.75,1,0
CUST_12244,61,Female,11.0,Month-to-Month,Credit Card,Fiber Optic,Yes,No,93.97,1005.51,1,1
CUST_12245,31,Male,14.0,Two-Year,Electronic Check,DSL,Yes,Yes,72.04,1033.98,2,0
CUST_12246,31,Female,13.0,Two-Year,Electronic Check,DSL,Yes,Yes,61.42,728.99,1,0
CUST_12247,19,Male,11.0,Two-Year,Credit Card,Fiber Optic,No,Yes,49.3,582.95,1,0
CUST_12248,54,Male,,Two-Year,Bank Transfer,DSL,Yes,No,48.35,2975.22,1,0
CUST_12249,22,Female,42.0,Month-to-Month,Electronic Check,Fiber Optic,No,No,80.62,3404.75,3,1
CUST_12250,55,Male,3.0,Month-to-Month,Electronic Check,Fiber Optic,No,No,59.24,188.27,4,1
CUST_12251,62,Female,3.0,One-Year,Credit Card,Fiber Optic,Yes,No,105.14,303.81,1,0
CUST_12252,58,Female,13.0,One-Year,Credit Card,DSL,Yes,Yes,66.68,875.22,3,0
CUST_12253,64,Male,2.0,Two-Year,Electronic Check,DSL,No,Yes,74.76,150.64,1,0
CUST_12254,31,Male,23.0,One-Year,Mailed Check,Fiber Optic,No,Yes,53.92,1262.43,3,0
CUST_12255,56,Female,4.0,Two-Year,Credit Card,Fiber Optic,No,No,48.55,170.35,0,0
CUST_12256,42,Male,18.0,Month-to-Month,Bank Transfer,Fiber Optic,No,Yes,80.28,1464.37,5,1
CUST_12257,37,Male,1.0,Two-Year,Credit Card,Fiber Optic,No,No,88.91,30.11,0,0
CUST_12258,19,Male,9.0,One-Year,Mailed Check,DSL,Yes,No,45.12,422.96,4,1
CUST_12259,56,Male,27.0,One-Year,Credit Card,DSL,No,Yes,50.3,1357.37,1,0
CUST_12260,23,Female,16.0,Month-to-Month,Electronic Check,Fiber Optic,No,No,51.82,842.56,4,1
CUST_12261,34,Male,72.0,One-Year,Electronic Check,Fiber Optic,No,Yes,78.53,5671.5,5,0
CUST_12262,42,Male,50.0,Two-Year,Bank Transfer,No,No,No,72.23,3654.43,2,0
CUST_12263,45,Female,11.0,Month-to-Month,Mailed Check,Fiber Optic,No,No,63.01,695.96,2,0
CUST_12264,19,Male,1.0,One-Year,Credit Card,Fiber Optic,No,Yes,49.4,22.49,1,0
CUST_12265,52,Male,45.0,Month-to-Month,Electronic Check,DSL,No,Yes,97.16,4425.73,1,0
CUST_12266,54,Female,58.0,Two-Year,Credit Card,DSL,No,Yes,84.55,4913.88,4,0
CUST_12267,22,Male,,Month-to-Month,Electronic Check,DSL,Yes,No,25.09,1053.79,3,0
CUST_12268,18,Female,3.0,Month-to-Month,Bank Transfer,No,Yes,Yes,82.13,234.0,1,0
CUST_12269,57,Female,72.0,Month-to-Month,Electronic Check,Fiber Optic,Yes,No,59.23,4251.89,3,0
CUST_12270,29,Male,7.0,One-Year,Bank Transfer,DSL,No,Yes,52.97,374.16,4,0
CUST_12271,53,Female,31.0,Month-to-Month,Bank Transfer,Fiber Optic,No,No,80.32,2506.05,1,0
CUST_12272,62,Male,57.0,One-Year,Mailed Check,DSL,No,No,72.02,4113.34,1,0
CUST_12273,40,Male,,Two-Year,Electronic Check,No,No,No,66.78,370.8,2,0
CUST_12274,64,Female,57.0,Two-Year,Mailed Check,DSL,No,Yes,47.01,2725.17,2,0
CUST_12275,48,Female,9.0,Month-to-Month,Credit Card,DSL,Yes,Yes,85.29,731.81,1,0
CUST_12276,28,Male,72.0,Two-Year,Electronic Check,No,No,Yes,40.27,2909.32,1,0
CUST_12277,27,Female,8.0,One-Year,Electronic Check,Fiber Optic,No,Yes,80.48,644.58,1,1
CUST_12278,20,Female,72.0,Month-to-Month,Electronic Check,DSL,Yes,Yes,66.79,4884.7,4,0
CUST_12279,31,Female,1.0,Month-to-Month,Credit Card,No,No,Yes,64.29,51.26,2,0
CUST_12280,33,Female,30.0,Month-to-Month,Mailed Check,DSL,Yes,No,53.98,1582.62,1,1
CUST_12281,27,Male,18.0,Two-Year,Electronic Check,Fiber Optic,No,Yes,68.29,1248.73,3,0
CUST_12282,46,Male,16.0,Month-to-Month,Bank Transfer,Fiber Optic,Yes,No,37.49,584.77,0,0
CUST_12283,27,Female,6.0,Month-to-Month,Bank Transfer,Fiber Optic,Yes,Yes,89.69,570.06,1,1
CUST_12284,29,Male,29.0,One-Year,Electronic Check,Fiber Optic,No,Yes,56.94,1677.54,1,0
CUST_12285,47,Female,5.0,One-Year,Credit Card,DSL,No,Yes,51.2,277.19,4,0
CUST_12286,58,Male,19.0,One-Year,Bank Transfer,Fiber Optic,No,Yes,61.06,1136.83,2,0
CUST_12287,18,Male,7.0,One-Year,Mailed Check,Fiber Optic,No,Yes,57.53,428.65,0,0
CUST_12288,22,Male,72.0,Month-to-Month,Mailed Check,Fiber Optic,No,No,89.87,6539.8,0,0
CUST_12289,37,Female,1.0,Two-Year,Credit Card,DSL,Yes,No,30.33,18.94,1,0
CUST_12290,25,Male,5.0,Month-to-Month,Electronic Check,DSL,Yes,Yes,63.52,311.71,1,1
CUST_12291,60,Female,7.0,One-Year,Electronic Check,DSL,No,Yes,96.65,672.32,2,0
CUST_12292,29,Male,13.0,One-Year,Electronic Check,Fiber Optic,No,Yes,66.37,853.72,2,0
CUST_12293,18,Male,6.0,Month-to-Month,Bank Transfer,Fiber Optic,No,No,68.77,416.74,4,1
CUST_12294,37,Male,16.0,Two-Year,Bank Transfer,Fiber Optic,Yes,No,64.44,1031.65,0,0
CUST_12295,45,Female,49.0,Month-to-Month,Bank Transfer,Fiber Optic,Yes,No,52.02,2547.23,0,0
CUST_12296,60,Male,30.0,Month-to-Month,Electronic Check,Fiber Optic,No,Yes,75.8,2247.37,2,1
CUST_12297,54,Male,21.0,Two-Year,Bank Transfer,DSL,Yes,Yes,61.17,1320.28,2,0
CUST_12298,64,Male,2.0,One-Year,Bank Transfer,Fiber Optic,Yes,Yes,67.82,146.89,1,0
CUST_12299,54,Male,28.0,One-Year,Mailed Check,No,No,No,75.98,2156.54,1,0
CUST_12300,29,Female,4.0,Month-to-Month,Credit Card,DSL,No,Yes,73.84,313.29,1,0
CUST_12301,54,Female,37.0,Two-Year,Electronic Check,Fiber Optic,Yes,No,66.94,2397.06,5,0
CUST_12302,66,Male,7.0,Month-to-Month,Bank Transfer,DSL,Yes,Yes,82.97,607.92,7,0
CUST_12303,66,Female,13.0,Month-to-Month,Electronic Check,DSL,No,Yes,85.23,1132.32,3,1
CUST_12304,61,Female,10.0,Month-to-Month,Bank Transfer,DSL,No,Yes,80.69,814.11,2,0
CUST_12305,45,Male,47.0,Month-to-Month,Credit Card,No,No,No,86.11,4112.28,1,1
CUST_12306,64,Female,3.0,One-Year,Credit Card,Fiber Optic,No,Yes,92.12,307.71,3,0
CUST_12307,32,Female,20.0,Month-to-Month,Electronic Check,No,No,No,40.87,847.65,1,1
CUST_12308,23,Male,4.0,Month-to-Month,Mailed Check,Fiber Optic,No,Yes,120.0,429.02,2,1
CUST_12309,61,Male,29.0,Month-to-Month,Electronic Check,No,No,Yes,68.13,2016.09,4,1
CUST_12310,37,Female,57.0,One-Year,Credit Card,Fiber Optic,,Yes,60.14,3448.31,2,0
CUST_12311,67,Female,14.0,Two-Year,Bank Transfer,Fiber Optic,Yes,No,68.37,916.96,1,0
CUST_12312,31,Male,16.0,Month-to-Month,Mailed Check,DSL,No,Yes,35.49,577.44,1,0
CUST_12313,19,Male,63.0,One-Year,Electronic Check,Fiber Optic,No,Yes,69.68,4339.19,2,0
CUST_12314,26,Male,18.0,Month-to-Month,Credit Card,Fiber Optic,No,Yes,49.14,905.05,3,0
CUST_12315,54,Female,16.0,One-Year,Mailed Check,Fiber Optic,No,Yes,66.45,1068.65,0,0
CUST_12316,37,Female,21.0,Month-to-Month,Electronic Check,DSL,Yes,No,67.9,1407.96,3,1
CUST_12317,43,Female,28.0,Month-to-Month,Mailed Check,No,No,Yes,53.15,1509.37,1,0
CUST_12318,46,Male,3.0,One-Year,Electronic Check,DSL,No,No,28.93,64.08,0,0
CUST_12319,18,Female,41.0,Two-Year,Bank Transfer,No,No,No,70.47,2892.87,2,0
CUST_12320,52,Female,14.0,Month-to-Month,Credit Card,DSL,No,No,64.98,942.94,2,1
CUST_12321,23,Male,2.0,One-Year,Credit Card,Fiber Optic,No,Yes,68.85,127.49,0,0
CUST_12322,54,Male,37.0,One-Year,Mailed Check,Fiber Optic,No,Yes,56.57,2064.58,3,0
CUST_12323,70,Female,11.0,Two-Year,Credit Card,DSL,Yes,No,51.86,603.2,0,0
CUST_12324,22,Female,3.0,Month-to-Month,Mailed Check,Fiber Optic,No,No,60.7,185.43,3,0
CUST_12325,50,Male,24.0,Month-to-Month,Electronic Check,Fiber Optic,Yes,Yes,67.78,1686.95,2,0
CUST_12326,66,Female,51.0,Two-Year,Credit Card,DSL,No,Yes,78.47,4017.53,0,0
CUST_12327,68,Male,52.0,Month-to-Month,Electronic Check,DSL,Yes,No,48.8,2560.49,2,1
CUST_12328,31,Female,72.0,Month-to-Month,Electronic Check,Fiber Optic,Yes,Yes,80.82,5829.95,2,0
CUST_12329,29,Female,49.0,Month-to-Month,Credit Card,No,Yes,No,78.08,3842.62,4,0
CUST_12330,59,Female,1.0,Two-Year,Electronic Check,DSL,No,Yes,75.41,93.69,3,0
CUST_12331,37,Female,11.0,Month-to-Month,Bank Transfer,DSL,Yes,Yes,101.61,1138.06,1,1
CUST_12332,70,Female,41.0,Two-Year,Credit Card,No,Yes,Yes,29.81,1188.69,1,0
CUST_12333,67,Male,11.0,Month-to-Month,Mailed Check,Fiber Optic,No,Yes,104.01,1118.35,3,1
CUST_12334,41,Female,22.0,Month-to-Month,Electronic Check,DSL,No,Yes,51.93,1162.31,2,0
CUST_12335,60,Male,22.0,Month-to-Month,Mailed Check,No,No,No,69.83,1539.05,3,0
CUST_12336,51,Male,11.0,Month-to-Month,Electronic Check,DSL,No,No,65.88,701.78,0,0
CUST_12337,42,Male,56.0,One-Year,Mailed Check,DSL,No,No,38.24,2150.47,3,0
CUST_12338,67,Male,17.0,One-Year,Bank Transfer,Fiber Optic,No,No,75.58,1333.27,2,0
CUST_12339,46,Female,15.0,Month-to-Month,Mailed Check,DSL,No,Yes,82.28,1239.94,5,0
CUST_12340,56,Male,72.0,Month-to-Month,Mailed Check,Fiber Optic,No,Yes,73.44,5300.34,1,0
CUST_12341,48,Female,16.0,One-Year,Bank Transfer,No,No,No,35.46,580.98,2,0
CUST_12342,64,Female,5.0,Two-Year,Bank Transfer,No,Yes,Yes,40.2,182.69,3,0
CUST_12343,60,Male,17.0,One-Year,Credit Card,No,No,Yes,51.05,866.33,3,0
CUST_12344,67,Female,40.0,Two-Year,Electronic Check,DSL,No,No,90.46,3555.73,7,0
CUST_12345,40,Male,36.0,Month-to-Month,Credit Card,Fiber Optic,Yes,Yes,66.92,2380.79,0,0
CUST_12346,61,Male,37.0,Two-Year,Bank Transfer,Fiber Optic,Yes,No,24.99,922.27,4,0
CUST_12347,55,Female,30.0,Month-to-Month,Electronic Check,No,Yes,No,106.29,3152.95,3,1
CUST_12348,37,Male,7.0,Month-to-Month,Electronic Check,Fiber Optic,No,Yes,95.0,664.39,4,1
CUST_12349,40,Male,48.0,Two-Year,Mailed Check,Fiber Optic,No,Yes,43.27,2068.07,2,0
CUST_12350,62,Female,54.0,Two-Year,Bank Transfer,DSL,No,No,56.81,3107.45,1,0
CUST_12351,69,Female,5.0,One-Year,Electronic Check,Fiber Optic,Yes,Yes,59.27,357.05,2,1
CUST_12352,33,Male,3.0,Month-to-Month,Credit Card,DSL,Yes,Yes,75.46,224.7,1,1
CUST_12353,67,Female,72.0,Month-to-Month,Bank Transfer,DSL,No,Yes,68.98,4977.87,0,0
CUST_12354,59,Female,49.0,Month-to-Month,Credit Card,DSL,Yes,No,51.37,2553.43,2,0
CUST_12355,25,Female,54.0,Two-Year,Electronic Check,No,No,No,91.22,4925.72,2,0
CUST_12356,67,Male,52.0,Month-to-Month,Electronic Check,Fiber Optic,No,No,99.88,5206.38,2,0
CUST_12357,38,Female,19.0,Two-Year,Electronic Check,Fiber Optic,No,No,64.01,1174.38,5,0
CUST_12358,18,Female,25.0,Month-to-Month,Electronic Check,Fiber Optic,No,No,53.53,1353.74,4,0
CUST_12359,25,Female,19.0,Two-Year,Credit Card,No,No,Yes,96.9,1879.4,2,0
CUST_12360,46,Female,1.0,Two-Year,Electronic Check,Fiber Optic,No,No,21.11,0.0,0,0
CUST_12361,49,Male,33.0,Month-to-Month,Mailed Check,Fiber Optic,No,Yes,47.11,1504.85,4,1
CUST_12362,55,Male,17.0,Month-to-Month,Electronic Check,DSL,No,Yes,84.59,1476.85,2,1
CUST_12363,22,Male,25.0,Two-Year,Mailed Check,Fiber Optic,No,No,92.83,2311.25,3,0
CUST_12364,64,Male,17.0,Month-to-Month,Credit Card,No,No,Yes,58.61,972.95,1,0
CUST_12365,39,Female,16.0,One-Year,Bank Transfer,No,No,No,110.61,1772.66,4,0
CUST_12366,64,Male,5.0,One-Year,Bank Transfer,DSL,No,Yes,18.0,73.61,4,0
CUST_12367,51,Female,8.0,Month-to-Month,Electronic Check,DSL,No,No,86.89,664.07,3,1
CUST_12368,18,Female,4.0,Two-Year,Credit Card,Fiber Optic,Yes,Yes,66.73,221.18,2,0
CUST_12369,43,Male,,Month-to-Month,Bank Transfer,DSL,Yes,Yes,55.27,330.48,0,1
CUST_12370,60,Male,72.0,Two-Year,Mailed Check,DSL,No,Yes,82.56,5994.32,4,0
CUST_12371,27,Female,4.0,Month-to-Month,Mailed Check,Fiber Optic,Yes,Yes,57.2,221.32,2,1
CUST_12372,47,Female,8.0,One-Year,Credit Card,Fiber Optic,Yes,Yes,43.26,424.62,2,0
CUST_12373,67,Male,21.0,Month-to-Month,Bank Transfer,No,Yes,No,67.31,1453.36,2,0
CUST_12374,35,Male,23.0,Month-to-Month,Bank Transfer,Fiber Optic,No,No,63.92,1468.69,4,0
CUST_12375,34,Female,4.0,Month-to-Month,Mailed Check,DSL,No,Yes,49.39,265.67,2,0
CUST_12376,43,Female,38.0,One-Year,Electronic Check,Fiber Optic,Yes,Yes,53.54,1973.19,3,1
CUST_12377,25,Male,37.0,One-Year,Bank Transfer,Fiber Optic,Yes,Yes,56.74,2093.13,2,0
CUST_12378,64,Female,7.0,Two-Year,Bank Transfer,No,No,Yes,32.48,280.16,2,0
CUST_12379,57,Male,8.0,Month-to-Month,Mailed Check,Fiber Optic,No,No,31.19,239.3,5,1
CUST_12380,66,Male,67.0,One-Year,Bank Transfer,DSL,Yes,Yes,83.66,5640.43,1,0
CUST_12381,29,Male,42.0,One-Year,Electronic Check,Fiber Optic,Yes,No,36.52,1504.42,3,0
CUST_12382,44,Male,29.0,Month-to-Month,Bank Transfer,Fiber Optic,No,Yes,64.64,1854.72,1,0
CUST_12383,25,Male,2.0,Month-to-Month,Credit Card,No,No,Yes,27.61,66.87,2,0
CUST_12384,42,Male,13.0,Month-to-Month,Credit Card,DSL,No,No,95.12,1256.42,1,1
CUST_12385,63,Male,20.0,Month-to-Month,Electronic Check,No,No,Yes,59.61,1198.46,2,0
CUST_12386,21,Male,5.0,Month-to-Month,Mailed Check,No,No,No,87.35,424.35,3,0
CUST_12387,50,Male,14.0,One-Year,Credit Card,No,Yes,No,107.29,1474.18,6,0
CUST_12388,18,Female,22.0,Month-to-Month,Bank Transfer,No,Yes,No,39.22,933.74,0,0
CUST_12389,36,Male,10.0,One-Year,Mailed Check,Fiber Optic,No,Yes,51.38,524.31,2,0
CUST_12390,48,Male,36.0,Two-Year,Credit Card,No,No,No,82.44,3001.01,1,0
CUST_12391,33,Female,44.0,One-Year,Mailed Check,Fiber Optic,No,No,52.34,2332.61,6,0
CUST_12392,31,Female,9.0,One-Year,Mailed Check,Fiber Optic,No,Yes,70.81,623.11,2,0
CUST_12393,70,Male,44.0,Month-to-Month,Electronic Check,Fiber Optic,No,Yes,67.05,2951.71,2,0
CUST_12394,65,Female,3.0,Two-Year,Electronic Check,Fiber Optic,No,Yes,18.14,31.35,1,0
CUST_12395,22,Female,,Month-to-Month,Electronic Check,DSL,Yes,Yes,83.87,3713.38,4,1
CUST_12396,58,Female,4.0,One-Year,Credit Card,Fiber Optic,Yes,No,62.26,244.34,0,0
CUST_12397,43,Male,2.0,Two-Year,Mailed Check,Fiber Optic,No,Yes,41.12,131.09,3,0
CUST_12398,45,Female,,One-Year,Mailed Check,DSL,Yes,No,95.94,2350.26,2,0
CUST_12399,19,Male,15.0,One-Year,Credit Card,Fiber Optic,Yes,Yes,50.94,779.22,3,0
CUST_12400,67,Female,57.0,Month-to-Month,Bank Transfer,DSL,No,Yes,49.84,2917.29,2,0
CUST_12401,23,Female,11.0,Month-to-Month,Bank Transfer,Fiber Optic,No,No,28.98,296.84,4,0
CUST_12402,26,Male,8.0,One-Year,Electronic Check,Fiber Optic,Yes,Yes,76.9,620.06,1,1
CUST_12403,50,Female,17.0,Month-to-Month,Credit Card,Fiber Optic,No,Yes,65.85,1108.98,0,0
CUST_12404,58,Male,15.0,One-Year,Electronic Check,Fiber Optic,Yes,No,30.24,480.55,3,0
CUST_12405,42,Female,10.0,Month-to-Month,Electronic Check,DSL,Yes,No,69.91,639.08,2,0
CUST_12406,65,Male,28.0,Two-Year,Electronic Check,DSL,No,No,81.55,2247.35,0,0
CUST_12407,30,Male,34.0,Month-to-Month,Electronic Check,Fiber Optic,No,No,74.24,2494.47,1,0
CUST_12408,26,Male,46.0,Month-to-Month,Electronic Check,Fiber Optic,Yes,No,91.49,4235.0,1,0
CUST_12409,70,Female,72.0,One-Year,Bank Transfer,Fiber Optic,Yes,Yes,52.91,3804.14,3,0
CUST_12410,30,Male,7.0,Month-to-Month,Electronic Check,No,Yes,No,100.35,683.41,2,1
CUST_12411,48,Male,30.0,Month-to-Month,Bank Transfer,Fiber Optic,No,No,65.07,1964.4,2,0
CUST_12412,58,Male,12.0,Month-to-Month,Electronic Check,No,No,Yes,81.01,978.87,1,1
CUST_12413,28,Female,27.0,Month-to-Month,Electronic Check,DSL,No,Yes,90.55,2439.03,1,0
CUST_12414,21,Female,16.0,Month-to-Month,Mailed Check,Fiber Optic,Yes,Yes,117.99,1872.94,2,1
CUST_12415,51,Male,72.0,Month-to-Month,Credit Card,No,No,No,43.38,3096.24,1,0
CUST_12416,55,Male,31.0,One-Year,Credit Card,DSL,No,Yes,50.21,1599.37,0,0
CUST_12417,63,Male,72.0,Month-to-Month,Credit Card,DSL,No,No,68.8,4998.48,4,0
CUST_12418,21,Male,43.0,Two-Year,Bank Transfer,Fiber Optic,Yes,Yes,57.58,2436.61,4,0
CUST_12419,55,Male,56.0,Month-to-Month,Bank Transfer,DSL,No,No,48.96,2730.1,4,0
CUST_12420,36,Female,40.0,Month-to-Month,Bank Transfer,Fiber Optic,No,Yes,34.5,1393.6,2,0
CUST_12421,23,Male,15.0,Month-to-Month,Bank Transfer,Fiber Optic,Yes,Yes,67.52,985.82,2,1
CUST_12422,51,Male,7.0,Two-Year,Electronic Check,No,Yes,No,80.91,588.67,1,0
CUST_12423,35,Male,11.0,Month-to-Month,Mailed Check,No,No,Yes,72.05,799.11,4,0
CUST_12424,30,Female,1.0,One-Year,Mailed Check,Fiber Optic,No,Yes,32.4,57.41,2,0
CUST_12425,58,Female,18.0,Month-to-Month,Mailed Check,DSL,No,Yes,32.88,661.4,4,0
CUST_12426,40,Female,17.0,Month-to-Month,Mailed Check,DSL,No,Yes,66.22,1075.68,2,1
CUST_12427,36,Male,18.0,Two-Year,Electronic Check,Fiber Optic,Yes,Yes,60.22,1127.9,1,0
CUST_12428,62,Male,72.0,Month-to-Month,Mailed Check,Fiber Optic,Yes,No,58.64,4206.38,6,0
CUST_12429,28,Male,58.0,Month-to-Month,Electronic Check,Fiber Optic,No,No,59.45,3469.23,3,0
CUST_12430,18,Male,4.0,Two-Year,Credit Card,DSL,No,No,55.04,237.03,4,0
CUST_12431,41,Female,11.0,One-Year,Electronic Check,No,No,Yes,67.98,790.23,0,0
CUST_12432,24,Female,13.0,Two-Year,Electronic Check,Fiber Optic,Yes,Yes,87.02,1134.49,5,1
CUST_12433,42,Female,11.0,One-Year,Credit Card,DSL,Yes,Yes,46.32,486.29,2,0
CUST_12434,38,Female,38.0,One-Year,Mailed Check,DSL,No,No,74.06,2823.0,1,0
CUST_12435,32,Male,18.0,Two-Year,Electronic Check,DSL,No,Yes,66.65,1251.69,5,0
CUST_12436,18,Female,20.0,Month-to-Month,Mailed Check,Fiber Optic,No,No,29.34,598.71,2,1
CUST_12437,29,Male,46.0,One-Year,Electronic Check,DSL,Yes,Yes,51.89,2371.22,0,0
CUST_12438,24,Male,39.0,One-Year,Electronic Check,No,Yes,Yes,65.2,2539.6,2,0
CUST_12439,32,Female,3.0,Month-to-Month,Electronic Check,Fiber Optic,Yes,Yes,108.29,333.85,0,1
CUST_12440,38,Male,30.0,Month-to-Month,Mailed Check,Fiber Optic,No,No,50.5,1519.97,3,0
CUST_12441,36,Male,14.0,Month-to-Month,Credit Card,No,No,Yes,52.79,739.9,1,1
CUST_12442,46,Male,8.0,One-Year,Bank Transfer,Fiber Optic,No,Yes,73.26,617.01,0,0
CUST_12443,42,Female,1.0,Month-to-Month,Bank Transfer,No,No,No,62.73,124.95,2,0
CUST_12444,50,Female,16.0,Two-Year,Electronic Check,Fiber Optic,,No,39.77,666.3,0,0
CUST_12445,66,Male,,Month-to-Month,Electronic Check,Fiber Optic,No,Yes,30.3,353.47,0,0
CUST_12446,49,Female,7.0,One-Year,Credit Card,Fiber Optic,No,Yes,27.77,226.87,2,0
CUST_12447,66,Male,28.0,Month-to-Month,Electronic Check,Fiber Optic,Yes,Yes,82.0,2316.89,0,1
CUST_12448,52,Male,35.0,One-Year,Credit Card,Fiber Optic,No,Yes,44.39,1559.5,4,0
CUST_12449,61,Female,7.0,One-Year,Mailed Check,DSL,No,No,112.4,770.92,2,0
CUST_12450,55,Female,1.0,One-Year,Credit Card,Fiber Optic,No,Yes,54.44,38.55,3,0
CUST_12451,43,Female,45.0,Two-Year,Electronic Check,No,No,No,80.43,3620.48,4,1
CUST_12452,28,Male,1.0,Two-Year,Electronic Check,DSL,No,Yes,41.77,52.04,4,0
CUST_12453,52,Female,66.0,Month-to-Month,Bank Transfer,DSL,No,Yes,68.8,4576.45,4,0
CUST_12454,25,Female,24.0,Month-to-Month,Bank Transfer,Fiber Optic,Yes,No,93.27,2236.79,1,0
CUST_12455,63,Female,9.0,One-Year,Electronic Check,DSL,Yes,Yes,58.0,513.04,2,0
CUST_12456,31,Male,7.0,Month-to-Month,Credit Card,DSL,Yes,No,43.29,312.72,0,0
CUST_12457,27,Female,1.0,Month-to-Month,Electronic Check,Fiber Optic,No,No,57.55,71.92,1,0
CUST_12458,19,Female,6.0,One-Year,Electronic Check,No,No,Yes,60.68,348.19,3,0
CUST_12459,63,Male,4.0,Month-to-Month,Bank Transfer,Fiber Optic,No,Yes,45.29,161.11,0,0
CUST_12460,26,Male,23.0,Month-to-Month,Bank Transfer,Fiber Optic,No,Yes,98.06,2276.22,1,1
CUST_12461,20,Male,4.0,Two-Year,Credit Card,DSL,Yes,No,65.38,259.36,3,0
CUST_12462,38,Female,18.0,Month-to-Month,Mailed Check,DSL,No,Yes,90.6,1667.7,2,0
CUST_12463,43,Female,21.0,Month-to-Month,Electronic Check,Fiber Optic,No,Yes,86.49,1826.15,1,0
CUST_12464,25,Female,8.0,Month-to-Month,Bank Transfer,No,No,Yes,99.02,791.55,1,1
CUST_12465,65,Female,1.0,Two-Year,Electronic Check,DSL,Yes,No,39.82,5.98,1,0
CUST_12466,19,Female,1.0,Two-Year,Mailed Check,DSL,No,Yes,77.89,79.68,0,0
CUST_12467,23,Male,1.0,One-Year,Mailed Check,Fiber Optic,No,Yes,54.92,26.99,1,0
CUST_12468,45,Male,32.0,Month-to-Month,Electronic Check,No,Yes,No,62.16,1952.2,2,1
CUST_12469,70,Male,9.0,Two-Year,Mailed Check,Fiber Optic,No,Yes,43.38,437.27,0,0
CUST_12470,46,Male,38.0,One-Year,Mailed Check,DSL,No,Yes,111.5,4223.94,2,0
CUST_12471,43,Male,14.0,Two-Year,Bank Transfer,Fiber Optic,Yes,No,50.3,732.49,2,0
CUST_12472,42,Female,14.0,One-Year,Bank Transfer,DSL,Yes,No,78.06,1061.14,1,0
CUST_12473,29,Male,17.0,Month-to-Month,Electronic Check,Fiber Optic,Yes,Yes,39.29,648.13,2,0
CUST_12474,22,Male,30.0,Month-to-Month,Electronic Check,Fiber Optic,No,Yes,59.91,1774.81,4,1
CUST_12475,51,Male,8.0,Month-to-Month,Electronic Check,No,No,Yes,86.21,711.78,0,1
CUST_12476,65,Male,3.0,Month-to-Month,Electronic Check,Fiber Optic,Yes,Yes,71.95,230.78,3,0
CUST_12477,54,Female,19.0,One-Year,Bank Transfer,Fiber Optic,No,No,46.17,839.05,2,0
CUST_12478,32,Female,10.0,Two-Year,Credit Card,DSL,Yes,Yes,50.7,466.07,2,0
CUST_12479,61,Female,14.0,One-Year,Bank Transfer,DSL,Yes,No,68.26,971.63,4,0
CUST_12480,53,Male,25.0,Month-to-Month,Bank Transfer,Fiber Optic,No,Yes,64.65,1657.05,3,1
CUST_12481,32,Female,16.0,Month-to-Month,Mailed Check,Fiber Optic,Yes,No,38.74,659.15,2,0
CUST_12482,60,Female,23.0,Month-to-Month,Electronic Check,No,No,Yes,57.38,1297.96,5,1
CUST_12483,65,Female,19.0,Month-to-Month,Credit Card,DSL,No,No,62.08,1168.05,1,0
CUST_12484,40,Male,32.0,Month-to-Month,Credit Card,Fiber Optic,Yes,Yes,76.37,2459.58,0,0
CUST_12485,23,Female,29.0,One-Year,Mailed Check,No,Yes,No,85.26,2490.41,1,0
CUST_12486,63,Female,18.0,Month-to-Month,Electronic Check,DSL,Yes,Yes,78.42,1419.07,3,1
CUST_12487,67,Female,27.0,Two-Year,Bank Transfer,Fiber Optic,No,Yes,71.79,1927.42,0,1
CUST_12488,61,Female,50.0,Month-to-Month,Electronic Check,Fiber Optic,No,No,72.25,3626.76,0,0
CUST_12489,60,Male,14.0,Two-Year,Bank Transfer,Fiber Optic,No,Yes,74.54,1048.48,1,0
CUST_12490,62,Female,13.0,Month-to-Month,Credit Card,No,No,Yes,84.14,1099.86,1,0
CUST_12491,38,Male,35.0,Month-to-Month,Electronic Check,Fiber Optic,No,No,98.84,3486.2,1,0
CUST_12492,40,Female,21.0,One-Year,Credit Card,Fiber Optic,Yes,No,45.55,989.92,0,0
CUST_12493,60,Male,2.0,One-Year,Credit Card,No,No,Yes,56.04,122.54,1,1
CUST_12494,33,Male,53.0,Month-to-Month,Credit Card,Fiber Optic,No,Yes,85.21,4525.01,1,1
CUST_12495,64,Male,1.0,Month-to-Month,Mailed Check,DSL,Yes,Yes,45.1,40.41,3,0
CUST_12496,70,Female,33.0,Month-to-Month,Electronic Check,Fiber Optic,No,No,39.09,1293.93,1,0
CUST_12497,32,Male,34.0,One-Year,Bank Transfer,DSL,No,Yes,52.17,1796.56,3,0
CUST_12498,42,Female,72.0,Two-Year,Mailed Check,Fiber Optic,Yes,No,66.47,4800.67,1,0
CUST_12499,53,Female,1.0,Month-to-Month,Electronic Check,Fiber Optic,No,Yes,55.43,39.15,0,0
CUST_12500,28,Male,22.0,Month-to-Month,Mailed Check,DSL,No,Yes,72.39,1574.71,0,0
CUST_12501,68,Male,13.0,Two-Year,Bank Transfer,DSL,Yes,Yes,59.32,752.35,3,1
CUST_12502,32,Male,10.0,Month-to-Month,Electronic Check,DSL,Yes,No,58.1,615.47,1,1
CUST_12503,21,Female,2.0,One-Year,Electronic Check,DSL,No,Yes,31.62,13.44,3,0
CUST_12504,38,Female,20.0,Month-to-Month,Electronic Check,DSL,No,Yes,76.98,1498.94,2,1
CUST_12505,30,Male,16.0,One-Year,Bank Transfer,DSL,Yes,Yes,77.24,1217.4,3,1
CUST_12506,39,Male,3.0,Month-to-Month,Bank Transfer,DSL,No,Yes,61.26,206.39,2,0
CUST_12507,36,Female,23.0,Month-to-Month,Electronic Check,DSL,No,Yes,67.98,1555.52,1,1
CUST_12508,51,Female,32.0,Month-to-Month,Credit Card,DSL,No,Yes,67.94,2149.28,1,0
CUST_12509,31,Female,35.0,One-Year,Electronic Check,DSL,Yes,No,86.03,3021.7,4,0
CUST_12510,21,Female,57.0,One-Year,Bank Transfer,Fiber Optic,No,Yes,69.45,3970.84,2,0
CUST_12511,65,Male,13.0,One-Year,Bank Transfer,Fiber Optic,No,Yes,38.29,521.37,6,1
CUST_12512,70,Male,72.0,One-Year,Bank Transfer,Fiber Optic,Yes,No,103.16,7468.42,3,0
CUST_12513,69,Male,48.0,Month-to-Month,Electronic Check,No,No,Yes,90.78,4394.38,4,1
CUST_12514,63,Male,8.0,Month-to-Month,Credit Card,DSL,Yes,No,65.99,544.58,2,0
CUST_12515,44,Male,4.0,Two-Year,Credit Card,DSL,No,Yes,68.1,269.87,5,0
CUST_12516,46,Male,14.0,Month-to-Month,Bank Transfer,Fiber Optic,No,Yes,70.79,1003.98,2,0
CUST_12517,64,Male,12.0,Month-to-Month,Mailed Check,Fiber Optic,No,Yes,49.59,582.79,3,1
CUST_12518,45,Female,21.0,Month-to-Month,Electronic Check,No,No,Yes,87.3,1860.03,4,1
CUST_12519,52,Female,21.0,Month-to-Month,Bank Transfer,No,No,Yes,85.21,1774.51,2,1
CUST_12520,25,Female,33.0,Month-to-Month,Mailed Check,Fiber Optic,Yes,Yes,63.27,2065.19,0,0
CUST_12521,33,Female,17.0,Two-Year,Bank Transfer,DSL,No,No,78.45,1362.16,0,0
CUST_12522,59,Male,3.0,Two-Year,Mailed Check,Fiber Optic,No,Yes,85.87,214.37,2,0
CUST_12523,53,Female,47.0,Two-Year,Bank Transfer,Fiber Optic,No,Yes,69.54,3250.45,2,0
CUST_12524,47,Male,9.0,Two-Year,Electronic Check,DSL,Yes,Yes,44.38,417.44,1,0
CUST_12525,35,Female,72.0,Two-Year,Electronic Check,DSL,No,No,78.72,5665.25,3,1
CUST_12526,19,Male,3.0,Month-to-Month,Electronic Check,DSL,No,Yes,66.13,194.56,2,1
CUST_12527,66,Female,72.0,Month-to-Month,Electronic Check,Fiber Optic,Yes,Yes,43.11,3072.4,1,0
CUST_12528,30,Male,2.0,One-Year,Mailed Check,Fiber Optic,No,No,85.7,142.28,4,0
CUST_12529,21,Male,6.0,Month-to-Month,Bank Transfer,Fiber Optic,No,No,69.74,412.97,0,1
CUST_12530,43,Female,1.0,Month-to-Month,Bank Transfer,Fiber Optic,Yes,Yes,60.41,15.35,0,1
CUST_12531,42,Male,29.0,Month-to-Month,Bank Transfer,DSL,No,No,106.44,3086.48,1,1
CUST_12532,47,Female,46.0,Month-to-Month,Bank Transfer,Fiber Optic,No,Yes,54.1,2522.69,4,1
CUST_12533,28,Female,14.0,Month-to-Month,Electronic Check,Fiber Optic,Yes,No,46.14,677.4,1,0
CUST_12534,24,Female,63.0,Month-to-Month,Mailed Check,Fiber Optic,No,No,68.13,4308.19,3,0
CUST_12535,48,Female,21.0,Month-to-Month,Electronic Check,DSL,No,No,61.9,1305.65,0,0
CUST_12536,61,Female,24.0,Two-Year,Bank Transfer,DSL,No,No,53.83,1289.44,4,0
CUST_12537,27,Male,45.0,One-Year,Electronic Check,DSL,No,Yes,93.18,4194.79,0,0
CUST_12538,56,Female,8.0,Two-Year,Electronic Check,Fiber Optic,No,Yes,42.56,315.0,3,0
CUST_12539,30,Female,10.0,Month-to-Month,Bank Transfer,Fiber Optic,Yes,Yes,71.2,695.04,2,1
CUST_12540,48,Female,,Month-to-Month,Credit Card,Fiber Optic,,Yes,66.75,3759.58,1,0
CUST_12541,24,Male,55.0,One-Year,Bank Transfer,Fiber Optic,No,Yes,64.78,3588.16,0,0
CUST_12542,66,Female,72.0,Month-to-Month,Bank Transfer,Fiber Optic,Yes,No,88.11,6340.8,1,0
CUST_12543,59,Female,56.0,One-Year,Bank Transfer,Fiber Optic,Yes,Yes,106.08,5994.61,2,0
CUST_12544,59,Female,3.0,One-Year,Mailed Check,DSL,No,Yes,65.01,179.05,2,0
CUST_12545,53,Male,42.0,One-Year,Bank Transfer,No,No,Yes,82.76,3475.69,5,0
CUST_12546,37,Male,13.0,Two-Year,Credit Card,Fiber Optic,No,No,65.82,874.76,3,0
CUST_12547,21,Male,72.0,Month-to-Month,Electronic Check,No,No,Yes,66.58,4805.11,3,0
CUST_12548,24,Female,15.0,Month-to-Month,Electronic Check,Fiber Optic,No,Yes,74.03,1108.25,1,0
CUST_12549,18,Female,19.0,One-Year,Electronic Check,DSL,No,No,68.37,1346.98,1,0
CUST_12550,61,Male,18.0,Month-to-Month,Mailed Check,DSL,No,No,46.77,816.76,0,0
CUST_12551,62,Male,9.0,Month-to-Month,Credit Card,No,No,No,91.62,841.76,5,0
CUST_12552,59,Male,2.0,Month-to-Month,Electronic Check,Fiber Optic,No,No,73.99,136.22,2,0
CUST_12553,64,Male,54.0,Month-to-Month,Mailed Check,Fiber Optic,No,Yes,64.07,3456.04,1,0
CUST_12554,30,Female,39.0,Month-to-Month,Credit Card,Fiber Optic,No,No,52.47,2053.31,1,0
CUST_12555,39,Female,4.0,Month-to-Month,Mailed Check,Fiber Optic,No,Yes,70.84,279.96,5,1
CUST_12556,38,Male,36.0,One-Year,Mailed Check,No,Yes,Yes,60.14,2160.55,2,0
CUST_12557,39,Female,24.0,One-Year,Credit Card,DSL,Yes,Yes,68.64,1605.9,3,1
CUST_12558,45,Male,13.0,One-Year,Mailed Check,DSL,Yes,Yes,61.22,820.03,1,0
CUST_12559,26,Female,7.0,One-Year,Bank Transfer,DSL,No,Yes,48.38,296.97,3,1
CUST_12560,43,Male,47.0,Month-to-Month,Electronic Check,No,No,Yes,97.21,4607.44,6,1
CUST_12561,26,Male,29.0,Month-to-Month,Electronic Check,Fiber Optic,No,Yes,46.12,1334.64,5,1
CUST_12562,32,Male,19.0,Month-to-Month,Mailed Check,Fiber Optic,No,Yes,49.38,963.19,2,1
CUST_12563,27,Female,23.0,Two-Year,Mailed Check,No,No,No,78.56,1741.41,3,0
CUST_12564,41,Female,2.0,One-Year,Credit Card,Fiber Optic,Yes,Yes,71.2,141.38,1,0
CUST_12565,59,Female,15.0,Month-to-Month,Credit Card,Fiber Optic,Yes,No,78.21,1172.79,3,0
CUST_12566,25,Male,5.0,Month-to-Month,Credit Card,Fiber Optic,No,Yes,75.06,351.47,4,1
CUST_12567,41,Male,6.0,Two-Year,Electronic Check,DSL,No,No,49.94,322.87,2,0
CUST_12568,33,Male,26.0,One-Year,Credit Card,DSL,No,No,78.4,2021.64,0,0
CUST_12569,66,Female,58.0,Two-Year,Bank Transfer,Fiber Optic,No,No,52.14,3000.42,2,0
CUST_12570,43,Male,12.0,Month-to-Month,Mailed Check,DSL,Yes,Yes,86.08,1023.25,0,0
CUST_12571,44,Female,6.0,Month-to-Month,Bank Transfer,DSL,No,Yes,45.04,296.02,2,0
CUST_12572,54,Female,25.0,One-Year,Electronic Check,No,No,Yes,49.14,1235.83,1,0
CUST_12573,21,Female,49.0,One-Year,Electronic Check,DSL,No,Yes,49.7,2445.82,3,0
CUST_12574,67,Male,33.0,One-Year,Credit Card,DSL,No,Yes,71.2,2370.02,1,0
CUST_12575,41,Male,49.0,One-Year,Bank Transfer,DSL,Yes,No,63.96,3128.25,6,0
CUST_12576,36,Male,18.0,One-Year,Mailed Check,Fiber Optic,No,Yes,67.29,1239.17,1,0
CUST_12577,53,Female,33.0,One-Year,Mailed Check,Fiber Optic,Yes,Yes,62.64,2077.27,3,0
CUST_12578,56,Female,4.0,Month-to-Month,Credit Card,DSL,Yes,Yes,63.94,278.28,5,0
CUST_12579,27,Male,,Month-to-Month,Bank Transfer,Fiber Optic,No,Yes,55.36,532.61,1,0
CUST_12580,42,Male,12.0,Two-Year,Mailed Check,Fiber Optic,No,No,34.78,419.96,0,0
CUST_12581,35,Female,17.0,Month-to-Month,Electronic Check,DSL,No,No,37.1,656.28,1,0
CUST_12582,36,Female,64.0,Month-to-Month,Electronic Check,Fiber Optic,No,Yes,48.97,3183.37,1,0
CUST_12583,53,Male,50.0,One-Year,Credit Card,Fiber Optic,Yes,Yes,58.56,2956.37,2,1
CUST_12584,27,Female,3.0,Two-Year,Mailed Check,DSL,Yes,No,94.29,312.49,0,1
CUST_12585,50,Male,5.0,Month-to-Month,Mailed Check,DSL,Yes,Yes,44.61,181.01,2,1
CUST_12586,67,Male,11.0,Month-to-Month,Mailed Check,No,No,No,43.15,466.64,1,0
CUST_12587,22,Female,8.0,Two-Year,Credit Card,DSL,Yes,No,28.59,245.49,1,0
CUST_12588,64,Female,23.0,Two-Year,Bank Transfer,DSL,No,Yes,75.02,1688.49,3,0
CUST_12589,66,Female,56.0,One-Year,Bank Transfer,Fiber Optic,Yes,Yes,60.73,3412.85,1,0
CUST_12590,52,Male,72.0,Month-to-Month,Mailed Check,Fiber Optic,No,Yes,39.12,2806.79,1,0
CUST_12591,61,Female,25.0,Month-to-Month,Electronic Check,Fiber Optic,No,No,64.43,1602.36,2,0
CUST_12592,51,Male,44.0,One-Year,Credit Card,DSL,No,Yes,53.33,2348.47,1,0
CUST_12593,50,Male,18.0,Two-Year,Credit Card,DSL,Yes,Yes,,1646.79,1,0
CUST_12594,38,Female,6.0,Two-Year,Credit Card,DSL,No,No,51.59,331.46,3,0
CUST_12595,34,Male,18.0,Month-to-Month,Credit Card,DSL,No,No,98.96,1748.96,3,0
CUST_12596,39,Female,19.0,Month-to-Month,Credit Card,Fiber Optic,No,Yes,68.44,1328.71,2,1
CUST_12597,65,Female,33.0,Month-to-Month,Bank Transfer,DSL,No,Yes,57.1,1903.28,1,1
CUST_12598,54,Male,6.0,Two-Year,Credit Card,Fiber Optic,Yes,Yes,59.86,351.68,0,0
CUST_12599,32,Male,11.0,One-Year,Bank Transfer,Fiber Optic,,Yes,70.86,808.04,2,1
CUST_12600,52,Male,11.0,Month-to-Month,Electronic Check,DSL,No,Yes,59.64,605.99,1,1
CUST_12601,45,Male,72.0,Month-to-Month,Mailed Check,No,No,No,46.49,3352.23,2,0
CUST_12602,24,Female,14.0,One-Year,Credit Card,No,No,Yes,77.62,1069.97,3,0
CUST_12603,49,Female,34.0,Month-to-Month,Mailed Check,No,Yes,Yes,84.83,2852.87,6,0
CUST_12604,28,Male,33.0,Two-Year,Credit Card,Fiber Optic,Yes,Yes,85.54,2778.3,0,0
CUST_12605,27,Male,7.0,One-Year,Electronic Check,Fiber Optic,Yes,Yes,61.79,451.48,1,0
CUST_12606,26,Female,20.0,Month-to-Month,Electronic Check,Fiber Optic,No,No,86.84,1752.14,2,1
CUST_12607,31,Female,54.0,Month-to-Month,Mailed Check,Fiber Optic,Yes,No,71.31,3886.7,1,0
CUST_12608,30,Male,15.0,Two-Year,Electronic Check,Fiber Optic,No,No,59.15,907.21,1,1
CUST_12609,42,Male,70.0,Month-to-Month,Electronic Check,DSL,No,No,53.78,3755.79,5,0
CUST_12610,19,Female,6.0,Month-to-Month,Electronic Check,DSL,No,No,83.41,581.86,1,1
CUST_12611,52,Male,2.0,Two-Year,Credit Card,No,Yes,Yes,31.34,93.13,3,0
CUST_12612,24,Male,53.0,Two-Year,Electronic Check,No,Yes,Yes,92.77,4882.29,2,0
CUST_12613,38,Female,45.0,Two-Year,Electronic Check,Fiber Optic,No,No,67.52,3034.51,2,0
CUST_12614,35,Female,72.0,Month-to-Month,Electronic Check,No,Yes,Yes,53.06,3827.12,1,0
CUST_12615,20,Female,27.0,Month-to-Month,Bank Transfer,DSL,Yes,Yes,50.7,1361.01,2,0
CUST_12616,59,Female,66.0,Month-to-Month,Bank Transfer,DSL,Yes,Yes,56.13,3766.19,0,0
CUST_12617,56,Female,42.0,Month-to-Month,Bank Transfer,DSL,No,Yes,,3314.35,0,1
CUST_12618,58,Male,45.0,One-Year,Mailed Check,Fiber Optic,No,Yes,71.23,3193.76,2,0
CUST_12619,66,Male,20.0,Month-to-Month,Electronic Check,No,Yes,No,55.82,1138.64,2,0
CUST_12620,28,Male,12.0,One-Year,Bank Transfer,DSL,Yes,Yes,54.18,653.77,2,0
CUST_12621,56,Male,65.0,Month-to-Month,Credit Card,No,Yes,No,71.28,4626.54,2,1
CUST_12622,41,Female,14.0,Month-to-Month,Electronic Check,No,No,Yes,119.87,1743.15,0,1
CUST_12623,63,Female,19.0,Two-Year,Mailed Check,DSL,Yes,Yes,119.67,2319.82,2,1
CUST_12624,36,Female,14.0,Month-to-Month,Electronic Check,Fiber Optic,No,Yes,86.02,1161.97,2,1
CUST_12625,21,Female,20.0,Month-to-Month,Electronic Check,Fiber Optic,Yes,Yes,49.51,1046.39,1,0
CUST_12626,43,Male,15.0,Month-to-Month,Bank Transfer,Fiber Optic,No,No,80.08,1195.83,2,0
CUST_12627,55,Male,1.0,Month-to-Month,Mailed Check,Fiber Optic,Yes,Yes,50.12,84.16,3,1
CUST_12628,59,Female,51.0,Month-to-Month,Electronic Check,No,No,Yes,60.42,3140.89,5,1
CUST_12629,49,Female,14.0,Month-to-Month,Electronic Check,Fiber Optic,No,Yes,92.31,1316.64,5,0
CUST_12630,56,Female,21.0,One-Year,Credit Card,No,No,Yes,60.12,1330.96,3,0
CUST_12631,62,Female,4.0,Two-Year,Credit Card,DSL,No,Yes,59.34,262.97,1,0
CUST_12632,63,Female,1.0,Month-to-Month,Credit Card,Fiber Optic,Yes,Yes,54.89,73.76,2,1
CUST_12633,53,Female,7.0,Month-to-Month,Mailed Check,DSL,Yes,Yes,48.66,370.9,1,0
CUST_12634,57,Male,29.0,One-Year,Bank Transfer,DSL,Yes,No,59.76,1695.9,3,0
CUST_12635,54,Female,3.0,Month-to-Month,Mailed Check,DSL,Yes,No,79.81,233.3,1,1
CUST_12636,50,Female,57.0,One-Year,Electronic Check,DSL,Yes,Yes,78.54,4444.64,2,0
CUST_12637,53,Male,6.0,One-Year,Mailed Check,Fiber Optic,No,Yes,70.88,419.94,0,0
CUST_12638,20,Female,5.0,Month-to-Month,Bank Transfer,DSL,Yes,No,88.53,456.14,3,0
CUST_12639,26,Male,5.0,Two-Year,Electronic Check,DSL,No,No,30.51,148.14,1,0
CUST_12640,25,Female,1.0,Two-Year,Credit Card,DSL,Yes,Yes,66.05,61.74,1,1
CUST_12641,50,Male,35.0,Two-Year,Electronic Check,No,No,Yes,50.82,1738.01,1,0
CUST_12642,23,Female,50.0,Month-to-Month,Mailed Check,Fiber Optic,No,Yes,104.69,5218.76,1,0
CUST_12643,58,Male,23.0,One-Year,Electronic Check,Fiber Optic,No,Yes,59.88,1427.28,1,1
CUST_12644,56,Female,5.0,Two-Year,Mailed Check,DSL,No,Yes,79.83,382.44,3,0
CUST_12645,21,Male,8.0,Month-to-Month,Electronic Check,No,No,Yes,84.95,669.26,3,1
CUST_12646,30,Male,16.0,Two-Year,Electronic Check,Fiber Optic,No,No,57.53,927.48,3,0
CUST_12647,66,Male,72.0,Month-to-Month,Mailed Check,Fiber Optic,Yes,Yes,83.59,6029.62,1,0
CUST_12648,19,Female,7.0,Month-to-Month,Mailed Check,Fiber Optic,No,Yes,85.85,596.84,0,1
CUST_12649,22,Male,32.0,One-Year,Mailed Check,Fiber Optic,No,No,80.8,2543.72,4,0
CUST_12650,61,Male,14.0,One-Year,Electronic Check,Fiber Optic,Yes,No,54.56,780.07,1,0
CUST_12651,44,Female,8.0,One-Year,Mailed Check,Fiber Optic,No,Yes,36.39,348.74,4,0
CUST_12652,49,Female,15.0,Two-Year,Mailed Check,DSL,No,Yes,107.77,1671.62,2,0
CUST_12653,38,Female,2.0,Month-to-Month,Electronic Check,Fiber Optic,No,Yes,59.18,96.84,1,0
CUST_12654,25,Male,38.0,Month-to-Month,Credit Card,Fiber Optic,Yes,Yes,85.09,3245.49,4,0
CUST_12655,55,Female,7.0,Two-Year,Mailed Check,Fiber Optic,No,Yes,55.71,465.86,4,0
CUST_12656,25,Male,31.0,Month-to-Month,Electronic Check,No,Yes,Yes,106.96,3315.65,4,1
CUST_12657,67,Male,2.0,One-Year,Credit Card,DSL,No,Yes,55.03,117.7,4,0
CUST_12658,20,Female,72.0,Month-to-Month,Credit Card,No,Yes,No,67.01,4779.91,1,0
CUST_12659,61,Female,5.0,Month-to-Month,Credit Card,DSL,No,Yes,111.44,588.46,1,1
CUST_12660,20,Female,51.0,Month-to-Month,Bank Transfer,Fiber Optic,No,Yes,33.03,1692.88,4,1
CUST_12661,39,Male,40.0,Month-to-Month,Mailed Check,Fiber Optic,Yes,Yes,89.12,3538.04,1,0
CUST_12662,23,Male,72.0,Two-Year,Electronic Check,DSL,No,No,64.49,4664.08,1,0
CUST_12663,19,Male,16.0,One-Year,Bank Transfer,DSL,Yes,No,79.15,1295.74,1,0
CUST_12664,40,Female,31.0,One-Year,Credit Card,DSL,Yes,No,58.04,1778.43,1,0
CUST_12665,61,Male,11.0,Month-to-Month,Bank Transfer,DSL,No,No,97.72,1025.08,4,1
CUST_12666,19,Male,5.0,Month-to-Month,Credit Card,DSL,No,Yes,48.76,247.97,2,1
CUST_12667,55,Male,14.0,Month-to-Month,Electronic Check,Fiber Optic,No,Yes,65.74,941.14,2,1
CUST_12668,34,Female,4.0,Month-to-Month,Mailed Check,No,No,Yes,83.71,342.85,0,0
CUST_12669,52,Male,72.0,Month-to-Month,Credit Card,DSL,Yes,Yes,48.59,3533.22,6,1
CUST_12670,51,Female,2.0,Month-to-Month,Bank Transfer,Fiber Optic,No,Yes,67.55,83.73,2,1
CUST_12671,40,Male,21.0,Month-to-Month,Credit Card,DSL,No,Yes,44.5,904.06,3,0
CUST_12672,47,Female,24.0,Month-to-Month,Bank Transfer,DSL,Yes,Yes,56.96,1373.69,2,0
CUST_12673,69,Male,19.0,Month-to-Month,Mailed Check,Fiber Optic,No,Yes,117.49,2185.59,2,1
CUST_12674,25,Female,26.0,One-Year,Mailed Check,Fiber Optic,No,No,91.83,2364.84,3,0
CUST_12675,39,Female,3.0,Month-to-Month,Credit Card,Fiber Optic,No,Yes,78.32,219.15,4,1
CUST_12676,61,Male,19.0,Month-to-Month,Bank Transfer,Fiber Optic,No,Yes,72.38,1405.72,1,0
CUST_12677,53,Female,8.0,Two-Year,Electronic Check,Fiber Optic,Yes,Yes,33.68,308.63,2,0
CUST_12678,22,Male,68.0,Month-to-Month,Mailed Check,Fiber Optic,No,No,61.26,4187.39,1,1
CUST_12679,30,Female,34.0,Two-Year,Mailed Check,Fiber Optic,Yes,No,83.45,2893.54,2,0
CUST_12680,46,Female,72.0,Month-to-Month,Electronic Check,Fiber Optic,No,Yes,56.16,4085.5,1,0
CUST_12681,48,Male,1.0,Two-Year,Bank Transfer,No,No,Yes,72.21,95.91,3,0
CUST_12682,64,Male,8.0,Month-to-Month,Electronic Check,Fiber Optic,Yes,No,44.93,382.24,3,0
CUST_12683,33,Male,5.0,One-Year,Mailed Check,Fiber Optic,No,Yes,43.24,198.61,2,0
CUST_12684,59,Male,1.0,Month-to-Month,Credit Card,Fiber Optic,No,No,110.62,68.77,3,1
CUST_12685,47,Male,7.0,One-Year,Mailed Check,DSL,No,Yes,107.58,731.64,2,1
CUST_12686,33,Male,27.0,Month-to-Month,Credit Card,Fiber Optic,No,Yes,63.29,1734.08,2,0
CUST_12687,29,Male,6.0,Month-to-Month,Electronic Check,Fiber Optic,Yes,No,49.44,287.24,1,0
CUST_12688,34,Female,17.0,One-Year,Credit Card,Fiber Optic,No,Yes,46.16,803.06,3,0
CUST_12689,33,Male,53.0,Month-to-Month,Electronic Check,No,No,Yes,73.03,3815.74,1,0
CUST_12690,29,Male,28.0,Two-Year,Electronic Check,DSL,No,Yes,103.69,2919.09,3,1
CUST_12691,25,Female,12.0,Month-to-Month,Credit Card,Fiber Optic,Yes,No,51.02,586.58,0,0
CUST_12692,37,Male,11.0,Month-to-Month,Bank Transfer,Fiber Optic,No,Yes,68.98,736.92,3,1
CUST_12693,20,Male,15.0,One-Year,Electronic Check,Fiber Optic,Yes,Yes,67.97,1069.53,4,0
CUST_12694,33,Male,5.0,Month-to-Month,Credit Card,Fiber Optic,Yes,Yes,98.31,556.09,1,1
CUST_12695,47,Female,24.0,Month-to-Month,Mailed Check,DSL,No,No,70.61,1662.42,0,0
CUST_12696,62,Female,11.0,One-Year,Credit Card,DSL,Yes,Yes,37.08,400.96,1,0
CUST_12697,40,Male,46.0,One-Year,Mailed Check,DSL,Yes,Yes,80.05,3678.58,3,0
CUST_12698,45,Female,34.0,Two-Year,Mailed Check,Fiber Optic,No,Yes,68.42,2348.4,4,0
CUST_12699,68,Female,23.0,Month-to-Month,Mailed Check,DSL,No,No,47.66,1082.07,2,0
CUST_12700,57,Female,11.0,Month-to-Month,Electronic Check,Fiber Optic,No,No,86.2,924.04,0,0
CUST_12701,22,Female,6.0,Month-to-Month,Mailed Check,Fiber Optic,No,Yes,58.74,361.23,4,1
CUST_12702,37,Female,36.0,Month-to-Month,Mailed Check,DSL,No,No,71.67,2582.55,3,0
CUST_12703,57,Male,16.0,One-Year,Electronic Check,Fiber Optic,Yes,Yes,67.89,1112.27,2,0
CUST_12704,61,Male,6.0,Month-to-Month,Electronic Check,DSL,Yes,Yes,59.03,333.71,3,1
CUST_12705,18,Male,5.0,Month-to-Month,Electronic Check,No,No,No,48.77,237.7,1,1
CUST_12706,47,Female,4.0,Month-to-Month,Credit Card,Fiber Optic,Yes,Yes,76.19,328.08,1,1
CUST_12707,38,Female,36.0,One-Year,Bank Transfer,No,No,No,40.6,1459.78,1,0
CUST_12708,37,Female,6.0,Two-Year,Bank Transfer,Fiber Optic,No,No,83.57,451.05,2,0
CUST_12709,23,Female,18.0,One-Year,Credit Card,Fiber Optic,,Yes,47.92,911.31,3,0
CUST_12710,39,Male,14.0,Month-to-Month,Bank Transfer,DSL,No,Yes,41.7,581.27,2,0
CUST_12711,35,Female,21.0,One-Year,Credit Card,DSL,No,No,93.05,1952.06,2,0
CUST_12712,25,Female,50.0,One-Year,Electronic Check,Fiber Optic,Yes,Yes,66.88,3419.82,3,0
CUST_12713,56,Female,49.0,Month-to-Month,Electronic Check,DSL,Yes,Yes,26.92,1382.46,3,1
CUST_12714,49,Female,14.0,Month-to-Month,Mailed Check,No,No,Yes,64.74,934.86,3,1
CUST_12715,50,Female,1.0,Month-to-Month,Mailed Check,Fiber Optic,Yes,Yes,77.23,44.64,4,1
CUST_12716,70,Male,13.0,Month-to-Month,Credit Card,No,Yes,No,77.77,1052.27,1,1
CUST_12717,33,Female,22.0,Two-Year,Bank Transfer,DSL,Yes,Yes,49.52,1036.29,1,0
CUST_12718,29,Male,20.0,Month-to-Month,Electronic Check,No,No,No,52.36,1051.28,2,1
CUST_12719,55,Female,25.0,Month-to-Month,Bank Transfer,Fiber Optic,No,No,68.26,1692.57,1,1
CUST_12720,69,Female,4.0,Two-Year,Mailed Check,DSL,No,Yes,85.77,322.03,0,0
CUST_12721,51,Male,25.0,Two-Year,Electronic Check,Fiber Optic,No,Yes,38.7,974.46,0,0
CUST_12722,31,Female,5.0,One-Year,Bank Transfer,No,No,No,39.84,217.59,3,0
CUST_12723,53,Male,33.0,Month-to-Month,Credit Card,DSL,No,No,92.42,3073.45,0,1
CUST_12724,50,Male,10.0,Month-to-Month,Credit Card,Fiber Optic,No,Yes,89.35,891.06,1,1
CUST_12725,40,Male,30.0,Month-to-Month,Bank Transfer,Fiber Optic,Yes,Yes,46.15,1378.2,2,0
CUST_12726,67,Female,1.0,Month-to-Month,Mailed Check,No,No,Yes,57.25,82.87,2,0
CUST_12727,62,Female,13.0,Month-to-Month,Electronic Check,DSL,Yes,Yes,107.16,1419.43,2,0
CUST_12728,19,Female,29.0,One-Year,Mailed Check,Fiber Optic,No,Yes,82.6,2399.54,2,0
CUST_12729,58,Male,6.0,Month-to-Month,Bank Transfer,Fiber Optic,Yes,No,64.01,358.09,1,0
CUST_12730,38,Female,38.0,Month-to-Month,Mailed Check,No,No,Yes,87.85,3287.58,1,0
CUST_12731,19,Female,24.0,Month-to-Month,Electronic Check,Fiber Optic,,No,55.35,1348.18,5,1
CUST_12732,44,Male,21.0,One-Year,Credit Card,Fiber Optic,No,No,68.16,1460.54,2,0
CUST_12733,26,Male,10.0,One-Year,Credit Card,No,Yes,Yes,58.8,581.92,2,0
CUST_12734,18,Male,16.0,One-Year,Bank Transfer,Fiber Optic,Yes,Yes,79.15,1277.6,4,0
CUST_12735,28,Female,22.0,Month-to-Month,Electronic Check,Fiber Optic,No,No,79.04,1778.48,2,1
CUST_12736,20,Female,15.0,Month-to-Month,Electronic Check,Fiber Optic,Yes,No,69.46,1102.23,0,1
CUST_12737,69,Female,29.0,Month-to-Month,Electronic Check,No,No,No,75.08,2165.46,1,0
CUST_12738,40,Male,14.0,Month-to-Month,Bank Transfer,Fiber Optic,No,Yes,87.73,1225.59,1,0
CUST_12739,43,Female,5.0,Two-Year,Electronic Check,DSL,Yes,Yes,74.33,385.28,1,0
CUST_12740,21,Male,6.0,Two-Year,Credit Card,No,No,No,69.51,380.61,0,0
CUST_12741,35,Male,1.0,One-Year,Credit Card,Fiber Optic,No,Yes,73.53,9.2,3,1
CUST_12742,23,Female,9.0,Two-Year,Mailed Check,No,Yes,No,89.24,763.12,2,0
CUST_12743,52,Male,33.0,One-Year,Mailed Check,Fiber Optic,No,Yes,46.52,1526.91,2,0
CUST_12744,39,Female,38.0,Month-to-Month,Bank Transfer,DSL,No,No,73.32,2764.44,2,0
CUST_12745,60,Male,5.0,Two-Year,Credit Card,Fiber Optic,Yes,Yes,27.26,111.83,3,0
CUST_12746,32,Female,72.0,Month-to-Month,Credit Card,DSL,Yes,No,59.34,4274.01,1,0
CUST_12747,39,Male,17.0,One-Year,Electronic Check,Fiber Optic,No,Yes,102.7,1745.46,6,1
CUST_12748,54,Female,60.0,Month-to-Month,Electronic Check,Fiber Optic,Yes,No,49.19,2928.72,2,0
CUST_12749,69,Male,29.0,Month-to-Month,Bank Transfer,No,Yes,Yes,32.37,890.3,2,0
CUST_12750,59,Male,,One-Year,Bank Transfer,Fiber Optic,No,Yes,46.09,1441.03,0,0
CUST_12751,29,Female,2.0,Month-to-Month,Electronic Check,No,Yes,Yes,79.25,190.12,3,0
CUST_12752,64,Male,6.0,Month-to-Month,Mailed Check,Fiber Optic,Yes,No,62.37,355.66,1,0
CUST_12753,66,Female,1.0,Month-to-Month,Bank Transfer,Fiber Optic,No,Yes,44.87,33.33,2,0
CUST_12754,59,Female,30.0,Month-to-Month,Electronic Check,No,Yes,Yes,89.16,2699.18,2,1
CUST_12755,55,Male,10.0,Two-Year,Credit Card,Fiber Optic,No,Yes,73.55,766.95,1,0
CUST_12756,35,Male,37.0,One-Year,Electronic Check,No,Yes,Yes,41.87,1535.45,1,0
CUST_12757,62,Female,10.0,Month-to-Month,Bank Transfer,DSL,No,Yes,60.57,602.59,4,0
CUST_12758,52,Female,41.0,Month-to-Month,Bank Transfer,Fiber Optic,No,Yes,107.65,4457.9,4,1
CUST_12759,47,Female,3.0,Two-Year,Electronic Check,DSL,Yes,No,58.81,202.74,5,0
CUST_12760,41,Female,5.0,Month-to-Month,Bank Transfer,Fiber Optic,No,Yes,31.12,121.4,5,0
CUST_12761,59,Female,10.0,Month-to-Month,Bank Transfer,Fiber Optic,No,No,74.4,692.51,0,0
CUST_12762,47,Male,13.0,Month-to-Month,Credit Card,DSL,Yes,No,72.65,936.13,2,0
CUST_12763,31,Female,10.0,Two-Year,Mailed Check,Fiber Optic,No,No,91.65,887.52,1,0
CUST_12764,23,Female,35.0,Month-to-Month,Bank Transfer,Fiber Optic,No,No,57.16,2014.63,2,0
CUST_12765,20,Male,2.0,Month-to-Month,Bank Transfer,No,No,Yes,73.83,169.07,3,1
CUST_12766,33,Male,10.0,Month-to-Month,Mailed Check,No,No,No,69.93,706.98,2,1
CUST_12767,24,Male,44.0,Month-to-Month,Credit Card,DSL,Yes,Yes,64.87,2830.11,4,0
CUST_12768,69,Male,2.0,One-Year,Electronic Check,DSL,Yes,Yes,71.47,104.83,1,0
CUST_12769,31,Female,68.0,Month-to-Month,Electronic Check,DSL,No,No,77.04,5258.55,1,0
CUST_12770,26,Male,72.0,Month-to-Month,Mailed Check,DSL,No,No,76.01,5497.59,1,0
CUST_12771,32,Male,2.0,Month-to-Month,Electronic Check,Fiber Optic,Yes,Yes,83.36,199.94,4,1
CUST_12772,38,Male,8.0,Month-to-Month,Credit Card,No,No,Yes,19.41,146.57,2,0
CUST_12773,52,Female,11.0,Two-Year,Bank Transfer,Fiber Optic,Yes,Yes,35.09,383.25,2,0
CUST_12774,19,Female,36.0,Two-Year,Mailed Check,DSL,No,Yes,69.27,2518.06,4,0
CUST_12775,44,Male,22.0,Month-to-Month,Credit Card,No,No,No,67.32,1481.39,3,0
CUST_12776,19,Male,25.0,Month-to-Month,Mailed Check,DSL,No,Yes,44.67,1099.57,1,0
CUST_12777,52,Female,34.0,Month-to-Month,Bank Transfer,No,No,Yes,58.3,1957.03,0,0
CUST_12778,35,Female,3.0,One-Year,Electronic Check,Fiber Optic,Yes,Yes,48.47,166.96,3,0
CUST_12779,31,Male,43.0,One-Year,Mailed Check,Fiber Optic,Yes,No,76.75,3291.49,1,0
CUST_12780,37,Male,29.0,Month-to-Month,Electronic Check,No,No,No,47.17,1351.6,4,0
CUST_12781,35,Male,21.0,One-Year,Bank Transfer,Fiber Optic,Yes,No,69.29,1468.59,0,0
CUST_12782,27,Male,53.0,One-Year,Mailed Check,DSL,No,Yes,85.5,4510.13,3,0
CUST_12783,42,Female,29.0,Two-Year,Electronic Check,Fiber Optic,No,No,47.58,1362.48,2,0
CUST_12784,19,Female,5.0,Month-to-Month,Mailed Check,DSL,No,Yes,38.19,192.15,3,0
CUST_12785,42,Male,13.0,Month-to-Month,Electronic Check,DSL,Yes,No,49.77,633.02,1,0
CUST_12786,50,Female,16.0,Month-to-Month,Credit Card,Fiber Optic,Yes,Yes,47.6,804.04,3,0
CUST_12787,53,Male,1.0,Two-Year,Electronic Check,DSL,No,Yes,65.81,81.81,2,0
CUST_12788,48,Female,72.0,One-Year,Credit Card,DSL,Yes,Yes,30.97,2233.65,2,0
CUST_12789,31,Female,3.0,One-Year,Mailed Check,Fiber Optic,No,Yes,97.12,333.49,1,0
CUST_12790,18,Male,29.0,Month-to-Month,Bank Transfer,DSL,No,Yes,39.87,1158.62,1,0
CUST_12791,63,Male,17.0,Month-to-Month,Electronic Check,DSL,No,No,38.02,678.8,2,0
CUST_12792,33,Female,1.0,Month-to-Month,Credit Card,Fiber Optic,Yes,Yes,66.23,36.39,0,1
CUST_12793,63,Male,62.0,One-Year,Electronic Check,DSL,No,Yes,62.54,3858.52,1,0
CUST_12794,69,Male,46.0,Month-to-Month,Bank Transfer,Fiber Optic,No,Yes,92.43,4223.04,1,0
CUST_12795,20,Female,18.0,Month-to-Month,Credit Card,Fiber Optic,No,Yes,59.52,1086.49,2,1
CUST_12796,52,Female,6.0,One-Year,Credit Card,DSL,No,No,59.3,309.45,3,0
CUST_12797,58,Male,3.0,Month-to-Month,Mailed Check,DSL,No,Yes,77.95,243.38,1,0
CUST_12798,23,Female,11.0,Month-to-Month,Credit Card,No,,No,83.95,908.63,1,0
CUST_12799,42,Male,7.0,Month-to-Month,Bank Transfer,Fiber Optic,Yes,Yes,26.1,186.62,1,0
CUST_12800,30,Female,17.0,Two-Year,Electronic Check,Fiber Optic,No,No,66.31,1126.68,2,0
CUST_12801,70,Female,72.0,One-Year,Mailed Check,Fiber Optic,Yes,Yes,108.1,7799.85,2,0
CUST_12802,51,Female,21.0,Two-Year,Electronic Check,DSL,No,No,52.53,1170.21,1,0
CUST_12803,25,Male,53.0,Month-to-Month,Electronic Check,Fiber Optic,No,Yes,68.0,3664.58,5,0
CUST_12804,38,Female,25.0,Two-Year,Bank Transfer,DSL,Yes,No,85.39,2159.25,2,0
CUST_12805,51,Female,15.0,Two-Year,Bank Transfer,Fiber Optic,No,Yes,74.73,1110.66,2,1
CUST_12806,21,Male,46.0,One-Year,Electronic Check,No,No,Yes,43.98,2028.74,4,0
CUST_12807,42,Male,15.0,Two-Year,Credit Card,DSL,Yes,Yes,63.65,942.82,1,0
CUST_12808,32,Male,49.0,Month-to-Month,Electronic Check,No,No,No,40.2,1947.72,4,0
CUST_12809,21,Male,8.0,Month-to-Month,Credit Card,Fiber Optic,Yes,Yes,43.62,290.37,0,0
CUST_12810,62,Female,3.0,Month-to-Month,Credit Card,DSL,No,Yes,87.18,254.7,4,1
CUST_12811,29,Male,46.0,One-Year,Credit Card,DSL,Yes,No,82.12,3785.8,2,0
CUST_12812,49,Male,21.0,One-Year,Credit Card,DSL,No,No,100.72,2133.46,1,1
CUST_12813,49,Female,53.0,One-Year,Electronic Check,Fiber Optic,Yes,No,83.48,4427.82,3,0
CUST_12814,45,Male,67.0,Month-to-Month,Mailed Check,No,Yes,Yes,62.16,4143.89,1,0
CUST_12815,30,Female,1.0,Month-to-Month,Electronic Check,Fiber Optic,No,Yes,44.72,29.77,1,1
CUST_12816,48,Male,17.0,Month-to-Month,Electronic Check,Fiber Optic,No,Yes,92.94,1607.69,1,1
CUST_12817,31,Female,11.0,One-Year,Bank Transfer,DSL,Yes,No,77.52,801.43,0,0
CUST_12818,37,Female,24.0,Month-to-Month,Electronic Check,DSL,No,No,81.0,1928.72,2,0
CUST_12819,35,Female,38.0,Two-Year,Credit Card,DSL,Yes,No,76.47,2906.56,2,0
CUST_12820,46,Male,8.0,Month-to-Month,Credit Card,Fiber Optic,No,No,88.73,697.53,0,0
CUST_12821,23,Female,20.0,Month-to-Month,Mailed Check,Fiber Optic,No,No,34.53,645.05,2,0
CUST_12822,49,Male,30.0,Two-Year,Mailed Check,DSL,No,No,40.72,1249.65,0,0
CUST_12823,46,Male,3.0,Month-to-Month,Mailed Check,Fiber Optic,Yes,Yes,47.56,177.6,4,0
CUST_12824,60,Male,40.0,Month-to-Month,Credit Card,No,No,No,72.28,2861.58,3,1
CUST_12825,19,Female,22.0,Month-to-Month,Bank Transfer,No,No,No,55.85,1132.45,2,1
CUST_12826,40,Male,72.0,Month-to-Month,Electronic Check,DSL,Yes,Yes,87.56,6364.31,2,0
CUST_12827,36,Female,10.0,Two-Year,Mailed Check,Fiber Optic,Yes,Yes,64.67,634.23,1,0
CUST_12828,48,Male,3.0,One-Year,Mailed Check,No,Yes,Yes,111.37,304.93,2,0
CUST_12829,68,Male,17.0,Month-to-Month,Credit Card,Fiber Optic,Yes,No,99.27,1684.25,0,0
CUST_12830,22,Female,2.0,One-Year,Electronic Check,Fiber Optic,Yes,No,67.78,145.18,1,0
CUST_12831,36,Male,72.0,Month-to-Month,Electronic Check,Fiber Optic,Yes,Yes,37.84,2705.61,1,1
CUST_12832,51,Female,,One-Year,Credit Card,Fiber Optic,No,No,78.78,82.69,2,1
CUST_12833,27,Male,34.0,Two-Year,Credit Card,No,Yes,Yes,42.73,1449.24,2,0
CUST_12834,42,Female,18.0,Two-Year,Credit Card,DSL,Yes,No,45.51,798.55,2,0
CUST_12835,19,Female,11.0,Month-to-Month,Mailed Check,No,Yes,No,57.12,579.33,5,0
CUST_12836,28,Male,2.0,Month-to-Month,Bank Transfer,Fiber Optic,No,No,56.74,153.44,0,0
CUST_12837,67,Male,23.0,Month-to-Month,Bank Transfer,DSL,Yes,Yes,76.05,1766.09,3,0
CUST_12838,48,Female,21.0,One-Year,Electronic Check,No,No,No,71.55,1479.51,1,0
CUST_12839,32,Female,8.0,Month-to-Month,Bank Transfer,No,No,Yes,44.82,370.73,1,0
CUST_12840,26,Male,58.0,Month-to-Month,Electronic Check,DSL,No,Yes,59.09,3401.14,0,0
CUST_12841,40,Male,9.0,Two-Year,Electronic Check,Fiber Optic,Yes,Yes,37.8,339.05,2,0
CUST_12842,36,Female,14.0,Month-to-Month,Credit Card,DSL,No,No,73.04,1040.37,0,0
CUST_12843,26,Female,19.0,Month-to-Month,Electronic Check,Fiber Optic,Yes,No,27.8,542.12,4,0
CUST_12844,52,Male,3.0,Month-to-Month,Credit Card,DSL,No,Yes,60.31,168.74,1,1
CUST_12845,38,Male,65.0,Month-to-Month,Electronic Check,DSL,No,No,52.08,3409.69,2,0
CUST_12846,26,Male,11.0,Month-to-Month,Electronic Check,DSL,No,Yes,75.91,835.33,4,0
CUST_12847,45,Female,2.0,Month-to-Month,Bank Transfer,DSL,No,Yes,48.82,81.83,2,0
CUST_12848,63,Male,12.0,Month-to-Month,Bank Transfer,DSL,No,Yes,48.0,626.26,1,0
CUST_12849,68,Female,22.0,Month-to-Month,Mailed Check,Fiber Optic,Yes,Yes,72.93,1570.74,2,0
CUST_12850,24,Male,17.0,One-Year,Credit Card,DSL,Yes,No,73.99,1269.82,0,0
CUST_12851,33,Male,28.0,Month-to-Month,Electronic Check,DSL,No,No,44.07,1276.46,0,0
CUST_12852,33,Female,,One-Year,Credit Card,Fiber Optic,No,Yes,76.78,25.72,3,0
CUST_12853,50,Female,8.0,Month-to-Month,Electronic Check,Fiber Optic,No,No,114.13,962.14,1,1
CUST_12854,21,Female,41.0,Month-to-Month,Credit Card,Fiber Optic,No,Yes,55.57,2329.06,1,0
CUST_12855,21,Male,2.0,Two-Year,Mailed Check,Fiber Optic,No,Yes,40.43,66.8,3,0
CUST_12856,56,Female,46.0,Month-to-Month,Credit Card,No,No,Yes,66.11,3049.74,1,0
CUST_12857,57,Female,2.0,Month-to-Month,Bank Transfer,Fiber Optic,No,No,37.37,52.65,2,0
CUST_12858,34,Male,43.0,Two-Year,Electronic Check,DSL,No,No,59.83,2547.94,0,0
CUST_12859,54,Male,11.0,One-Year,Credit Card,DSL,No,Yes,54.9,569.94,2,0
CUST_12860,56,Male,23.0,Month-to-Month,Electronic Check,Fiber Optic,No,Yes,78.85,1864.38,3,1
CUST_12861,69,Male,4.0,Month-to-Month,Electronic Check,No,No,Yes,29.87,112.51,2,0
CUST_12862,46,Female,2.0,One-Year,Credit Card,Fiber Optic,No,Yes,33.42,25.27,1,0
CUST_12863,69,Male,6.0,Two-Year,Electronic Check,No,Yes,No,72.64,467.0,4,0
CUST_12864,53,Female,3.0,Month-to-Month,Electronic Check,Fiber Optic,Yes,Yes,75.85,247.75,1,0
CUST_12865,55,Female,9.0,Month-to-Month,Mailed Check,Fiber Optic,No,No,22.06,209.81,1,0
CUST_12866,56,Female,17.0,Month-to-Month,Credit Card,Fiber Optic,No,Yes,95.42,1602.39,4,1
CUST_12867,67,Female,21.0,Month-to-Month,Electronic Check,Fiber Optic,No,Yes,82.51,1720.61,1,1
CUST_12868,54,Male,37.0,Month-to-Month,Mailed Check,No,No,Yes,51.57,1970.27,1,1
CUST_12869,69,Male,26.0,Month-to-Month,Bank Transfer,Fiber Optic,No,Yes,66.91,1751.22,1,1
CUST_12870,52,Male,23.0,Month-to-Month,Credit Card,DSL,No,No,25.58,572.48,0,0
CUST_12871,24,Female,,Month-to-Month,Credit Card,Fiber Optic,No,Yes,79.08,1050.34,3,0
CUST_12872,44,Male,15.0,Two-Year,Bank Transfer,No,Yes,Yes,48.07,746.36,0,0
CUST_12873,45,Female,13.0,Month-to-Month,Bank Transfer,DSL,No,No,57.88,806.84,3,0
CUST_12874,39,Male,44.0,Month-to-Month,Mailed Check,DSL,Yes,No,62.8,2765.17,1,0
CUST_12875,31,Male,6.0,Month-to-Month,Electronic Check,Fiber Optic,No,No,89.16,556.93,4,1
CUST_12876,24,Male,1.0,Two-Year,Bank Transfer,DSL,Yes,Yes,74.35,90.29,2,0
CUST_12877,54,Female,25.0,One-Year,Credit Card,Fiber Optic,No,Yes,57.81,1423.82,0,0
CUST_12878,39,Female,5.0,One-Year,Bank Transfer,Fiber Optic,No,No,53.21,225.07,0,1
CUST_12879,22,Male,53.0,Month-to-Month,Electronic Check,DSL,No,No,69.51,3702.67,0,0
CUST_12880,19,Female,47.0,Two-Year,Mailed Check,No,No,Yes,63.29,2995.4,2,0
CUST_12881,44,Male,2.0,Month-to-Month,Bank Transfer,No,Yes,Yes,60.16,47.36,2,1
CUST_12882,38,Female,3.0,Month-to-Month,Bank Transfer,DSL,No,Yes,65.12,211.26,0,0
CUST_12883,55,Female,16.0,One-Year,Bank Transfer,DSL,No,Yes,,951.07,0,0
CUST_12884,32,Male,23.0,Two-Year,Bank Transfer,No,Yes,Yes,33.69,787.94,3,0
CUST_12885,38,Female,8.0,One-Year,Electronic Check,DSL,No,Yes,63.85,496.36,3,0
CUST_12886,27,Male,30.0,Two-Year,Credit Card,Fiber Optic,No,Yes,64.56,1980.43,2,0
CUST_12887,40,Female,22.0,Two-Year,Bank Transfer,No,No,Yes,67.66,1519.42,3,0
CUST_12888,56,Male,9.0,Month-to-Month,Electronic Check,Fiber Optic,No,Yes,44.93,362.69,1,1
CUST_12889,22,Female,1.0,Month-to-Month,Electronic Check,Fiber Optic,No,Yes,49.0,19.61,3,1
CUST_12890,18,Male,33.0,Month-to-Month,Credit Card,DSL,No,Yes,97.78,3228.55,3,1
CUST_12891,30,Female,6.0,Two-Year,Credit Card,Fiber Optic,No,No,50.19,282.57,1,0
CUST_12892,38,Female,43.0,Month-to-Month,Mailed Check,Fiber Optic,No,Yes,75.18,3265.18,4,0
CUST_12893,43,Female,13.0,Two-Year,Electronic Check,Fiber Optic,No,No,49.06,607.41,0,0
CUST_12894,67,Female,21.0,Month-to-Month,Electronic Check,DSL,No,No,27.18,602.96,3,1
CUST_12895,62,Female,50.0,Month-to-Month,Electronic Check,No,No,Yes,62.92,3073.17,1,1
CUST_12896,38,Male,48.0,Month-to-Month,Bank Transfer,Fiber Optic,No,Yes,77.26,3696.34,2,1
CUST_12897,70,Male,11.0,Month-to-Month,Bank Transfer,Fiber Optic,No,Yes,58.33,683.28,2,0
CUST_12898,35,Male,6.0,Two-Year,Bank Transfer,Fiber Optic,No,No,,148.76,3,0
CUST_12899,54,Female,36.0,Month-to-Month,Bank Transfer,DSL,Yes,Yes,20.33,732.71,2,0
CUST_12900,62,Male,14.0,Month-to-Month,Electronic Check,DSL,Yes,Yes,88.07,1256.32,2,1
CUST_12901,49,Female,5.0,Month-to-Month,Electronic Check,DSL,No,No,64.71,339.38,3,1
CUST_12902,53,Female,56.0,Month-to-Month,Mailed Check,Fiber Optic,Yes,No,77.14,4316.47,1,0
CUST_12903,34,Male,5.0,Month-to-Month,Electronic Check,DSL,No,Yes,69.63,387.7,2,1
CUST_12904,52,Male,1.0,Month-to-Month,Electronic Check,DSL,Yes,No,41.99,45.87,2,0
CUST_12905,66,Male,1.0,Two-Year,Bank Transfer,Fiber Optic,Yes,Yes,59.88,76.15,0,0
CUST_12906,28,Male,23.0,Month-to-Month,Credit Card,Fiber Optic,No,No,31.06,742.73,3,0
CUST_12907,38,Male,26.0,Month-to-Month,Bank Transfer,Fiber Optic,Yes,Yes,83.92,2109.04,1,0
CUST_12908,69,Male,9.0,One-Year,Credit Card,No,No,No,71.39,620.93,1,0
CUST_12909,70,Female,9.0,Month-to-Month,Bank Transfer,No,No,Yes,79.81,700.6,1,1
CUST_12910,43,Female,10.0,Month-to-Month,Bank Transfer,DSL,No,Yes,90.81,927.86,2,1
CUST_12911,21,Male,27.0,Month-to-Month,Electronic Check,No,No,Yes,57.87,1614.79,4,1
CUST_12912,51,Male,1.0,Month-to-Month,Credit Card,DSL,Yes,No,50.17,0.0,5,0
CUST_12913,69,Male,64.0,One-Year,Electronic Check,No,Yes,Yes,62.88,4011.84,1,0
CUST_12914,65,Female,6.0,Month-to-Month,Electronic Check,Fiber Optic,Yes,Yes,90.35,574.93,1,0
CUST_12915,35,Female,72.0,One-Year,Electronic Check,DSL,Yes,Yes,33.68,2372.77,1,0
CUST_12916,57,Male,5.0,Two-Year,Credit Card,DSL,No,Yes,65.41,338.55,3,1
CUST_12917,52,Male,35.0,Month-to-Month,Credit Card,DSL,No,No,81.1,2852.17,4,1
CUST_12918,58,Female,6.0,Month-to-Month,Bank Transfer,Fiber Optic,No,No,71.16,443.09,2,1
CUST_12919,46,Female,2.0,Month-to-Month,Bank Transfer,Fiber Optic,Yes,No,86.46,139.19,1,0
CUST_12920,69,Male,50.0,Month-to-Month,Mailed Check,Fiber Optic,No,No,34.3,1713.79,3,0
CUST_12921,46,Female,47.0,Two-Year,Credit Card,Fiber Optic,Yes,Yes,86.75,4041.19,1,0
CUST_12922,55,Male,12.0,One-Year,Bank Transfer,Fiber Optic,Yes,Yes,52.52,663.46,1,0
CUST_12923,59,Male,29.0,Month-to-Month,Credit Card,DSL,No,Yes,,637.97,3,1
CUST_12924,38,Female,20.0,Month-to-Month,Electronic Check,No,No,No,58.46,1170.32,1,0
CUST_12925,59,Female,46.0,Month-to-Month,Electronic Check,DSL,No,No,48.22,2280.85,4,0
CUST_12926,30,Male,9.0,One-Year,Credit Card,No,No,Yes,61.72,589.31,0,0
CUST_12927,66,Female,18.0,One-Year,Electronic Check,No,No,Yes,34.6,569.75,3,0
CUST_12928,58,Male,16.0,One-Year,Credit Card,Fiber Optic,No,Yes,62.54,991.53,3,0
CUST_12929,34,Female,10.0,Month-to-Month,Mailed Check,Fiber Optic,Yes,Yes,53.5,536.98,0,0
CUST_12930,26,Male,53.0,One-Year,Credit Card,Fiber Optic,Yes,No,104.76,5546.58,4,0
CUST_12931,58,Female,4.0,Month-to-Month,Electronic Check,No,No,Yes,68.48,285.57,2,0
CUST_12932,18,Female,4.0,Month-to-Month,Bank Transfer,Fiber Optic,Yes,No,69.57,296.75,4,1
CUST_12933,19,Male,21.0,Month-to-Month,Mailed Check,DSL,No,No,60.44,1324.24,4,0
CUST_12934,65,Female,26.0,Month-to-Month,Bank Transfer,Fiber Optic,Yes,No,89.95,2324.68,0,0
CUST_12935,46,Female,5.0,One-Year,Mailed Check,No,Yes,No,74.71,395.85,3,1
CUST_12936,50,Female,12.0,Two-Year,Credit Card,Fiber Optic,No,Yes,95.26,1137.67,1,0
CUST_12937,27,Male,70.0,Month-to-Month,Bank Transfer,No,Yes,No,86.09,6073.35,3,0
CUST_12938,67,Female,7.0,Two-Year,Electronic Check,Fiber Optic,No,Yes,57.3,412.84,4,1
CUST_12939,57,Female,26.0,Month-to-Month,Credit Card,Fiber Optic,Yes,No,79.59,2070.56,0,0
CUST_12940,38,Male,32.0,One-Year,Electronic Check,DSL,No,Yes,81.28,2593.12,2,0
CUST_12941,45,Female,14.0,Two-Year,Mailed Check,No,No,Yes,83.89,1148.35,3,0
CUST_12942,28,Male,67.0,Month-to-Month,Electronic Check,DSL,No,Yes,73.03,4919.01,1,1
CUST_12943,51,Male,32.0,Two-Year,Credit Card,No,No,Yes,38.13,1195.54,0,0
CUST_12944,25,Female,15.0,Month-to-Month,Electronic Check,DSL,Yes,No,64.42,910.31,3,0
CUST_12945,39,Female,20.0,Month-to-Month,Electronic Check,DSL,,No,67.22,1315.58,1,1
CUST_12946,25,Female,28.0,One-Year,Credit Card,Fiber Optic,No,Yes,66.42,1864.35,3,0
CUST_12947,66,Male,22.0,Two-Year,Credit Card,Fiber Optic,No,Yes,87.95,1898.25,3,0
CUST_12948,32,Female,51.0,Two-Year,Electronic Check,Fiber Optic,Yes,No,52.13,2634.48,1,0
CUST_12949,34,Male,11.0,One-Year,Bank Transfer,No,Yes,Yes,67.72,688.2,0,0
CUST_12950,40,Male,9.0,Month-to-Month,Credit Card,No,Yes,No,63.61,547.67,2,0
CUST_12951,41,Male,6.0,Month-to-Month,Electronic Check,DSL,Yes,Yes,78.67,523.38,4,0
CUST_12952,62,Female,1.0,Two-Year,Credit Card,Fiber Optic,Yes,No,101.2,82.21,2,0
CUST_12953,36,Female,1.0,Month-to-Month,Mailed Check,Fiber Optic,Yes,No,77.45,74.2,3,0
CUST_12954,22,Female,49.0,One-Year,Bank Transfer,No,No,Yes,76.12,3797.13,1,0
CUST_12955,49,Female,,Month-to-Month,Mailed Check,Fiber Optic,No,Yes,44.6,1214.14,1,0
CUST_12956,61,Male,26.0,One-Year,Bank Transfer,No,Yes,No,34.13,896.13,1,0
CUST_12957,18,Female,23.0,Month-to-Month,Electronic Check,Fiber Optic,No,No,70.11,1583.89,1,1
CUST_12958,40,Male,45.0,Two-Year,Bank Transfer,Fiber Optic,No,No,61.27,2763.95,1,0
CUST_12959,54,Male,16.0,One-Year,Electronic Check,No,No,Yes,74.21,1239.32,2,0
CUST_12960,25,Male,49.0,Two-Year,Mailed Check,Fiber Optic,No,Yes,52.74,2548.01,3,0
CUST_12961,30,Female,11.0,Month-to-Month,Electronic Check,Fiber Optic,No,Yes,93.06,1018.09,4,1
CUST_12962,25,Female,63.0,One-Year,Credit Card,No,No,Yes,41.08,2552.82,3,0
CUST_12963,40,Female,29.0,One-Year,Electronic Check,DSL,No,No,61.08,1819.81,2,0
CUST_12964,60,Male,7.0,One-Year,Mailed Check,DSL,No,Yes,57.17,364.79,4,0
CUST_12965,18,Male,20.0,Two-Year,Mailed Check,DSL,No,No,86.95,1717.89,0,0
CUST_12966,62,Female,18.0,Month-to-Month,Bank Transfer,Fiber Optic,No,No,60.38,1052.06,1,1
CUST_12967,68,Male,4.0,Month-to-Month,Mailed Check,Fiber Optic,Yes,No,53.44,172.29,2,1
CUST_12968,41,Female,21.0,Month-to-Month,Bank Transfer,DSL,No,Yes,66.61,1401.57,3,0
CUST_12969,52,Female,9.0,Month-to-Month,Electronic Check,Fiber Optic,No,Yes,49.22,432.48,3,0
CUST_12970,41,Male,1.0,Two-Year,Electronic Check,Fiber Optic,No,No,64.55,75.08,1,0
CUST_12971,34,Female,71.0,Month-to-Month,Bank Transfer,DSL,Yes,Yes,62.41,4449.75,2,1
CUST_12972,22,Female,25.0,Month-to-Month,Credit Card,Fiber Optic,No,No,120.0,2949.55,2,0
CUST_12973,37,Male,50.0,Month-to-Month,Electronic Check,DSL,Yes,No,55.75,2796.56,3,0
CUST_12974,38,Female,27.0,Month-to-Month,Electronic Check,Fiber Optic,No,Yes,63.21,1679.29,0,1
CUST_12975,57,Male,11.0,Month-to-Month,Electronic Check,Fiber Optic,Yes,Yes,69.36,767.28,0,0
CUST_12976,48,Female,17.0,Month-to-Month,Bank Transfer,Fiber Optic,No,Yes,70.46,1207.83,3,0
CUST_12977,63,Female,27.0,Month-to-Month,Mailed Check,No,Yes,No,85.86,2310.45,3,1
CUST_12978,53,Female,72.0,Month-to-Month,Credit Card,Fiber Optic,Yes,Yes,103.43,7486.46,3,0
CUST_12979,28,Female,7.0,Two-Year,Electronic Check,DSL,Yes,No,48.98,299.87,2,1
CUST_12980,69,Male,50.0,Month-to-Month,Electronic Check,DSL,Yes,No,73.77,3654.72,3,0
CUST_12981,32,Female,62.0,Month-to-Month,Electronic Check,Fiber Optic,No,Yes,61.71,3833.34,2,0
CUST_12982,36,Male,27.0,Two-Year,Bank Transfer,DSL,Yes,No,71.61,1996.83,1,0
CUST_12983,24,Female,64.0,One-Year,Bank Transfer,No,,No,87.21,5553.2,2,0
CUST_12984,68,Female,12.0,Two-Year,Electronic Check,DSL,Yes,No,97.55,1168.64,1,0
CUST_12985,45,Male,72.0,Two-Year,Credit Card,Fiber Optic,No,Yes,,5975.01,1,0
CUST_12986,68,Male,29.0,Month-to-Month,Electronic Check,DSL,Yes,Yes,71.31,2095.47,5,1
CUST_12987,60,Female,1.0,One-Year,Bank Transfer,DSL,No,Yes,85.53,103.98,0,0
CUST_12988,22,Female,57.0,Month-to-Month,Mailed Check,Fiber Optic,No,Yes,48.17,2724.11,2,0
CUST_12989,22,Male,16.0,Month-to-Month,Electronic Check,Fiber Optic,No,Yes,50.48,806.92,2,0
CUST_12990,47,Male,15.0,Two-Year,Credit Card,Fiber Optic,No,No,68.37,1026.44,0,0
CUST_12991,49,Male,20.0,Month-to-Month,Credit Card,Fiber Optic,No,Yes,88.28,1796.89,1,1
CUST_12992,25,Female,4.0,One-Year,Mailed Check,Fiber Optic,Yes,No,59.09,232.37,3,0
CUST_12993,27,Male,15.0,One-Year,Bank Transfer,DSL,No,Yes,61.19,958.53,2,0
CUST_12994,55,Female,43.0,Month-to-Month,Electronic Check,Fiber Optic,No,Yes,25.35,1088.41,2,0
CUST_12995,64,Male,1.0,Two-Year,Bank Transfer,No,No,Yes,112.77,116.95,0,0
CUST_12996,49,Female,8.0,Month-to-Month,Electronic Check,DSL,Yes,No,60.4,479.36,2,1
CUST_12997,65,Male,1.0,Month-to-Month,Credit Card,No,No,Yes,18.0,12.68,2,0
CUST_12998,45,Female,,Two-Year,Electronic Check,DSL,No,Yes,68.34,886.29,0,0
CUST_12999,34,Male,31.0,Month-to-Month,Electronic Check,Fiber Optic,No,No,74.46,2309.29,2,1
CUST_13000,48,Female,38.0,One-Year,Electronic Check,DSL,No,Yes,60.4,2246.56,1,1
CUST_13001,25,Male,70.0,Month-to-Month,Electronic Check,No,No,No,46.8,3267.6,3,0
CUST_13002,57,Female,23.0,Month-to-Month,Mailed Check,Fiber Optic,No,Yes,82.96,1958.74,2,1
CUST_13003,42,Female,7.0,Two-Year,Electronic Check,Fiber Optic,No,Yes,80.66,510.22,0,0
CUST_13004,26,Male,,One-Year,Bank Transfer,Fiber Optic,No,Yes,75.52,4674.89,2,0
CUST_13005,19,Female,36.0,Month-to-Month,Electronic Check,Fiber Optic,No,No,49.72,1773.08,1,1
CUST_13006,32,Female,21.0,Month-to-Month,Bank Transfer,Fiber Optic,No,No,52.82,1119.02,4,0
CUST_13007,67,Male,29.0,Two-Year,Bank Transfer,Fiber Optic,Yes,Yes,57.99,1697.02,2,0
CUST_13008,20,Male,62.0,Month-to-Month,Credit Card,Fiber Optic,No,Yes,56.71,3520.4,2,0
CUST_13009,66,Male,30.0,Two-Year,Credit Card,DSL,No,Yes,77.51,2264.93,3,0
CUST_13010,53,Female,11.0,Month-to-Month,Credit Card,Fiber Optic,Yes,Yes,57.1,567.26,5,1
CUST_13011,21,Female,30.0,One-Year,Bank Transfer,DSL,No,Yes,46.0,1300.08,0,0
CUST_13012,31,Male,1.0,Two-Year,Mailed Check,DSL,Yes,Yes,73.46,69.38,2,0
CUST_13013,58,Female,12.0,Month-to-Month,Bank Transfer,DSL,Yes,Yes,112.53,1301.05,2,1
CUST_13014,58,Female,13.0,One-Year,Credit Card,Fiber Optic,No,Yes,49.26,569.93,1,0
CUST_13015,42,Female,4.0,One-Year,Electronic Check,DSL,No,No,50.81,175.65,0,1
CUST_13016,67,Female,1.0,One-Year,Mailed Check,Fiber Optic,Yes,No,62.55,42.07,4,1
CUST_13017,27,Female,3.0,Month-to-Month,Electronic Check,Fiber Optic,Yes,Yes,80.13,237.93,1,1
CUST_13018,38,Female,26.0,One-Year,Bank Transfer,DSL,No,No,76.31,1984.28,2,0
CUST_13019,53,Male,39.0,One-Year,Mailed Check,Fiber Optic,Yes,Yes,62.64,2444.78,6,0
CUST_13020,29,Female,72.0,Two-Year,Bank Transfer,Fiber Optic,Yes,Yes,56.28,4076.76,0,0
CUST_13021,44,Male,10.0,One-Year,Bank Transfer,Fiber Optic,,No,106.99,1061.11,0,0
CUST_13022,57,Male,22.0,Month-to-Month,Credit Card,Fiber Optic,Yes,No,87.88,1955.83,0,0
CUST_13023,19,Male,66.0,Two-Year,Bank Transfer,Fiber Optic,No,Yes,99.7,6569.7,3,0
CUST_13024,30,Female,4.0,Month-to-Month,Credit Card,No,Yes,Yes,79.06,304.3,2,1
CUST_13025,70,Female,30.0,Month-to-Month,Electronic Check,Fiber Optic,No,No,63.13,1876.76,4,0
CUST_13026,49,Male,34.0,Month-to-Month,Mailed Check,DSL,No,No,72.97,2479.89,0,0
CUST_13027,48,Male,2.0,Month-to-Month,Mailed Check,DSL,No,No,101.13,222.05,3,1
CUST_13028,33,Male,47.0,Month-to-Month,Electronic Check,DSL,No,No,75.28,3557.35,0,1
CUST_13029,49,Female,40.0,Month-to-Month,Mailed Check,No,No,Yes,30.63,1243.48,4,0
CUST_13030,49,Male,1.0,Month-to-Month,Bank Transfer,No,No,Yes,93.05,102.36,1,1
CUST_13031,51,Female,2.0,One-Year,Bank Transfer,DSL,No,No,94.94,155.31,1,0
CUST_13032,28,Male,1.0,Month-to-Month,Bank Transfer,No,Yes,Yes,89.75,172.47,2,1
CUST_13033,27,Male,10.0,Month-to-Month,Mailed Check,Fiber Optic,No,Yes,38.15,341.5,4,0
CUST_13034,32,Male,17.0,Month-to-Month,Electronic Check,DSL,No,No,72.74,1240.25,2,0
CUST_13035,34,Male,18.0,Month-to-Month,Bank Transfer,No,No,Yes,85.51,1629.11,2,1
CUST_13036,57,Female,7.0,Month-to-Month,Electronic Check,DSL,No,Yes,65.32,483.71,5,1
CUST_13037,35,Male,58.0,One-Year,Electronic Check,No,No,Yes,72.62,4190.95,3,0
CUST_13038,26,Male,11.0,Two-Year,Electronic Check,Fiber Optic,Yes,Yes,76.2,874.75,1,1
CUST_13039,42,Male,,Two-Year,Electronic Check,Fiber Optic,No,No,48.47,54.32,2,0
CUST_13040,57,Male,9.0,Two-Year,Electronic Check,No,No,Yes,74.4,645.11,5,0
CUST_13041,31,Male,18.0,Month-to-Month,Electronic Check,Fiber Optic,Yes,Yes,45.29,821.76,3,1
CUST_13042,42,Male,13.0,Month-to-Month,Electronic Check,DSL,No,Yes,62.95,807.47,0,1
CUST_13043,67,Female,8.0,Month-to-Month,Bank Transfer,Fiber Optic,No,Yes,,421.32,1,0
CUST_13044,39,Female,3.0,One-Year,Electronic Check,DSL,No,Yes,82.51,248.8,3,1
CUST_13045,69,Male,41.0,Month-to-Month,Mailed Check,No,No,Yes,78.38,3234.57,5,1
CUST_13046,47,Male,72.0,One-Year,Credit Card,Fiber Optic,No,No,,5524.25,5,1
CUST_13047,37,Female,10.0,Month-to-Month,Bank Transfer,Fiber Optic,No,No,70.64,684.55,0,0
CUST_13048,38,Male,12.0,Month-to-Month,Electronic Check,Fiber Optic,Yes,Yes,73.72,895.44,1,1
CUST_13049,61,Male,23.0,Two-Year,Credit Card,No,No,Yes,105.18,2411.11,4,1
CUST_13050,49,Male,30.0,One-Year,Electronic Check,DSL,Yes,Yes,91.49,2767.72,2,0
CUST_13051,68,Male,12.0,Two-Year,Electronic Check,Fiber Optic,No,Yes,45.77,518.6,2,0
CUST_13052,63,Female,56.0,One-Year,Credit Card,Fiber Optic,No,Yes,54.32,3041.3,0,0
CUST_13053,66,Male,20.0,Two-Year,Credit Card,No,No,Yes,60.83,1161.73,1,0
CUST_13054,38,Female,14.0,One-Year,Mailed Check,No,No,Yes,60.15,863.23,2,0
CUST_13055,52,Male,25.0,Two-Year,Bank Transfer,Fiber Optic,No,No,48.46,1265.55,1,0
CUST_13056,49,Male,72.0,Month-to-Month,Bank Transfer,Fiber Optic,Yes,No,76.73,5570.96,1,0
CUST_13057,47,Female,38.0,One-Year,Electronic Check,DSL,No,No,63.78,2448.77,5,0
CUST_13058,56,Male,1.0,One-Year,Electronic Check,DSL,,Yes,69.35,86.6,1,0
CUST_13059,66,Female,10.0,Month-to-Month,Mailed Check,No,Yes,Yes,30.81,370.08,1,0
CUST_13060,29,Male,15.0,Two-Year,Credit Card,DSL,No,Yes,33.54,486.4,0,0
CUST_13061,58,Female,9.0,Two-Year,Electronic Check,DSL,Yes,No,54.18,480.02,0,0
CUST_13062,64,Male,29.0,Month-to-Month,Bank Transfer,DSL,No,Yes,77.16,2280.02,3,0
CUST_13063,35,Female,42.0,Month-to-Month,Electronic Check,No,No,Yes,74.56,3127.34,0,0
CUST_13064,38,Male,32.0,Month-to-Month,Mailed Check,Fiber Optic,No,Yes,85.15,2697.04,3,0
CUST_13065,30,Female,72.0,Two-Year,Bank Transfer,Fiber Optic,Yes,No,50.99,3625.67,2,0
CUST_13066,38,Male,8.0,One-Year,Bank Transfer,Fiber Optic,Yes,Yes,78.71,604.49,1,0
CUST_13067,25,Female,50.0,Month-to-Month,Electronic Check,No,No,Yes,95.6,4832.74,0,0
CUST_13068,63,Male,35.0,Month-to-Month,Mailed Check,DSL,,No,83.53,2920.45,3,0
CUST_13069,57,Female,11.0,Month-to-Month,Bank Transfer,Fiber Optic,,Yes,39.15,407.84,1,0
CUST_13070,63,Male,32.0,One-Year,Electronic Check,DSL,No,Yes,87.16,2786.47,1,1
CUST_13071,24,Male,3.0,Month-to-Month,Electronic Check,Fiber Optic,No,Yes,71.53,224.35,3,0
CUST_13072,40,Male,,Month-to-Month,Bank Transfer,Fiber Optic,No,No,74.08,2685.2,2,0
CUST_13073,61,Male,18.0,One-Year,Mailed Check,Fiber Optic,No,Yes,114.91,2041.66,1,0
CUST_13074,49,Male,,Month-to-Month,Electronic Check,DSL,No,Yes,69.93,514.81,1,0
CUST_13075,28,Female,26.0,Month-to-Month,Mailed Check,DSL,No,No,77.62,2062.02,1,0
CUST_13076,39,Female,25.0,Month-to-Month,Credit Card,No,Yes,Yes,66.88,1668.46,1,0
CUST_13077,39,Male,6.0,Month-to-Month,Electronic Check,No,No,No,60.13,355.52,0,1
CUST_13078,60,Female,1.0,Month-to-Month,Bank Transfer,Fiber Optic,No,No,72.29,66.88,1,0
CUST_13079,42,Female,14.0,Two-Year,Electronic Check,DSL,No,Yes,56.26,754.04,2,0
CUST_13080,39,Male,20.0,Two-Year,Electronic Check,Fiber Optic,Yes,Yes,67.91,1373.74,1,1
CUST_13081,45,Female,50.0,Two-Year,Electronic Check,Fiber Optic,No,No,58.97,3003.56,3,0
CUST_13082,46,Female,63.0,Two-Year,Mailed Check,Fiber Optic,Yes,No,23.43,1457.56,2,0
CUST_13083,30,Female,18.0,Month-to-Month,Credit Card,Fiber Optic,No,No,55.17,1019.71,3,1
CUST_13084,35,Male,34.0,Month-to-Month,Electronic Check,Fiber Optic,No,Yes,84.11,2856.39,1,1
CUST_13085,19,Female,14.0,Month-to-Month,Bank Transfer,Fiber Optic,,No,75.4,1032.69,1,0
CUST_13086,46,Male,33.0,Two-Year,Mailed Check,DSL,No,Yes,60.31,2017.39,2,0
CUST_13087,38,Male,5.0,One-Year,Electronic Check,Fiber Optic,No,Yes,66.97,286.22,1,0
CUST_13088,32,Male,11.0,Month-to-Month,Mailed Check,DSL,No,No,48.89,495.12,0,0
CUST_13089,69,Female,24.0,Month-to-Month,Bank Transfer,Fiber Optic,No,No,51.04,1277.99,2,0
CUST_13090,44,Female,1.0,Month-to-Month,Credit Card,Fiber Optic,No,Yes,65.13,53.03,2,0
CUST_13091,67,Female,31.0,Month-to-Month,Credit Card,Fiber Optic,No,No,60.68,1916.83,1,1
CUST_13092,48,Female,43.0,Two-Year,Electronic Check,Fiber Optic,No,Yes,49.93,2143.46,2,0
CUST_13093,32,Male,12.0,Month-to-Month,Bank Transfer,Fiber Optic,Yes,Yes,63.67,687.91,3,0
CUST_13094,68,Male,14.0,Two-Year,Electronic Check,DSL,Yes,No,42.75,618.91,5,0
CUST_13095,40,Male,46.0,Month-to-Month,Bank Transfer,DSL,No,Yes,96.48,4449.12,1,1
CUST_13096,41,Male,36.0,One-Year,Credit Card,Fiber Optic,No,No,82.91,2962.33,3,0
CUST_13097,61,Female,8.0,Two-Year,Electronic Check,Fiber Optic,No,No,21.57,205.44,3,0
CUST_13098,30,Female,9.0,Two-Year,Mailed Check,No,Yes,Yes,81.77,763.99,0,1
CUST_13099,39,Male,27.0,Month-to-Month,Bank Transfer,Fiber Optic,No,No,57.54,1530.93,1,1
CUST_13100,60,Male,,Month-to-Month,Bank Transfer,Fiber Optic,No,Yes,54.07,1113.88,1,0
CUST_13101,54,Male,4.0,Month-to-Month,Electronic Check,DSL,No,Yes,80.06,326.84,4,0
CUST_13102,50,Male,9.0,Month-to-Month,Credit Card,DSL,No,No,62.14,561.33,2,0
CUST_13103,20,Female,55.0,One-Year,Bank Transfer,DSL,No,No,57.26,3127.18,1,0
CUST_13104,36,Female,28.0,Two-Year,Electronic Check,DSL,No,Yes,38.43,1048.56,1,0
CUST_13105,40,Female,72.0,Month-to-Month,Electronic Check,Fiber Optic,No,Yes,83.31,6040.89,2,1
CUST_13106,46,Male,35.0,Month-to-Month,Bank Transfer,Fiber Optic,Yes,Yes,85.73,3012.05,2,1
CUST_13107,47,Male,68.0,Month-to-Month,Electronic Check,Fiber Optic,No,Yes,68.23,4667.97,1,0
CUST_13108,56,Male,6.0,Two-Year,Electronic Check,DSL,No,Yes,41.68,235.69,2,0
CUST_13109,61,Female,35.0,Two-Year,Bank Transfer,No,Yes,Yes,71.05,2501.87,5,0
CUST_13110,64,Female,1.0,Month-to-Month,Bank Transfer,Fiber Optic,No,Yes,77.82,67.36,1,0
CUST_13111,42,Male,27.0,Month-to-Month,Bank Transfer,Fiber Optic,Yes,No,64.47,1760.7,3,0
CUST_13112,54,Female,15.0,One-Year,Mailed Check,Fiber Optic,No,Yes,82.63,1197.36,1,0
CUST_13113,64,Male,10.0,One-Year,Bank Transfer,Fiber Optic,No,Yes,68.39,642.34,1,0
CUST_13114,25,Female,48.0,Month-to-Month,Credit Card,Fiber Optic,No,No,71.08,3378.67,3,0
CUST_13115,59,Female,46.0,Two-Year,Electronic Check,DSL,Yes,Yes,94.61,4351.7,1,0
CUST_13116,33,Female,1.0,Two-Year,Bank Transfer,No,No,No,55.16,0.0,1,0
CUST_13117,25,Female,23.0,One-Year,Credit Card,Fiber Optic,Yes,Yes,33.64,787.54,1,0
CUST_13118,18,Male,11.0,One-Year,Bank Transfer,Fiber Optic,No,Yes,61.62,696.21,2,0
CUST_13119,61,Male,13.0,Month-to-Month,Bank Transfer,Fiber Optic,Yes,Yes,53.72,645.94,1,0
CUST_13120,22,Male,43.0,One-Year,Electronic Check,Fiber Optic,No,Yes,36.56,1559.89,2,0
CUST_13121,20,Male,9.0,Month-to-Month,Mailed Check,Fiber Optic,Yes,Yes,77.44,752.66,3,1
CUST_13122,18,Female,69.0,Month-to-Month,Bank Transfer,DSL,Yes,Yes,65.02,4473.2,1,0
CUST_13123,21,Female,5.0,Month-to-Month,Bank Transfer,Fiber Optic,Yes,Yes,28.58,112.67,1,0
CUST_13124,57,Male,26.0,Month-to-Month,Credit Card,No,No,Yes,95.92,2482.66,3,0
CUST_13125,52,Female,27.0,Month-to-Month,Electronic Check,DSL,No,Yes,50.44,1397.04,1,1
CUST_13126,49,Male,7.0,Month-to-Month,Electronic Check,DSL,Yes,No,52.68,334.29,2,1
CUST_13127,59,Male,9.0,One-Year,Electronic Check,Fiber Optic,No,No,83.83,771.04,3,1
CUST_13128,51,Male,43.0,One-Year,Bank Transfer,DSL,No,No,73.56,3175.78,2,0
CUST_13129,60,Male,34.0,Month-to-Month,Electronic Check,DSL,Yes,No,86.84,2952.24,6,1
CUST_13130,42,Male,10.0,Month-to-Month,Bank Transfer,Fiber Optic,No,Yes,21.4,202.67,1,0
CUST_13131,27,Male,18.0,Two-Year,Electronic Check,Fiber Optic,No,Yes,59.28,1094.86,2,0
CUST_13132,38,Male,2.0,Month-to-Month,Mailed Check,No,Yes,No,67.68,101.17,1,0
CUST_13133,63,Female,6.0,Two-Year,Electronic Check,Fiber Optic,No,Yes,91.03,558.29,2,1
CUST_13134,56,Male,16.0,Month-to-Month,Credit Card,Fiber Optic,No,Yes,48.11,723.24,2,0
CUST_13135,44,Male,2.0,One-Year,Bank Transfer,Fiber Optic,No,Yes,58.19,145.32,4,0
CUST_13136,44,Male,44.0,Month-to-Month,Credit Card,Fiber Optic,Yes,Yes,67.82,3006.79,2,1
CUST_13137,19,Female,30.0,One-Year,Bank Transfer,Fiber Optic,No,Yes,80.23,2394.39,0,0
CUST_13138,58,Male,69.0,Two-Year,Electronic Check,Fiber Optic,No,No,42.81,2946.89,4,0
CUST_13139,65,Female,28.0,Two-Year,Electronic Check,DSL,No,No,81.23,2288.78,3,0
CUST_13140,30,Female,68.0,Two-Year,Credit Card,Fiber Optic,Yes,Yes,53.2,3576.92,3,0
CUST_13141,26,Female,19.0,Month-to-Month,Bank Transfer,DSL,Yes,No,72.51,1368.74,4,1
CUST_13142,69,Female,22.0,One-Year,Electronic Check,DSL,No,Yes,61.14,1345.02,1,0
CUST_13143,53,Male,72.0,Month-to-Month,Bank Transfer,Fiber Optic,No,No,70.5,5024.81,3,0
CUST_13144,39,Male,25.0,One-Year,Mailed Check,DSL,No,No,69.24,1757.93,2,0
CUST_13145,59,Male,,Month-to-Month,Electronic Check,DSL,No,Yes,90.54,152.95,1,1
CUST_13146,43,Female,31.0,Two-Year,Electronic Check,DSL,Yes,No,60.29,1941.13,2,0
CUST_13147,29,Male,57.0,Two-Year,Credit Card,DSL,No,Yes,58.95,3301.6,3,0
CUST_13148,34,Male,38.0,Month-to-Month,Electronic Check,DSL,Yes,Yes,86.37,3316.87,1,0
CUST_13149,31,Female,,Month-to-Month,Electronic Check,Fiber Optic,No,No,93.01,1934.28,3,1
CUST_13150,31,Male,27.0,Month-to-Month,Electronic Check,DSL,No,No,57.07,1537.57,4,1
CUST_13151,51,Female,72.0,One-Year,Electronic Check,Fiber Optic,No,No,78.85,5647.74,0,0
CUST_13152,70,Female,2.0,Month-to-Month,Mailed Check,DSL,No,No,47.92,114.06,2,0
CUST_13153,37,Male,26.0,Two-Year,Electronic Check,Fiber Optic,No,No,78.96,1977.88,2,0
CUST_13154,28,Male,8.0,One-Year,Electronic Check,No,No,No,83.4,631.21,1,0
CUST_13155,33,Male,25.0,One-Year,Credit Card,DSL,Yes,No,59.5,1419.74,3,0
CUST_13156,68,Female,22.0,One-Year,Electronic Check,DSL,No,Yes,87.22,1901.49,1,0
CUST_13157,48,Female,4.0,Month-to-Month,Mailed Check,DSL,Yes,Yes,59.75,229.6,1,1
CUST_13158,23,Female,6.0,Two-Year,Mailed Check,No,No,Yes,65.48,345.67,0,0
CUST_13159,36,Female,23.0,One-Year,Bank Transfer,DSL,No,Yes,72.82,1690.5,1,1
CUST_13160,54,Female,3.0,Two-Year,Credit Card,Fiber Optic,No,No,45.8,150.4,1,0
CUST_13161,21,Male,7.0,Month-to-Month,Electronic Check,No,No,Yes,37.82,290.72,2,0
CUST_13162,64,Male,43.0,One-Year,Credit Card,DSL,No,Yes,,3077.99,2,0
CUST_13163,21,Female,10.0,Month-to-Month,Bank Transfer,DSL,No,No,50.16,493.62,2,1
CUST_13164,37,Male,16.0,One-Year,Bank Transfer,No,Yes,Yes,40.59,656.12,2,0
CUST_13165,27,Male,68.0,One-Year,Electronic Check,Fiber Optic,No,Yes,80.38,5435.16,1,0
CUST_13166,41,Female,6.0,One-Year,Electronic Check,Fiber Optic,No,Yes,95.34,574.06,1,0
CUST_13167,52,Male,12.0,One-Year,Bank Transfer,DSL,Yes,No,82.15,989.18,4,0
CUST_13168,43,Female,22.0,Month-to-Month,Credit Card,DSL,No,Yes,41.31,954.58,5,0
CUST_13169,54,Female,34.0,Two-Year,Bank Transfer,Fiber Optic,No,No,,2347.46,3,0
CUST_13170,55,Male,56.0,Two-Year,Electronic Check,DSL,No,Yes,58.81,3310.03,3,0
CUST_13171,38,Female,59.0,Month-to-Month,Electronic Check,DSL,No,No,47.94,2819.39,0,0
CUST_13172,57,Male,36.0,Two-Year,Bank Transfer,DSL,Yes,Yes,66.7,2303.21,1,0
CUST_13173,56,Male,6.0,Month-to-Month,Bank Transfer,No,No,Yes,63.65,382.61,3,0
CUST_13174,38,Male,1.0,One-Year,Electronic Check,Fiber Optic,Yes,Yes,60.35,46.05,1,0
CUST_13175,27,Male,,Month-to-Month,Electronic Check,DSL,No,Yes,84.76,983.77,1,1
CUST_13176,55,Male,4.0,Two-Year,Mailed Check,DSL,No,Yes,91.0,386.22,1,0
CUST_13177,63,Male,30.0,Month-to-Month,Bank Transfer,Fiber Optic,Yes,Yes,58.53,1785.52,1,0
CUST_13178,21,Male,26.0,Month-to-Month,Bank Transfer,Fiber Optic,No,Yes,61.41,1566.46,2,1
CUST_13179,62,Male,1.0,Month-to-Month,Credit Card,Fiber Optic,Yes,No,60.05,61.19,4,0
CUST_13180,37,Female,43.0,Month-to-Month,Bank Transfer,DSL,Yes,Yes,75.3,3234.67,2,0
CUST_13181,34,Female,7.0,One-Year,Electronic Check,Fiber Optic,No,No,71.63,535.49,1,0
CUST_13182,24,Male,14.0,Month-to-Month,Bank Transfer,Fiber Optic,No,No,50.81,724.46,1,0
CUST_13183,21,Male,26.0,One-Year,Credit Card,Fiber Optic,Yes,Yes,62.42,1644.3,3,0
CUST_13184,46,Male,13.0,Two-Year,Credit Card,DSL,Yes,Yes,35.06,444.71,2,0
CUST_13185,31,Male,14.0,Two-Year,Credit Card,DSL,Yes,No,33.57,482.38,2,0
CUST_13186,20,Female,2.0,Two-Year,Electronic Check,DSL,Yes,No,41.38,108.93,4,1
CUST_13187,41,Female,12.0,Month-to-Month,Bank Transfer,Fiber Optic,No,No,59.97,789.11,2,1
CUST_13188,54,Male,35.0,Month-to-Month,Credit Card,DSL,No,No,77.22,2686.47,2,0
CUST_13189,33,Male,59.0,Month-to-Month,Bank Transfer,DSL,Yes,Yes,49.35,2900.7,2,0
CUST_13190,69,Male,13.0,Month-to-Month,Electronic Check,Fiber Optic,No,Yes,62.48,790.08,1,1
CUST_13191,21,Female,13.0,Two-Year,Credit Card,Fiber Optic,Yes,No,69.37,888.4,1,0
CUST_13192,41,Male,29.0,Month-to-Month,Mailed Check,No,No,No,95.72,2817.34,1,0
CUST_13193,51,Female,69.0,Two-Year,Electronic Check,DSL,Yes,No,66.12,4537.41,3,0
CUST_13194,47,Female,7.0,Month-to-Month,Electronic Check,DSL,No,No,67.01,480.76,1,1
CUST_13195,35,Male,14.0,Two-Year,Bank Transfer,Fiber Optic,No,Yes,52.89,770.4,3,0
CUST_13196,36,Female,38.0,Month-to-Month,Mailed Check,No,No,No,101.73,3901.71,0,0
CUST_13197,48,Female,23.0,Month-to-Month,Electronic Check,DSL,No,No,80.29,1890.3,1,1
CUST_13198,36,Female,3.0,One-Year,Bank Transfer,No,Yes,Yes,42.78,142.46,2,0
CUST_13199,66,Male,24.0,Month-to-Month,Bank Transfer,No,No,Yes,94.96,2290.23,1,1
CUST_13200,63,Male,5.0,One-Year,Bank Transfer,No,Yes,Yes,79.34,379.65,3,0
CUST_13201,36,Female,17.0,One-Year,Electronic Check,No,Yes,No,69.68,1125.48,3,0
CUST_13202,39,Female,18.0,Month-to-Month,Bank Transfer,Fiber Optic,Yes,Yes,,1389.91,0,0
CUST_13203,41,Female,50.0,Two-Year,Electronic Check,No,Yes,Yes,87.72,4390.77,1,0
CUST_13204,62,Female,15.0,Month-to-Month,Electronic Check,Fiber Optic,Yes,Yes,49.94,779.51,2,0
CUST_13205,29,Female,8.0,One-Year,Mailed Check,No,No,Yes,57.21,502.72,2,1
CUST_13206,47,Female,,Month-to-Month,Credit Card,Fiber Optic,Yes,Yes,64.23,385.58,2,0
CUST_13207,55,Male,50.0,One-Year,Mailed Check,DSL,No,No,40.2,2043.73,2,0
CUST_13208,70,Female,5.0,Month-to-Month,Electronic Check,Fiber Optic,Yes,No,79.59,402.97,4,1
CUST_13209,48,Female,13.0,Month-to-Month,Mailed Check,DSL,No,Yes,59.49,779.61,3,0
CUST_13210,53,Female,5.0,Month-to-Month,Mailed Check,Fiber Optic,Yes,No,57.29,277.47,4,0
CUST_13211,36,Female,36.0,Month-to-Month,Credit Card,Fiber Optic,No,No,52.14,1862.77,4,0
CUST_13212,65,Male,15.0,Month-to-Month,Credit Card,No,No,Yes,64.32,947.35,2,0
CUST_13213,62,Female,10.0,One-Year,Electronic Check,DSL,Yes,Yes,68.12,664.69,0,0
CUST_13214,53,Female,,One-Year,Electronic Check,Fiber Optic,Yes,Yes,84.92,913.89,0,1
CUST_13215,47,Male,46.0,Month-to-Month,Electronic Check,Fiber Optic,Yes,Yes,,3957.58,3,0
CUST_13216,66,Male,19.0,Month-to-Month,Bank Transfer,Fiber Optic,Yes,No,42.33,842.34,1,0
CUST_13217,50,Male,30.0,Month-to-Month,Electronic Check,DSL,Yes,No,74.21,2203.53,3,0
CUST_13218,35,Male,55.0,Month-to-Month,Electronic Check,No,No,Yes,89.6,4901.22,2,0
CUST_13219,69,Male,56.0,Month-to-Month,Mailed Check,DSL,No,No,60.55,3385.21,1,0
CUST_13220,66,Male,10.0,Month-to-Month,Electronic Check,Fiber Optic,No,No,61.6,589.82,3,0
CUST_13221,45,Female,72.0,Two-Year,Electronic Check,Fiber Optic,Yes,No,57.06,4077.8,3,0
CUST_13222,64,Female,1.0,One-Year,Mailed Check,No,No,Yes,75.76,65.3,4,0
CUST_13223,28,Female,11.0,Month-to-Month,Electronic Check,Fiber Optic,Yes,No,70.75,785.56,1,0
CUST_13224,62,Female,54.0,Month-to-Month,Mailed Check,DSL,No,No,84.59,4574.79,3,0
CUST_13225,50,Male,8.0,One-Year,Credit Card,Fiber Optic,Yes,No,62.78,492.84,2,1
CUST_13226,34,Male,8.0,Month-to-Month,Electronic Check,DSL,Yes,Yes,90.2,705.87,2,1
CUST_13227,23,Female,9.0,One-Year,Mailed Check,No,No,No,76.95,710.81,2,0
CUST_13228,21,Male,23.0,Two-Year,Credit Card,Fiber Optic,No,Yes,88.53,2047.84,4,0
CUST_13229,37,Female,14.0,One-Year,Credit Card,DSL,No,No,53.08,748.29,2,1
CUST_13230,65,Female,31.0,Month-to-Month,Mailed Check,DSL,No,No,96.35,2969.92,2,1
CUST_13231,64,Female,54.0,One-Year,Bank Transfer,Fiber Optic,No,Yes,53.89,2950.05,4,0
CUST_13232,44,Female,27.0,Two-Year,Electronic Check,Fiber Optic,No,Yes,54.83,1441.09,5,0
CUST_13233,32,Male,5.0,One-Year,Bank Transfer,DSL,No,No,57.13,268.87,1,0
CUST_13234,23,Male,65.0,One-Year,Credit Card,Fiber Optic,Yes,Yes,54.99,3544.75,1,0
CUST_13235,64,Female,7.0,Month-to-Month,Mailed Check,No,Yes,Yes,102.87,720.14,1,1
CUST_13236,31,Male,4.0,Month-to-Month,Mailed Check,Fiber Optic,No,No,75.44,281.74,5,1
CUST_13237,28,Female,2.0,One-Year,Electronic Check,Fiber Optic,Yes,No,74.92,152.66,2,0
CUST_13238,56,Male,20.0,Two-Year,Bank Transfer,Fiber Optic,No,Yes,27.17,559.11,3,0
CUST_13239,26,Female,3.0,One-Year,Bank Transfer,Fiber Optic,Yes,Yes,90.71,310.07,1,0
CUST_13240,43,Female,4.0,One-Year,Bank Transfer,DSL,No,No,44.23,183.36,3,1
CUST_13241,33,Female,,Month-to-Month,Electronic Check,Fiber Optic,No,No,64.27,584.41,3,1
CUST_13242,22,Male,8.0,Month-to-Month,Mailed Check,DSL,Yes,Yes,50.92,420.27,8,0
CUST_13243,69,Male,22.0,Month-to-Month,Bank Transfer,No,No,Yes,69.79,1466.83,4,0
CUST_13244,27,Female,41.0,Month-to-Month,Electronic Check,DSL,No,Yes,95.68,3924.6,3,1
CUST_13245,67,Male,34.0,One-Year,Electronic Check,Fiber Optic,No,No,45.77,1522.96,3,1
CUST_13246,20,Female,7.0,Month-to-Month,Electronic Check,No,Yes,Yes,50.62,334.87,3,1
CUST_13247,30,Female,7.0,One-Year,Bank Transfer,Fiber Optic,No,Yes,67.79,470.93,3,0
CUST_13248,60,Female,72.0,Two-Year,Bank Transfer,DSL,Yes,Yes,96.4,6969.37,3,0
CUST_13249,66,Female,1.0,Month-to-Month,Credit Card,Fiber Optic,No,Yes,56.51,3.49,5,1
CUST_13250,47,Male,51.0,Month-to-Month,Electronic Check,Fiber Optic,No,No,50.68,2591.85,0,0
CUST_13251,62,Female,5.0,One-Year,Credit Card,No,No,Yes,68.28,344.51,2,0
CUST_13252,23,Female,71.0,Two-Year,Bank Transfer,Fiber Optic,Yes,Yes,65.15,4638.58,1,0
CUST_13253,34,Male,10.0,One-Year,Mailed Check,DSL,No,Yes,44.5,512.1,2,0
CUST_13254,62,Female,14.0,Month-to-Month,Electronic Check,Fiber Optic,No,Yes,56.89,843.15,4,1
CUST_13255,68,Male,29.0,Month-to-Month,Electronic Check,DSL,Yes,No,25.64,752.3,2,0
CUST_13256,70,Male,21.0,Month-to-Month,Credit Card,DSL,No,Yes,64.39,1369.01,2,1
CUST_13257,36,Male,9.0,Month-to-Month,Electronic Check,Fiber Optic,No,No,40.08,359.62,2,0
CUST_13258,59,Female,19.0,Two-Year,Electronic Check,DSL,No,Yes,114.38,2196.0,3,0
CUST_13259,52,Male,31.0,Two-Year,Electronic Check,DSL,No,Yes,76.1,2360.17,2,0
CUST_13260,63,Female,1.0,Month-to-Month,Credit Card,DSL,Yes,Yes,,82.9,3,0
CUST_13261,43,Female,1.0,Month-to-Month,Electronic Check,DSL,Yes,No,75.54,55.61,3,1
CUST_13262,68,Male,15.0,Month-to-Month,Electronic Check,DSL,Yes,Yes,55.17,834.47,1,0
CUST_13263,22,Male,3.0,Two-Year,Mailed Check,Fiber Optic,Yes,No,62.16,227.34,0,0
CUST_13264,46,Female,26.0,Month-to-Month,Mailed Check,DSL,No,Yes,75.11,1969.89,0,0
CUST_13265,54,Male,6.0,One-Year,Mailed Check,DSL,Yes,Yes,45.48,276.38,1,0
CUST_13266,37,Female,14.0,Month-to-Month,Mailed Check,Fiber Optic,Yes,Yes,78.66,1014.2,2,0
CUST_13267,66,Male,5.0,One-Year,Credit Card,No,No,No,107.14,547.21,1,0
CUST_13268,38,Male,19.0,Month-to-Month,Credit Card,Fiber Optic,No,Yes,35.4,669.98,2,0
CUST_13269,27,Female,3.0,Month-to-Month,Bank Transfer,Fiber Optic,No,No,75.66,194.79,1,0
CUST_13270,22,Male,1.0,One-Year,Electronic Check,Fiber Optic,No,No,48.63,46.62,0,0
CUST_13271,53,Male,1.0,One-Year,Bank Transfer,Fiber Optic,No,Yes,78.82,76.95,2,0
CUST_13272,23,Male,72.0,Month-to-Month,Electronic Check,Fiber Optic,Yes,Yes,,5168.34,1,0
CUST_13273,43,Male,4.0,Month-to-Month,Electronic Check,No,No,Yes,102.59,432.71,2,1
CUST_13274,21,Female,30.0,Month-to-Month,Credit Card,Fiber Optic,No,Yes,99.03,2964.56,1,0
CUST_13275,56,Female,2.0,Month-to-Month,Credit Card,DSL,No,Yes,36.04,64.72,1,0
CUST_13276,56,Male,3.0,One-Year,Bank Transfer,Fiber Optic,No,No,80.28,230.25,1,0
CUST_13277,67,Female,17.0,Two-Year,Credit Card,DSL,No,No,79.94,1366.31,4,1
CUST_13278,52,Female,15.0,Month-to-Month,Credit Card,No,No,No,88.78,1347.95,3,1
CUST_13279,18,Male,72.0,Month-to-Month,Bank Transfer,Fiber Optic,Yes,No,74.45,5399.07,0,0
CUST_13280,41,Male,70.0,Month-to-Month,Bank Transfer,No,No,Yes,76.93,5400.98,1,0
CUST_13281,53,Female,36.0,Month-to-Month,Bank Transfer,No,No,Yes,44.35,1628.91,3,1
CUST_13282,23,Female,22.0,Month-to-Month,Electronic Check,DSL,No,Yes,73.44,1641.07,2,0
CUST_13283,58,Female,15.0,One-Year,Electronic Check,Fiber Optic,,Yes,,914.64,2,0
CUST_13284,63,Female,11.0,Month-to-Month,Bank Transfer,DSL,Yes,Yes,78.67,843.58,4,0
CUST_13285,61,Male,71.0,One-Year,Electronic Check,No,Yes,Yes,63.11,4492.93,0,0
CUST_13286,48,Female,22.0,Two-Year,Electronic Check,Fiber Optic,Yes,No,73.94,1673.43,3,0
CUST_13287,37,Female,21.0,Two-Year,Electronic Check,DSL,Yes,No,77.32,1656.32,1,0
CUST_13288,41,Female,6.0,Two-Year,Mailed Check,Fiber Optic,No,Yes,77.7,504.54,2,0
CUST_13289,42,Male,1.0,One-Year,Credit Card,Fiber Optic,Yes,No,50.12,0.0,7,0
CUST_13290,53,Male,,Two-Year,Bank Transfer,No,No,No,113.38,7877.64,2,1
CUST_13291,38,Male,9.0,Month-to-Month,Mailed Check,Fiber Optic,No,Yes,70.08,616.18,3,1
CUST_13292,47,Female,14.0,Month-to-Month,Credit Card,Fiber Optic,No,Yes,77.63,1101.06,3,1
CUST_13293,41,Male,3.0,Month-to-Month,Credit Card,DSL,,No,66.18,187.3,1,0
CUST_13294,61,Male,44.0,One-Year,Mailed Check,Fiber Optic,No,No,42.84,1878.97,4,0
CUST_13295,59,Male,1.0,Two-Year,Credit Card,Fiber Optic,Yes,No,80.66,36.27,2,0
CUST_13296,47,Male,43.0,Month-to-Month,Mailed Check,DSL,No,Yes,70.37,3007.69,1,0
CUST_13297,39,Female,,One-Year,Electronic Check,Fiber Optic,No,Yes,82.78,304.46,4,1
CUST_13298,45,Female,52.0,One-Year,Electronic Check,Fiber Optic,No,Yes,51.7,2662.7,4,0
CUST_13299,24,Female,31.0,Two-Year,Bank Transfer,Fiber Optic,Yes,No,58.35,1786.77,1,0
CUST_13300,52,Male,4.0,One-Year,Mailed Check,DSL,No,Yes,70.36,248.55,2,1
CUST_13301,45,Female,20.0,Two-Year,Bank Transfer,No,Yes,Yes,65.97,1247.51,1,1
CUST_13302,31,Male,9.0,Month-to-Month,Bank Transfer,No,Yes,Yes,59.28,575.87,0,0
CUST_13303,27,Male,5.0,Month-to-Month,Electronic Check,Fiber Optic,No,Yes,70.38,348.4,1,0
CUST_13304,33,Male,47.0,Month-to-Month,Electronic Check,DSL,No,Yes,93.6,4378.58,1,1
CUST_13305,33,Male,12.0,Month-to-Month,Mailed Check,No,Yes,No,74.16,885.62,2,0
CUST_13306,48,Male,12.0,Month-to-Month,Electronic Check,Fiber Optic,No,Yes,88.46,1071.51,3,0
CUST_13307,59,Female,4.0,One-Year,Bank Transfer,No,Yes,Yes,,249.96,3,0
CUST_13308,42,Female,12.0,One-Year,Bank Transfer,No,Yes,Yes,66.09,771.03,0,0
CUST_13309,30,Female,49.0,One-Year,Bank Transfer,Fiber Optic,No,Yes,69.86,3452.94,1,1
CUST_13310,23,Male,11.0,Month-to-Month,Electronic Check,Fiber Optic,Yes,Yes,56.11,599.37,1,1
CUST_13311,61,Male,72.0,Month-to-Month,Bank Transfer,Fiber Optic,Yes,Yes,70.03,5035.18,3,0
CUST_13312,26,Male,70.0,Month-to-Month,Credit Card,Fiber Optic,Yes,No,96.36,6796.91,2,1
CUST_13313,62,Female,4.0,Month-to-Month,Credit Card,No,Yes,Yes,99.89,461.36,0,0
CUST_13314,53,Female,5.0,One-Year,Credit Card,No,Yes,Yes,92.5,496.93,0,0
CUST_13315,60,Female,48.0,Month-to-Month,Bank Transfer,Fiber Optic,No,Yes,71.11,3393.22,2,0
CUST_13316,37,Male,12.0,Month-to-Month,Electronic Check,DSL,No,Yes,50.62,594.68,2,0
CUST_13317,35,Female,1.0,One-Year,Bank Transfer,DSL,No,Yes,113.94,90.56,1,0
CUST_13318,60,Male,8.0,Month-to-Month,Credit Card,Fiber Optic,No,No,54.72,430.63,2,1
CUST_13319,38,Female,22.0,Two-Year,Electronic Check,DSL,No,No,95.49,2116.8,1,1
CUST_13320,21,Female,39.0,Month-to-Month,Electronic Check,No,No,No,72.32,2764.09,0,1
CUST_13321,67,Female,3.0,Two-Year,Electronic Check,Fiber Optic,No,Yes,44.34,101.99,1,0
CUST_13322,50,Female,3.0,Month-to-Month,Bank Transfer,Fiber Optic,Yes,Yes,35.36,109.36,1,0
CUST_13323,44,Male,61.0,One-Year,Mailed Check,Fiber Optic,Yes,No,92.81,5658.52,1,0
CUST_13324,24,Female,33.0,Month-to-Month,Electronic Check,Fiber Optic,No,Yes,53.51,1752.38,3,1
CUST_13325,23,Female,,Two-Year,Credit Card,Fiber Optic,Yes,Yes,39.8,793.9,5,0
CUST_13326,32,Male,35.0,Month-to-Month,Bank Transfer,Fiber Optic,No,No,59.62,2068.82,0,0
CUST_13327,35,Male,13.0,Month-to-Month,Electronic Check,DSL,No,Yes,64.9,829.17,0,1
CUST_13328,49,Male,34.0,Two-Year,Electronic Check,DSL,Yes,No,72.42,2422.35,2,0
CUST_13329,28,Male,11.0,Month-to-Month,Electronic Check,Fiber Optic,No,Yes,71.38,760.12,2,0
CUST_13330,37,Male,7.0,Month-to-Month,Mailed Check,Fiber Optic,Yes,Yes,50.35,346.62,3,0
CUST_13331,41,Female,31.0,Month-to-Month,Electronic Check,No,No,No,65.03,2030.1,1,0
CUST_13332,32,Male,13.0,One-Year,Mailed Check,No,No,Yes,99.35,1319.0,4,1
CUST_13333,65,Male,72.0,Month-to-Month,Bank Transfer,Fiber Optic,No,Yes,43.95,3132.98,2,0
CUST_13334,24,Female,10.0,Month-to-Month,Bank Transfer,Fiber Optic,Yes,Yes,74.42,733.7,0,0
CUST_13335,38,Female,61.0,Month-to-Month,Electronic Check,No,Yes,Yes,43.92,2671.74,4,0
CUST_13336,59,Female,65.0,One-Year,Mailed Check,Fiber Optic,No,Yes,56.77,3684.11,3,0
CUST_13337,43,Male,7.0,One-Year,Credit Card,Fiber Optic,No,Yes,,605.54,3,0
CUST_13338,61,Female,38.0,Month-to-Month,Electronic Check,Fiber Optic,Yes,No,24.33,889.41,0,0
CUST_13339,31,Female,14.0,Month-to-Month,Electronic Check,Fiber Optic,Yes,No,106.96,1511.69,4,1
CUST_13340,54,Male,60.0,Month-to-Month,Bank Transfer,Fiber Optic,Yes,No,39.13,2338.38,5,0
CUST_13341,38,Male,14.0,Month-to-Month,Bank Transfer,Fiber Optic,,No,24.81,348.33,2,0
CUST_13342,35,Female,33.0,Month-to-Month,Electronic Check,DSL,No,Yes,65.39,2160.25,1,0
CUST_13343,22,Female,15.0,Month-to-Month,Bank Transfer,No,Yes,Yes,56.42,828.11,3,0
CUST_13344,20,Female,6.0,Month-to-Month,Bank Transfer,No,Yes,Yes,52.63,338.72,3,0
CUST_13345,40,Female,5.0,Two-Year,Credit Card,Fiber Optic,No,No,77.83,375.61,4,1
CUST_13346,43,Female,13.0,Month-to-Month,Electronic Check,Fiber Optic,No,Yes,46.49,609.43,2,1
CUST_13347,54,Female,34.0,One-Year,Bank Transfer,DSL,No,Yes,76.4,2600.45,2,0
CUST_13348,41,Male,22.0,Month-to-Month,Electronic Check,DSL,No,No,81.55,1801.82,2,1
CUST_13349,66,Male,28.0,Month-to-Month,Bank Transfer,Fiber Optic,Yes,Yes,37.56,1083.94,0,0
CUST_13350,36,Male,8.0,Two-Year,Bank Transfer,Fiber Optic,No,Yes,85.53,662.6,3,0
CUST_13351,68,Female,16.0,Month-to-Month,Mailed Check,Fiber Optic,No,Yes,80.46,1287.04,5,0
CUST_13352,42,Female,1.0,Month-to-Month,Credit Card,Fiber Optic,No,Yes,96.05,94.8,2,1
CUST_13353,38,Female,41.0,One-Year,Electronic Check,Fiber Optic,No,Yes,65.11,2660.74,4,0
CUST_13354,29,Male,72.0,Month-to-Month,Mailed Check,No,No,Yes,48.3,3492.25,1,0
CUST_13355,58,Female,13.0,Month-to-Month,Electronic Check,Fiber Optic,No,Yes,90.08,1136.1,1,0
CUST_13356,50,Male,1.0,Month-to-Month,Bank Transfer,No,No,Yes,65.97,107.91,2,1
CUST_13357,67,Male,4.0,Month-to-Month,Electronic Check,No,Yes,Yes,101.46,449.19,4,0
CUST_13358,70,Female,25.0,One-Year,Credit Card,Fiber Optic,No,No,79.19,1960.78,1,0
CUST_13359,21,Female,23.0,Month-to-Month,Credit Card,DSL,No,Yes,64.48,1480.1,4,1
CUST_13360,59,Female,37.0,Month-to-Month,Credit Card,DSL,No,No,47.37,1698.92,3,0
CUST_13361,24,Male,7.0,Month-to-Month,Electronic Check,Fiber Optic,No,No,62.91,420.75,0,1
CUST_13362,39,Male,35.0,Month-to-Month,Bank Transfer,Fiber Optic,No,Yes,83.75,3000.56,2,0
CUST_13363,50,Male,28.0,Two-Year,Electronic Check,DSL,Yes,Yes,34.84,993.53,1,0
CUST_13364,34,Male,9.0,Month-to-Month,Credit Card,DSL,Yes,Yes,56.9,532.62,4,0
CUST_13365,41,Female,19.0,Two-Year,Bank Transfer,DSL,No,No,32.71,606.64,1,0
CUST_13366,51,Female,,One-Year,Mailed Check,DSL,No,Yes,44.18,173.66,2,0
CUST_13367,45,Female,14.0,One-Year,Bank Transfer,Fiber Optic,Yes,Yes,52.77,736.98,2,0
CUST_13368,60,Male,51.0,Month-to-Month,Electronic Check,DSL,No,Yes,59.59,2997.05,3,0
CUST_13369,58,Female,13.0,Month-to-Month,Mailed Check,Fiber Optic,No,Yes,72.07,940.47,5,1
CUST_13370,56,Male,44.0,Two-Year,Electronic Check,DSL,No,Yes,79.04,3500.27,3,0
CUST_13371,39,Female,21.0,Two-Year,Credit Card,No,No,No,,1999.05,1,0
CUST_13372,66,Male,5.0,Month-to-Month,Credit Card,DSL,Yes,Yes,97.06,492.49,3,1
CUST_13373,34,Male,21.0,Month-to-Month,Bank Transfer,DSL,No,Yes,88.71,1858.87,1,0
CUST_13374,51,Female,17.0,Month-to-Month,Credit Card,DSL,No,No,57.41,971.99,1,1
CUST_13375,23,Female,12.0,Two-Year,Electronic Check,DSL,Yes,No,69.68,847.22,3,0
CUST_13376,63,Male,3.0,Month-to-Month,Credit Card,DSL,No,Yes,53.75,184.33,1,0
CUST_13377,23,Male,13.0,One-Year,Electronic Check,Fiber Optic,Yes,Yes,70.01,942.13,3,0
CUST_13378,51,Female,2.0,One-Year,Bank Transfer,No,No,Yes,61.79,59.87,0,0
CUST_13379,18,Male,2.0,One-Year,Bank Transfer,Fiber Optic,No,Yes,42.15,116.25,1,0
CUST_13380,27,Male,13.0,One-Year,Electronic Check,Fiber Optic,No,Yes,94.04,1186.51,3,1
CUST_13381,38,Male,9.0,Month-to-Month,Mailed Check,Fiber Optic,No,Yes,99.16,862.95,0,1
CUST_13382,22,Male,,Two-Year,Electronic Check,Fiber Optic,No,Yes,49.84,3083.78,5,0
CUST_13383,19,Female,11.0,One-Year,Credit Card,DSL,No,No,75.42,844.66,1,0
CUST_13384,39,Female,34.0,One-Year,Electronic Check,Fiber Optic,Yes,Yes,,1684.38,4,0
CUST_13385,65,Female,18.0,Month-to-Month,Mailed Check,No,Yes,Yes,63.42,1123.72,0,0
CUST_13386,19,Female,29.0,One-Year,Bank Transfer,Fiber Optic,Yes,No,,1585.32,1,0
CUST_13387,27,Male,7.0,Month-to-Month,Electronic Check,Fiber Optic,No,No,52.46,381.7,1,1
CUST_13388,51,Male,68.0,Month-to-Month,Mailed Check,Fiber Optic,No,Yes,68.8,4692.17,0,1
CUST_13389,33,Male,18.0,One-Year,Bank Transfer,DSL,No,Yes,28.69,544.66,5,0
CUST_13390,65,Male,43.0,Month-to-Month,Electronic Check,No,No,No,54.54,2379.53,3,0
CUST_13391,68,Male,11.0,One-Year,Bank Transfer,DSL,Yes,Yes,120.0,1323.22,3,0
CUST_13392,56,Female,3.0,Month-to-Month,Electronic Check,Fiber Optic,No,No,34.18,100.48,3,0
CUST_13393,39,Female,27.0,One-Year,Electronic Check,No,Yes,No,57.39,1525.72,1,0
CUST_13394,29,Male,1.0,Month-to-Month,Bank Transfer,Fiber Optic,No,Yes,70.76,53.41,1,0
CUST_13395,41,Female,15.0,One-Year,Mailed Check,DSL,Yes,No,61.41,880.27,4,0
CUST_13396,64,Female,5.0,Month-to-Month,Credit Card,Fiber Optic,Yes,No,49.72,290.27,2,0
CUST_13397,57,Female,24.0,One-Year,Credit Card,Fiber Optic,No,No,84.36,2022.59,1,0
CUST_13398,55,Female,72.0,Two-Year,Mailed Check,Fiber Optic,Yes,Yes,67.99,4917.6,2,0
CUST_13399,27,Female,15.0,Month-to-Month,Mailed Check,Fiber Optic,Yes,No,52.53,868.26,1,0
CUST_13400,52,Female,41.0,Month-to-Month,Electronic Check,No,No,Yes,82.15,3434.94,2,1
CUST_13401,68,Female,17.0,One-Year,Electronic Check,DSL,Yes,No,54.45,958.91,2,0
CUST_13402,66,Female,16.0,One-Year,Mailed Check,No,Yes,Yes,47.5,748.69,1,0
CUST_13403,49,Male,64.0,One-Year,Credit Card,DSL,Yes,Yes,76.76,4936.67,2,0
CUST_13404,24,Male,53.0,One-Year,Electronic Check,DSL,No,Yes,38.86,2059.43,1,0
CUST_13405,38,Female,37.0,Month-to-Month,Electronic Check,DSL,No,Yes,100.16,3677.72,2,0
CUST_13406,37,Male,8.0,Month-to-Month,Mailed Check,No,Yes,Yes,95.32,735.2,5,1
CUST_13407,43,Male,19.0,Month-to-Month,Electronic Check,Fiber Optic,No,Yes,75.94,1468.42,1,0
CUST_13408,21,Female,6.0,Month-to-Month,Bank Transfer,Fiber Optic,No,Yes,53.36,342.25,1,0
CUST_13409,63,Male,14.0,One-Year,Mailed Check,DSL,No,Yes,43.64,647.57,3,1
CUST_13410,69,Female,16.0,Month-to-Month,Mailed Check,No,No,No,18.0,280.93,4,0
CUST_13411,39,Female,43.0,Two-Year,Electronic Check,No,Yes,No,97.32,4171.52,2,0
CUST_13412,32,Female,54.0,Two-Year,Credit Card,DSL,No,Yes,45.61,2430.26,1,0
CUST_13413,57,Male,13.0,Two-Year,Electronic Check,Fiber Optic,No,Yes,72.08,887.32,3,0
CUST_13414,38,Male,,Two-Year,Credit Card,Fiber Optic,No,Yes,68.98,43.56,0,0
CUST_13415,32,Female,47.0,Month-to-Month,Mailed Check,No,Yes,Yes,31.55,1463.29,3,0
CUST_13416,39,Female,5.0,Two-Year,Credit Card,Fiber Optic,Yes,No,52.91,230.43,4,0
CUST_13417,69,Female,23.0,Month-to-Month,Bank Transfer,Fiber Optic,No,No,42.34,958.43,1,0
CUST_13418,45,Male,1.0,Month-to-Month,Electronic Check,No,No,Yes,80.86,137.74,3,1
CUST_13419,31,Male,,One-Year,Credit Card,Fiber Optic,Yes,No,81.74,960.24,4,0
CUST_13420,44,Female,72.0,Month-to-Month,Bank Transfer,DSL,Yes,No,60.12,4273.17,3,0
CUST_13421,58,Male,3.0,Two-Year,Electronic Check,DSL,No,Yes,48.14,148.98,2,0
CUST_13422,57,Female,13.0,One-Year,Electronic Check,Fiber Optic,Yes,Yes,68.76,913.1,2,1
CUST_13423,45,Male,9.0,One-Year,Bank Transfer,Fiber Optic,No,Yes,87.14,757.68,0,0
CUST_13424,43,Male,57.0,Month-to-Month,Bank Transfer,Fiber Optic,,Yes,35.37,2038.83,2,0
CUST_13425,66,Male,49.0,One-Year,Bank Transfer,DSL,No,Yes,107.25,5309.39,2,0
CUST_13426,19,Male,7.0,Month-to-Month,Bank Transfer,DSL,Yes,Yes,60.12,413.85,2,0
CUST_13427,42,Female,2.0,Two-Year,Bank Transfer,Fiber Optic,Yes,Yes,62.62,147.54,3,0
CUST_13428,20,Female,24.0,Month-to-Month,Bank Transfer,No,No,Yes,97.05,2356.93,2,0
CUST_13429,25,Male,10.0,One-Year,Bank Transfer,Fiber Optic,No,Yes,63.88,651.12,5,0
CUST_13430,61,Female,27.0,Month-to-Month,Electronic Check,Fiber Optic,No,Yes,62.9,1725.55,5,0
CUST_13431,50,Male,1.0,Month-to-Month,Credit Card,Fiber Optic,No,Yes,46.73,62.7,1,0
CUST_13432,59,Female,3.0,Month-to-Month,Electronic Check,Fiber Optic,No,Yes,53.46,131.97,3,1
CUST_13433,69,Male,28.0,Month-to-Month,Mailed Check,No,No,Yes,50.88,1357.45,1,0
CUST_13434,52,Female,6.0,One-Year,Bank Transfer,Fiber Optic,No,No,29.69,183.75,2,0
CUST_13435,23,Female,47.0,Month-to-Month,Mailed Check,Fiber Optic,Yes,No,23.39,1092.39,3,0
CUST_13436,56,Female,1.0,Month-to-Month,Electronic Check,No,No,Yes,60.37,11.57,1,1
CUST_13437,69,Female,6.0,One-Year,Electronic Check,DSL,No,Yes,37.38,217.82,2,0
CUST_13438,40,Female,72.0,Month-to-Month,Bank Transfer,Fiber Optic,No,No,78.05,5615.56,0,0
CUST_13439,42,Female,14.0,Month-to-Month,Credit Card,No,No,No,60.58,857.09,2,0
CUST_13440,67,Female,29.0,Two-Year,Bank Transfer,DSL,Yes,Yes,33.09,993.06,2,0
CUST_13441,60,Female,5.0,Month-to-Month,Mailed Check,Fiber Optic,Yes,No,95.5,453.28,1,1
CUST_13442,36,Female,23.0,Month-to-Month,Electronic Check,DSL,No,Yes,56.47,1236.88,1,0
CUST_13443,22,Male,31.0,Month-to-Month,Electronic Check,No,Yes,Yes,75.3,2322.24,3,1
CUST_13444,68,Female,9.0,Month-to-Month,Electronic Check,DSL,No,No,97.88,905.34,1,0
CUST_13445,28,Male,42.0,Month-to-Month,Electronic Check,DSL,No,Yes,64.32,2741.59,3,0
CUST_13446,29,Female,22.0,Month-to-Month,Mailed Check,No,No,No,65.28,1418.08,2,0
CUST_13447,27,Male,12.0,One-Year,Electronic Check,DSL,No,Yes,93.76,1142.67,2,0
CUST_13448,25,Female,20.0,Month-to-Month,Electronic Check,Fiber Optic,No,Yes,59.12,1149.4,1,1
CUST_13449,41,Male,21.0,Month-to-Month,Bank Transfer,Fiber Optic,No,Yes,86.46,1815.87,2,1
CUST_13450,45,Male,4.0,Month-to-Month,Credit Card,DSL,,No,63.52,168.6,0,0
CUST_13451,58,Male,12.0,One-Year,Credit Card,Fiber Optic,,Yes,68.41,811.09,1,0
CUST_13452,53,Female,10.0,Two-Year,Bank Transfer,No,No,No,68.13,690.9,0,0
CUST_13453,54,Male,12.0,Month-to-Month,Electronic Check,Fiber Optic,Yes,No,57.6,677.43,0,0
CUST_13454,38,Male,34.0,Two-Year,Bank Transfer,DSL,No,Yes,54.3,1804.08,1,0
CUST_13455,25,Female,16.0,Month-to-Month,Electronic Check,DSL,Yes,Yes,51.95,833.53,2,0
CUST_13456,26,Female,68.0,Month-to-Month,Bank Transfer,DSL,Yes,Yes,39.09,2712.52,0,0
CUST_13457,64,Male,8.0,Month-to-Month,Bank Transfer,Fiber Optic,No,No,56.07,423.63,3,0
CUST_13458,32,Male,13.0,Month-to-Month,Bank Transfer,Fiber Optic,No,No,59.69,754.53,2,1
CUST_13459,65,Male,37.0,Month-to-Month,Credit Card,DSL,Yes,Yes,73.15,2699.35,3,0
CUST_13460,63,Female,19.0,Month-to-Month,Bank Transfer,No,Yes,Yes,63.15,1249.76,0,0
CUST_13461,57,Male,19.0,Month-to-Month,Bank Transfer,DSL,No,Yes,86.55,1604.45,2,0
CUST_13462,35,Male,1.0,Month-to-Month,Electronic Check,Fiber Optic,No,Yes,,62.58,1,1
CUST_13463,59,Male,12.0,Month-to-Month,Credit Card,Fiber Optic,,Yes,91.9,1123.07,3,1
CUST_13464,37,Male,8.0,Month-to-Month,Electronic Check,No,No,No,60.95,450.54,1,1
CUST_13465,23,Female,72.0,Two-Year,Credit Card,No,Yes,No,54.78,3918.44,2,0
CUST_13466,29,Male,9.0,Month-to-Month,Electronic Check,Fiber Optic,Yes,No,37.65,392.1,3,1
CUST_13467,19,Male,52.0,One-Year,Electronic Check,DSL,No,Yes,91.17,4793.22,4,1
CUST_13468,24,Male,27.0,One-Year,Credit Card,Fiber Optic,No,Yes,41.91,1149.28,1,0
CUST_13469,33,Male,10.0,Month-to-Month,Electronic Check,DSL,Yes,Yes,46.98,479.65,0,0
CUST_13470,20,Male,19.0,Month-to-Month,Credit Card,No,No,Yes,69.51,1303.07,2,1
CUST_13471,62,Female,44.0,Month-to-Month,Electronic Check,Fiber Optic,No,Yes,58.82,2588.21,2,0
CUST_13472,20,Female,52.0,One-Year,Credit Card,DSL,Yes,Yes,93.95,4862.51,1,0
CUST_13473,44,Female,4.0,Month-to-Month,Bank Transfer,Fiber Optic,No,No,49.65,244.14,0,0
CUST_13474,67,Female,10.0,Month-to-Month,Bank Transfer,Fiber Optic,No,Yes,65.58,660.2,5,1
CUST_13475,60,Female,10.0,Month-to-Month,Mailed Check,DSL,No,No,27.95,274.84,3,0
CUST_13476,57,Male,1.0,Two-Year,Electronic Check,Fiber Optic,No,Yes,89.64,91.27,0,0
CUST_13477,55,Female,22.0,Month-to-Month,Credit Card,DSL,No,Yes,31.48,673.49,5,0
CUST_13478,50,Female,46.0,One-Year,Electronic Check,Fiber Optic,No,Yes,114.75,5293.91,3,0
CUST_13479,45,Female,12.0,Month-to-Month,Mailed Check,DSL,No,Yes,62.65,745.19,1,1
CUST_13480,18,Female,32.0,Two-Year,Bank Transfer,Fiber Optic,No,No,59.25,1983.21,1,0
CUST_13481,25,Male,24.0,Month-to-Month,Mailed Check,DSL,Yes,Yes,64.37,1531.78,2,1
CUST_13482,54,Female,,Month-to-Month,Electronic Check,DSL,No,No,43.52,503.78,4,0
CUST_13483,49,Female,4.0,Two-Year,Electronic Check,No,Yes,Yes,78.16,368.01,1,0
CUST_13484,65,Female,30.0,One-Year,Electronic Check,No,No,Yes,56.83,1621.21,0,0
CUST_13485,60,Male,46.0,Month-to-Month,Credit Card,Fiber Optic,No,Yes,58.75,2689.6,0,0
CUST_13486,54,Male,28.0,Month-to-Month,Electronic Check,Fiber Optic,No,No,90.7,2585.47,3,0
CUST_13487,21,Male,1.0,One-Year,Credit Card,DSL,No,Yes,30.6,0.0,1,0
CUST_13488,47,Female,6.0,Two-Year,Electronic Check,DSL,No,No,61.08,402.31,4,1
CUST_13489,23,Male,2.0,Month-to-Month,Electronic Check,Fiber Optic,Yes,Yes,62.81,135.46,1,1
CUST_13490,63,Male,20.0,One-Year,Bank Transfer,Fiber Optic,No,Yes,67.76,1401.45,3,0
CUST_13491,36,Female,34.0,One-Year,Electronic Check,DSL,No,No,53.88,1822.95,2,0
CUST_13492,49,Male,3.0,Month-to-Month,Bank Transfer,No,No,Yes,58.62,183.81,1,0
CUST_13493,26,Female,44.0,One-Year,Credit Card,No,No,Yes,101.98,4452.03,0,0
CUST_13494,29,Male,19.0,Month-to-Month,Electronic Check,Fiber Optic,Yes,No,74.99,1417.97,1,0
CUST_13495,28,Female,28.0,Two-Year,Bank Transfer,Fiber Optic,Yes,Yes,49.42,1360.44,0,0
CUST_13496,63,Female,72.0,One-Year,Mailed Check,Fiber Optic,Yes,Yes,78.04,5601.32,3,0
CUST_13497,33,Female,2.0,One-Year,Electronic Check,DSL,No,Yes,65.91,136.28,1,0
CUST_13498,18,Female,56.0,Month-to-Month,Electronic Check,DSL,Yes,Yes,79.84,4447.54,1,0
CUST_13499,62,Male,3.0,Month-to-Month,Credit Card,DSL,No,Yes,60.92,115.8,1,1
CUST_13500,70,Male,12.0,Month-to-Month,Electronic Check,DSL,No,Yes,48.84,593.42,0,1
CUST_13501,38,Male,46.0,One-Year,Credit Card,Fiber Optic,Yes,No,31.63,1461.49,2,0
CUST_13502,47,Female,57.0,One-Year,Mailed Check,Fiber Optic,No,Yes,88.05,5041.14,2,0
CUST_13503,30,Female,17.0,Month-to-Month,Electronic Check,No,No,No,,1337.37,2,1
CUST_13504,51,Male,22.0,One-Year,Mailed Check,Fiber Optic,Yes,Yes,72.13,1554.37,0,0
CUST_13505,21,Female,30.0,Two-Year,Credit Card,Fiber Optic,No,Yes,77.98,2385.16,4,1
CUST_13506,45,Male,43.0,Month-to-Month,Bank Transfer,DSL,No,Yes,89.73,3848.22,4,1
CUST_13507,55,Female,3.0,Month-to-Month,Mailed Check,DSL,Yes,No,31.34,64.93,2,0
CUST_13508,48,Female,40.0,One-Year,Credit Card,No,No,No,66.67,2710.43,2,0
CUST_13509,44,Male,16.0,Month-to-Month,Electronic Check,Fiber Optic,No,Yes,28.78,511.54,3,0
CUST_13510,22,Male,14.0,One-Year,Credit Card,DSL,No,Yes,57.12,716.73,2,0
CUST_13511,42,Male,13.0,Month-to-Month,Credit Card,DSL,No,No,71.6,902.97,1,1
CUST_13512,20,Female,17.0,Two-Year,Bank Transfer,No,Yes,No,57.96,979.82,0,0
CUST_13513,50,Female,70.0,Month-to-Month,Credit Card,DSL,No,No,100.25,7025.85,4,0
CUST_13514,21,Male,19.0,Month-to-Month,Mailed Check,No,No,Yes,59.18,1144.05,1,0
CUST_13515,42,Male,,Month-to-Month,Bank Transfer,Fiber Optic,Yes,Yes,49.6,3646.74,2,0
CUST_13516,37,Male,5.0,Month-to-Month,Bank Transfer,DSL,No,No,65.64,295.33,2,0
CUST_13517,51,Female,31.0,Month-to-Month,Mailed Check,Fiber Optic,Yes,Yes,44.28,1377.39,2,0
CUST_13518,43,Female,40.0,Month-to-Month,Bank Transfer,Fiber Optic,Yes,Yes,47.47,1854.55,2,1
CUST_13519,22,Male,27.0,Two-Year,Electronic Check,Fiber Optic,No,Yes,83.73,2267.52,2,0
CUST_13520,52,Female,22.0,Two-Year,Mailed Check,DSL,No,Yes,84.81,1915.55,3,0
CUST_13521,45,Female,20.0,Month-to-Month,Electronic Check,Fiber Optic,No,No,68.14,1278.93,2,0
CUST_13522,46,Male,,One-Year,Electronic Check,No,No,No,77.21,3585.76,1,0
CUST_13523,26,Male,41.0,Month-to-Month,Electronic Check,DSL,,Yes,106.77,4401.07,4,1
CUST_13524,69,Female,3.0,Two-Year,Credit Card,Fiber Optic,Yes,Yes,63.83,215.76,4,1
CUST_13525,55,Female,45.0,One-Year,Mailed Check,DSL,No,No,47.66,2119.82,1,0
CUST_13526,67,Male,13.0,Month-to-Month,Bank Transfer,Fiber Optic,Yes,Yes,75.72,1008.87,1,1
CUST_13527,23,Male,7.0,One-Year,Electronic Check,Fiber Optic,Yes,Yes,81.7,611.04,3,0
CUST_13528,36,Male,49.0,One-Year,Mailed Check,DSL,Yes,Yes,83.67,4116.37,5,0
CUST_13529,61,Female,14.0,Month-to-Month,Electronic Check,No,No,Yes,87.88,1274.13,3,0
CUST_13530,28,Male,40.0,Two-Year,Electronic Check,DSL,No,Yes,84.9,3405.72,2,0
CUST_13531,19,Male,7.0,Two-Year,Bank Transfer,No,Yes,Yes,75.4,519.94,2,0
CUST_13532,64,Female,1.0,Month-to-Month,Bank Transfer,DSL,Yes,Yes,77.72,86.27,4,1
CUST_13533,61,Female,16.0,One-Year,Electronic Check,Fiber Optic,,No,73.22,1196.82,1,0
CUST_13534,61,Male,3.0,Two-Year,Mailed Check,DSL,No,No,33.21,51.27,1,0
CUST_13535,26,Male,34.0,Month-to-Month,Credit Card,DSL,Yes,No,30.63,1049.52,2,0
CUST_13536,38,Female,8.0,Month-to-Month,Electronic Check,Fiber Optic,No,Yes,43.93,347.58,4,0
CUST_13537,41,Male,,Month-to-Month,Electronic Check,No,No,Yes,81.4,1123.67,0,1
CUST_13538,51,Male,2.0,Two-Year,Bank Transfer,DSL,No,No,56.25,78.45,2,0
CUST_13539,39,Female,8.0,One-Year,Electronic Check,Fiber Optic,Yes,No,67.72,485.33,2,1
CUST_13540,20,Male,37.0,Month-to-Month,Credit Card,No,No,Yes,96.27,3546.48,3,1
CUST_13541,29,Female,4.0,Two-Year,Bank Transfer,Fiber Optic,No,Yes,86.67,328.81,3,1
CUST_13542,45,Female,25.0,One-Year,Mailed Check,No,No,Yes,21.54,566.76,2,0
CUST_13543,47,Male,60.0,Two-Year,Mailed Check,Fiber Optic,No,Yes,79.6,4809.89,0,0
CUST_13544,43,Male,27.0,Month-to-Month,Bank Transfer,DSL,No,Yes,66.12,1759.64,3,1
CUST_13545,65,Female,40.0,Month-to-Month,Electronic Check,DSL,No,No,51.88,2049.33,4,0
CUST_13546,38,Female,3.0,One-Year,Credit Card,DSL,No,Yes,58.45,158.49,4,0
CUST_13547,45,Female,7.0,Month-to-Month,Bank Transfer,Fiber Optic,No,Yes,58.73,444.68,4,0
CUST_13548,43,Female,54.0,One-Year,Electronic Check,Fiber Optic,No,No,38.77,2073.44,0,0
CUST_13549,50,Male,30.0,Two-Year,Bank Transfer,Fiber Optic,No,Yes,69.89,2155.61,2,0
CUST_13550,38,Female,24.0,Month-to-Month,Electronic Check,No,No,No,108.53,2608.49,1,1
CUST_13551,52,Male,26.0,Two-Year,Electronic Check,Fiber Optic,,Yes,85.32,2231.6,3,0
CUST_13552,69,Male,13.0,Month-to-Month,Bank Transfer,DSL,No,No,24.48,304.13,5,1
CUST_13553,51,Male,1.0,Month-to-Month,Bank Transfer,No,No,Yes,70.83,119.41,0,0
CUST_13554,58,Male,37.0,Month-to-Month,Bank Transfer,No,,No,70.82,2633.38,1,0
CUST_13555,68,Female,27.0,Month-to-Month,Electronic Check,Fiber Optic,,Yes,45.1,1203.3,2,0
CUST_13556,64,Male,15.0,Month-to-Month,Bank Transfer,No,No,Yes,40.78,572.14,3,1
CUST_13557,35,Male,55.0,Two-Year,Electronic Check,Fiber Optic,No,Yes,82.95,4582.86,1,0
CUST_13558,28,Male,10.0,One-Year,Bank Transfer,DSL,No,Yes,67.1,651.79,3,1
CUST_13559,40,Female,8.0,Month-to-Month,Bank Transfer,DSL,No,Yes,55.45,438.27,2,0
CUST_13560,65,Female,49.0,One-Year,Bank Transfer,Fiber Optic,No,No,77.05,3747.36,3,0
CUST_13561,39,Male,38.0,Month-to-Month,Credit Card,Fiber Optic,No,Yes,107.35,4051.64,2,1
CUST_13562,34,Male,17.0,Month-to-Month,Credit Card,DSL,Yes,No,70.16,1174.41,2,0
CUST_13563,22,Male,3.0,One-Year,Credit Card,Fiber Optic,Yes,Yes,70.83,210.55,5,0
CUST_13564,61,Female,6.0,One-Year,Credit Card,No,No,No,64.57,351.79,1,0
CUST_13565,28,Female,26.0,One-Year,Bank Transfer,Fiber Optic,No,Yes,57.16,1478.58,2,0
CUST_13566,47,Female,12.0,Month-to-Month,Credit Card,No,Yes,No,81.38,954.97,1,1
CUST_13567,32,Female,43.0,One-Year,Credit Card,DSL,Yes,Yes,61.15,2625.81,3,0
CUST_13568,44,Male,72.0,One-Year,Bank Transfer,No,Yes,Yes,75.0,5427.5,1,1
CUST_13569,52,Female,39.0,Two-Year,Electronic Check,DSL,No,Yes,95.01,3711.68,3,0
CUST_13570,50,Female,11.0,Month-to-Month,Electronic Check,No,No,No,79.9,860.65,4,0
CUST_13571,37,Male,37.0,One-Year,Credit Card,Fiber Optic,No,No,39.53,1461.17,5,0
CUST_13572,33,Male,10.0,One-Year,Mailed Check,DSL,No,No,38.36,401.51,3,0
CUST_13573,51,Female,4.0,Two-Year,Credit Card,Fiber Optic,No,Yes,90.07,381.31,2,0
CUST_13574,19,Female,1.0,Month-to-Month,Electronic Check,Fiber Optic,No,Yes,62.76,68.99,1,0
CUST_13575,52,Male,12.0,Month-to-Month,Mailed Check,DSL,No,No,70.22,896.57,1,1
CUST_13576,57,Female,56.0,Month-to-Month,Bank Transfer,DSL,No,Yes,49.16,2726.45,2,0
CUST_13577,45,Female,7.0,Month-to-Month,Credit Card,Fiber Optic,,Yes,77.32,557.05,2,0
CUST_13578,64,Male,6.0,Month-to-Month,Electronic Check,DSL,Yes,No,102.76,614.53,3,0
CUST_13579,56,Male,72.0,Month-to-Month,Credit Card,DSL,No,Yes,68.03,4928.73,1,0
CUST_13580,23,Male,1.0,One-Year,Bank Transfer,Fiber Optic,Yes,No,77.96,78.26,1,1
CUST_13581,26,Female,37.0,Month-to-Month,Electronic Check,DSL,Yes,Yes,89.91,3389.18,2,0
CUST_13582,37,Male,9.0,Month-to-Month,Mailed Check,DSL,No,No,98.6,890.07,0,1
CUST_13583,18,Male,1.0,Month-to-Month,Electronic Check,Fiber Optic,Yes,No,51.41,73.4,1,0
CUST_13584,25,Female,60.0,Month-to-Month,Electronic Check,DSL,No,No,73.27,4390.2,2,0
CUST_13585,40,Female,4.0,Two-Year,Mailed Check,DSL,Yes,Yes,90.5,372.28,2,0
CUST_13586,20,Male,19.0,One-Year,Electronic Check,No,No,Yes,96.08,1807.17,4,0
CUST_13587,21,Male,8.0,Two-Year,Electronic Check,Fiber Optic,No,No,56.53,465.12,1,0
CUST_13588,42,Male,2.0,Month-to-Month,Credit Card,No,No,Yes,51.6,44.31,4,1
CUST_13589,64,Female,1.0,Two-Year,Bank Transfer,Fiber Optic,No,No,61.9,45.75,1,0
CUST_13590,55,Female,3.0,Month-to-Month,Bank Transfer,Fiber Optic,No,Yes,58.58,155.03,2,1
CUST_13591,32,Male,2.0,One-Year,Electronic Check,Fiber Optic,No,Yes,59.43,175.98,3,0
CUST_13592,38,Female,34.0,Month-to-Month,Credit Card,No,Yes,Yes,73.24,2468.39,4,0
CUST_13593,52,Female,16.0,One-Year,Credit Card,DSL,Yes,Yes,54.18,852.36,0,0
CUST_13594,70,Female,10.0,One-Year,Mailed Check,Fiber Optic,No,No,96.18,938.95,4,1
CUST_13595,70,Female,13.0,Month-to-Month,Credit Card,Fiber Optic,No,No,56.91,752.16,3,1
CUST_13596,63,Male,63.0,Month-to-Month,Credit Card,Fiber Optic,Yes,Yes,52.98,3327.77,5,0
CUST_13597,69,Male,58.0,One-Year,Bank Transfer,Fiber Optic,No,No,41.6,2399.14,2,0
CUST_13598,31,Female,30.0,Month-to-Month,Bank Transfer,DSL,Yes,No,90.15,2768.66,3,0
CUST_13599,53,Female,52.0,Month-to-Month,Electronic Check,DSL,No,No,39.13,2039.35,2,0
CUST_13600,29,Female,9.0,Month-to-Month,Electronic Check,No,No,Yes,74.15,687.69,2,1
CUST_13601,34,Male,12.0,Month-to-Month,Electronic Check,No,No,Yes,78.89,958.89,1,0
CUST_13602,56,Female,23.0,Two-Year,Electronic Check,DSL,No,No,18.0,388.81,2,0
CUST_13603,26,Female,23.0,Month-to-Month,Electronic Check,Fiber Optic,Yes,Yes,38.83,875.74,0,0
CUST_13604,52,Male,16.0,Month-to-Month,Credit Card,Fiber Optic,No,No,57.44,885.41,1,1
CUST_13605,30,Male,12.0,Two-Year,Electronic Check,DSL,Yes,No,102.89,1197.83,2,1
CUST_13606,32,Female,72.0,One-Year,Credit Card,DSL,No,No,57.45,4137.43,0,0
CUST_13607,35,Female,41.0,Month-to-Month,Bank Transfer,DSL,Yes,No,54.93,2255.15,3,1
CUST_13608,68,Male,14.0,Two-Year,Electronic Check,No,Yes,No,50.0,696.16,0,0
CUST_13609,50,Female,31.0,Month-to-Month,Mailed Check,No,No,Yes,49.69,1551.67,2,0
CUST_13610,23,Male,8.0,Month-to-Month,Electronic Check,Fiber Optic,Yes,Yes,52.3,413.4,4,0
CUST_13611,44,Male,3.0,Two-Year,Credit Card,Fiber Optic,Yes,Yes,51.56,191.85,2,0
CUST_13612,40,Female,10.0,Two-Year,Credit Card,No,No,Yes,50.7,492.0,0,0
CUST_13613,44,Female,12.0,Month-to-Month,Electronic Check,No,No,Yes,50.68,637.57,0,0
CUST_13614,51,Female,1.0,Month-to-Month,Credit Card,Fiber Optic,No,Yes,57.38,80.04,2,1
CUST_13615,63,Female,40.0,Month-to-Month,Bank Transfer,DSL,No,Yes,84.02,3283.92,2,1
CUST_13616,55,Male,11.0,Month-to-Month,Electronic Check,DSL,No,Yes,42.58,423.1,1,1
CUST_13617,31,Female,21.0,Month-to-Month,Bank Transfer,DSL,Yes,No,52.06,1041.51,0,0
CUST_13618,53,Male,2.0,Month-to-Month,Bank Transfer,Fiber Optic,No,No,54.61,118.28,5,1
CUST_13619,70,Male,5.0,Two-Year,Electronic Check,No,No,No,65.0,292.39,3,0
CUST_13620,25,Male,53.0,Two-Year,Bank Transfer,DSL,No,Yes,49.74,2667.53,0,0
CUST_13621,52,Male,23.0,Month-to-Month,Electronic Check,Fiber Optic,No,Yes,106.51,2416.9,2,1
CUST_13622,36,Male,72.0,One-Year,Mailed Check,DSL,Yes,Yes,76.66,5524.82,2,0
CUST_13623,47,Male,72.0,Month-to-Month,Electronic Check,DSL,Yes,Yes,84.49,6052.87,0,0
CUST_13624,31,Male,11.0,Month-to-Month,Credit Card,No,Yes,Yes,69.77,784.62,2,0
CUST_13625,37,Male,9.0,Month-to-Month,Bank Transfer,Fiber Optic,Yes,Yes,93.09,828.23,4,0
CUST_13626,66,Female,47.0,One-Year,Electronic Check,No,Yes,Yes,42.14,1967.04,6,0
CUST_13627,42,Male,72.0,Month-to-Month,Electronic Check,Fiber Optic,No,No,53.85,3856.57,2,0
CUST_13628,57,Male,24.0,Two-Year,Electronic Check,DSL,Yes,No,48.67,1134.84,1,0
CUST_13629,41,Female,38.0,One-Year,Bank Transfer,DSL,No,Yes,61.57,2350.49,3,0
CUST_13630,31,Female,37.0,Month-to-Month,Electronic Check,Fiber Optic,No,Yes,96.67,3556.37,3,1
CUST_13631,43,Female,11.0,Month-to-Month,Credit Card,DSL,No,Yes,108.99,1270.71,2,1
CUST_13632,55,Male,20.0,One-Year,Credit Card,No,No,Yes,84.09,1729.52,0,0
CUST_13633,40,Female,43.0,Two-Year,Bank Transfer,DSL,No,No,63.04,2702.68,3,0
CUST_13634,39,Male,28.0,One-Year,Electronic Check,DSL,No,No,,2434.84,1,1
CUST_13635,65,Male,1.0,Month-to-Month,Mailed Check,Fiber Optic,No,Yes,94.66,88.82,0,1
CUST_13636,36,Male,10.0,One-Year,Mailed Check,Fiber Optic,Yes,Yes,88.53,930.3,1,0
CUST_13637,63,Female,4.0,Month-to-Month,Bank Transfer,Fiber Optic,No,Yes,62.33,312.43,2,1
CUST_13638,68,Male,6.0,Two-Year,Bank Transfer,No,No,Yes,62.86,318.15,3,0
CUST_13639,20,Male,57.0,One-Year,Bank Transfer,DSL,Yes,No,51.83,2994.42,4,0
CUST_13640,59,Male,1.0,One-Year,Mailed Check,No,No,No,60.1,51.43,2,0
CUST_13641,36,Female,6.0,Month-to-Month,Credit Card,Fiber Optic,No,Yes,49.01,269.37,1,1
CUST_13642,26,Female,9.0,One-Year,Electronic Check,DSL,No,Yes,63.71,606.94,5,0
CUST_13643,45,Male,23.0,Month-to-Month,Mailed Check,Fiber Optic,No,No,64.54,1486.87,1,0
CUST_13644,37,Female,18.0,Month-to-Month,Bank Transfer,DSL,Yes,Yes,47.73,900.18,3,1
CUST_13645,62,Female,6.0,Month-to-Month,Electronic Check,Fiber Optic,No,No,118.71,740.82,2,1
CUST_13646,24,Female,4.0,Two-Year,Bank Transfer,Fiber Optic,Yes,Yes,70.92,293.64,2,0
CUST_13647,31,Male,6.0,One-Year,Credit Card,DSL,Yes,Yes,90.85,593.78,4,0
CUST_13648,26,Female,17.0,Month-to-Month,Bank Transfer,Fiber Optic,No,No,89.01,1508.61,1,1
CUST_13649,36,Male,8.0,Two-Year,Electronic Check,DSL,No,Yes,103.86,797.97,1,0
CUST_13650,64,Female,71.0,Month-to-Month,Electronic Check,DSL,Yes,Yes,46.86,3384.6,2,0
CUST_13651,69,Male,15.0,Month-to-Month,Electronic Check,DSL,No,Yes,54.09,804.24,1,0
CUST_13652,31,Male,1.0,Month-to-Month,Electronic Check,No,Yes,Yes,28.72,33.92,1,0
CUST_13653,55,Male,31.0,One-Year,Credit Card,Fiber Optic,No,No,32.65,995.28,4,0
CUST_13654,70,Female,10.0,Month-to-Month,Bank Transfer,DSL,Yes,Yes,44.81,451.12,0,0
CUST_13655,53,Male,25.0,Month-to-Month,Electronic Check,No,No,No,61.96,1558.59,4,0
CUST_13656,57,Female,8.0,One-Year,Credit Card,DSL,Yes,Yes,63.12,471.6,1,0
CUST_13657,34,Male,20.0,Month-to-Month,Bank Transfer,Fiber Optic,No,Yes,120.0,2367.29,1,1
CUST_13658,47,Female,35.0,One-Year,Electronic Check,No,Yes,No,75.07,2600.96,1,0
CUST_13659,26,Female,63.0,Month-to-Month,Mailed Check,Fiber Optic,No,No,84.41,5314.01,1,0
CUST_13660,50,Female,7.0,One-Year,Electronic Check,Fiber Optic,Yes,Yes,67.84,487.88,2,0
CUST_13661,69,Female,10.0,One-Year,Credit Card,Fiber Optic,No,Yes,38.74,426.28,3,0
CUST_13662,42,Female,15.0,One-Year,Mailed Check,Fiber Optic,Yes,Yes,70.93,1137.45,3,1
CUST_13663,31,Male,63.0,Month-to-Month,Credit Card,Fiber Optic,No,No,32.72,2066.75,1,0
CUST_13664,28,Female,56.0,One-Year,Electronic Check,Fiber Optic,Yes,Yes,61.39,3424.31,4,0
CUST_13665,70,Male,2.0,Month-to-Month,Credit Card,Fiber Optic,No,Yes,77.96,84.51,4,0
CUST_13666,52,Female,3.0,Two-Year,Electronic Check,Fiber Optic,Yes,Yes,53.26,167.55,2,0
CUST_13667,58,Female,16.0,Month-to-Month,Credit Card,Fiber Optic,Yes,Yes,68.86,1096.65,3,1
CUST_13668,31,Male,3.0,Month-to-Month,Credit Card,DSL,Yes,No,52.96,148.17,2,0
CUST_13669,47,Male,10.0,One-Year,Mailed Check,Fiber Optic,Yes,Yes,42.89,409.19,5,0
CUST_13670,58,Male,4.0,One-Year,Bank Transfer,Fiber Optic,No,Yes,74.76,280.27,1,0
CUST_13671,21,Female,24.0,Month-to-Month,Bank Transfer,Fiber Optic,No,Yes,85.89,2071.22,1,0
CUST_13672,21,Female,72.0,Two-Year,Credit Card,Fiber Optic,,Yes,85.84,6199.75,3,0
CUST_13673,45,Female,72.0,Two-Year,Electronic Check,Fiber Optic,No,Yes,60.18,4332.17,2,0
CUST_13674,25,Female,11.0,One-Year,Mailed Check,Fiber Optic,No,Yes,21.48,259.89,1,0
CUST_13675,19,Female,22.0,Month-to-Month,Credit Card,DSL,Yes,Yes,66.77,1507.55,0,1
CUST_13676,58,Male,47.0,One-Year,Bank Transfer,DSL,Yes,No,90.39,4245.54,2,0
CUST_13677,63,Male,3.0,Month-to-Month,Mailed Check,No,No,No,38.7,152.79,2,0
CUST_13678,39,Female,28.0,Month-to-Month,Credit Card,DSL,Yes,Yes,100.62,2788.79,5,1
CUST_13679,58,Female,13.0,Two-Year,Electronic Check,DSL,No,Yes,23.82,318.35,4,0
CUST_13680,33,Female,6.0,Two-Year,Bank Transfer,Fiber Optic,Yes,Yes,,426.15,3,0
CUST_13681,46,Male,12.0,Two-Year,Electronic Check,DSL,No,Yes,81.6,993.94,3,0
CUST_13682,66,Male,2.0,Month-to-Month,Electronic Check,Fiber Optic,No,No,94.36,124.05,5,1
CUST_13683,65,Male,29.0,Month-to-Month,Mailed Check,DSL,Yes,No,74.18,2186.53,1,0
CUST_13684,47,Male,7.0,Month-to-Month,Mailed Check,Fiber Optic,Yes,No,58.49,407.98,3,0
CUST_13685,29,Male,9.0,Month-to-Month,Mailed Check,DSL,Yes,Yes,68.36,628.26,1,0
CUST_13686,52,Female,3.0,Month-to-Month,Mailed Check,No,Yes,No,51.35,130.47,4,0
CUST_13687,28,Male,48.0,Month-to-Month,Electronic Check,No,No,Yes,25.21,1260.16,5,0
CUST_13688,63,Female,16.0,One-Year,Electronic Check,Fiber Optic,Yes,No,60.16,972.9,2,0
CUST_13689,67,Male,20.0,One-Year,Bank Transfer,Fiber Optic,No,Yes,74.82,1485.01,2,0
CUST_13690,38,Female,,One-Year,Mailed Check,No,Yes,Yes,85.51,1647.29,3,0
CUST_13691,38,Male,13.0,Two-Year,Mailed Check,DSL,No,Yes,,708.21,2,0
CUST_13692,22,Male,5.0,Month-to-Month,Bank Transfer,DSL,No,Yes,94.54,403.12,3,1
CUST_13693,65,Male,33.0,Month-to-Month,Credit Card,DSL,Yes,No,61.64,2037.95,1,0
CUST_13694,37,Female,3.0,One-Year,Bank Transfer,DSL,No,No,74.57,241.44,1,0
CUST_13695,54,Female,3.0,Month-to-Month,Electronic Check,No,Yes,No,79.92,261.02,1,0
CUST_13696,20,Male,30.0,One-Year,Credit Card,DSL,No,No,66.07,1956.36,3,0
CUST_13697,61,Male,,Month-to-Month,Credit Card,DSL,No,Yes,63.19,360.15,0,0
CUST_13698,50,Female,9.0,Month-to-Month,Mailed Check,DSL,No,Yes,96.14,862.47,4,1
CUST_13699,70,Male,15.0,One-Year,Credit Card,No,,Yes,31.02,448.88,2,0
CUST_13700,26,Male,14.0,Two-Year,Mailed Check,DSL,No,No,65.85,872.1,2,0
CUST_13701,26,Female,30.0,Two-Year,Mailed Check,DSL,No,Yes,28.31,830.69,3,1
CUST_13702,21,Female,23.0,Month-to-Month,Electronic Check,No,No,Yes,29.05,680.13,0,0
CUST_13703,52,Male,25.0,Month-to-Month,Bank Transfer,DSL,No,Yes,63.94,1584.71,3,0
CUST_13704,34,Male,30.0,Two-Year,Electronic Check,Fiber Optic,Yes,No,54.48,1627.35,2,0
CUST_13705,51,Female,8.0,Month-to-Month,Electronic Check,DSL,No,No,106.58,837.03,1,1
CUST_13706,41,Male,9.0,Month-to-Month,Electronic Check,DSL,No,Yes,59.93,609.62,3,1
CUST_13707,49,Male,14.0,Two-Year,Electronic Check,Fiber Optic,Yes,No,87.7,1231.56,3,0
CUST_13708,18,Female,9.0,One-Year,Mailed Check,DSL,No,Yes,66.03,600.98,3,1
CUST_13709,25,Female,72.0,Two-Year,Bank Transfer,DSL,No,Yes,40.97,2932.7,2,0
CUST_13710,62,Male,40.0,Month-to-Month,Electronic Check,DSL,Yes,No,29.75,1204.19,3,0
CUST_13711,40,Female,4.0,Month-to-Month,Credit Card,DSL,No,Yes,37.72,153.82,1,1
CUST_13712,64,Female,1.0,Two-Year,Electronic Check,DSL,No,Yes,71.56,19.32,1,1
CUST_13713,57,Male,1.0,Month-to-Month,Mailed Check,No,Yes,No,96.94,141.83,3,1
CUST_13714,29,Female,7.0,One-Year,Electronic Check,Fiber Optic,No,No,46.73,323.82,0,1
CUST_13715,29,Male,3.0,Month-to-Month,Electronic Check,Fiber Optic,No,No,81.76,261.36,1,0
CUST_13716,63,Male,18.0,Two-Year,Electronic Check,Fiber Optic,Yes,Yes,61.37,1085.62,1,0
CUST_13717,64,Female,47.0,One-Year,Bank Transfer,DSL,Yes,Yes,43.7,2067.31,2,0
CUST_13718,32,Male,32.0,Month-to-Month,Bank Transfer,Fiber Optic,No,Yes,72.09,2326.87,3,1
CUST_13719,58,Male,6.0,Month-to-Month,Electronic Check,Fiber Optic,No,No,96.83,537.05,3,0
CUST_13720,36,Male,12.0,One-Year,Mailed Check,DSL,Yes,Yes,63.49,777.53,4,0
CUST_13721,43,Male,17.0,One-Year,Electronic Check,Fiber Optic,Yes,Yes,81.59,1383.81,2,1
CUST_13722,69,Female,40.0,Month-to-Month,Credit Card,DSL,No,Yes,71.17,2815.96,3,0
CUST_13723,46,Female,44.0,Two-Year,Bank Transfer,DSL,No,No,71.21,3183.42,2,0
CUST_13724,39,Female,58.0,Month-to-Month,Electronic Check,DSL,Yes,Yes,48.94,2810.52,6,0
CUST_13725,57,Male,17.0,Month-to-Month,Mailed Check,Fiber Optic,No,Yes,74.82,1278.95,5,1
CUST_13726,38,Male,28.0,Month-to-Month,Credit Card,DSL,No,Yes,35.76,964.06,0,0
CUST_13727,68,Male,3.0,Two-Year,Mailed Check,Fiber Optic,No,Yes,72.23,183.65,1,0
CUST_13728,55,Male,20.0,Month-to-Month,Mailed Check,No,Yes,Yes,92.45,1880.78,0,1
CUST_13729,37,Male,7.0,Month-to-Month,Mailed Check,No,No,Yes,101.08,697.03,0,1
CUST_13730,46,Female,14.0,Two-Year,Bank Transfer,Fiber Optic,No,No,44.15,661.37,2,0
CUST_13731,68,Female,24.0,Month-to-Month,Credit Card,Fiber Optic,Yes,Yes,73.83,1759.55,1,0
CUST_13732,21,Female,7.0,Month-to-Month,Credit Card,Fiber Optic,No,Yes,50.89,342.56,1,0
CUST_13733,24,Male,1.0,Month-to-Month,Bank Transfer,Fiber Optic,Yes,Yes,67.81,44.97,0,1
CUST_13734,45,Female,1.0,One-Year,Mailed Check,DSL,No,No,103.44,88.67,4,1
CUST_13735,45,Male,1.0,One-Year,Mailed Check,DSL,No,Yes,82.56,101.12,3,1
CUST_13736,21,Male,1.0,Two-Year,Mailed Check,Fiber Optic,No,No,51.95,54.55,1,0
CUST_13737,39,Female,3.0,Two-Year,Credit Card,DSL,Yes,No,50.82,143.25,2,0
CUST_13738,29,Female,7.0,One-Year,Bank Transfer,No,No,Yes,65.34,478.09,2,0
CUST_13739,62,Male,6.0,One-Year,Mailed Check,DSL,Yes,Yes,66.7,416.71,3,0
CUST_13740,20,Male,72.0,Month-to-Month,Electronic Check,Fiber Optic,No,No,67.66,4863.13,1,1
CUST_13741,39,Male,9.0,Month-to-Month,Mailed Check,DSL,No,No,35.22,362.71,0,0
CUST_13742,61,Female,3.0,One-Year,Credit Card,DSL,Yes,No,104.98,268.69,1,0
CUST_13743,19,Male,19.0,Two-Year,Mailed Check,No,Yes,No,106.96,2044.42,1,0
CUST_13744,41,Female,47.0,Month-to-Month,Electronic Check,Fiber Optic,No,Yes,74.59,3502.05,0,1
CUST_13745,51,Male,27.0,Month-to-Month,Electronic Check,Fiber Optic,No,No,47.6,1300.29,3,1
CUST_13746,44,Male,8.0,Month-to-Month,Mailed Check,DSL,No,Yes,52.46,422.81,4,0
CUST_13747,58,Male,20.0,Month-to-Month,Credit Card,DSL,Yes,Yes,46.16,931.08,2,0
CUST_13748,18,Female,30.0,Month-to-Month,Credit Card,DSL,No,No,44.36,1277.14,1,1
CUST_13749,25,Male,31.0,Month-to-Month,Credit Card,Fiber Optic,Yes,Yes,52.32,1628.7,1,0
CUST_13750,40,Female,26.0,Month-to-Month,Bank Transfer,DSL,No,Yes,73.45,1940.97,4,0
CUST_13751,55,Female,49.0,One-Year,Bank Transfer,Fiber Optic,No,Yes,67.57,3292.81,1,0
CUST_13752,23,Female,49.0,Month-to-Month,Bank Transfer,Fiber Optic,,Yes,95.48,4708.4,2,0
CUST_13753,39,Female,21.0,One-Year,Mailed Check,DSL,Yes,No,34.54,714.74,1,0
CUST_13754,42,Female,13.0,Two-Year,Bank Transfer,Fiber Optic,No,Yes,47.38,598.16,3,0
CUST_13755,35,Female,25.0,Two-Year,Mailed Check,Fiber Optic,Yes,No,25.0,607.91,2,0
CUST_13756,34,Female,41.0,One-Year,Bank Transfer,DSL,No,Yes,67.89,2752.86,1,0
CUST_13757,29,Male,1.0,Month-to-Month,Electronic Check,DSL,No,Yes,97.01,99.16,2,0
CUST_13758,23,Male,72.0,Two-Year,Electronic Check,Fiber Optic,Yes,Yes,55.55,3980.88,0,0
CUST_13759,43,Male,5.0,One-Year,Credit Card,DSL,Yes,Yes,92.31,445.13,4,0
CUST_13760,44,Male,15.0,Month-to-Month,Credit Card,Fiber Optic,Yes,Yes,78.88,1162.67,1,0
CUST_13761,25,Male,49.0,Month-to-Month,Mailed Check,Fiber Optic,No,No,82.34,4044.47,1,0
CUST_13762,36,Female,6.0,Month-to-Month,Electronic Check,DSL,No,Yes,76.72,422.35,3,1
CUST_13763,59,Male,16.0,Month-to-Month,Credit Card,Fiber Optic,No,Yes,101.06,1634.72,1,1
CUST_13764,18,Male,3.0,Month-to-Month,Bank Transfer,No,Yes,Yes,61.0,198.06,2,0
CUST_13765,46,Female,12.0,Two-Year,Mailed Check,Fiber Optic,No,Yes,78.74,960.13,3,0
CUST_13766,62,Male,5.0,Month-to-Month,Bank Transfer,DSL,No,Yes,101.91,480.13,3,1
CUST_13767,66,Male,11.0,One-Year,Mailed Check,No,No,No,44.53,496.99,1,0
CUST_13768,52,Male,11.0,Two-Year,Mailed Check,No,No,Yes,60.7,706.8,1,0
CUST_13769,57,Male,72.0,One-Year,Credit Card,Fiber Optic,No,Yes,76.5,5471.77,0,0
CUST_13770,31,Male,72.0,Two-Year,Electronic Check,No,No,Yes,47.83,3449.19,0,0
CUST_13771,52,Female,3.0,Two-Year,Electronic Check,No,No,Yes,46.99,107.55,2,0
CUST_13772,65,Female,31.0,Month-to-Month,Electronic Check,Fiber Optic,No,Yes,105.6,3265.4,3,0
CUST_13773,62,Male,1.0,Two-Year,Electronic Check,DSL,No,No,48.76,47.78,2,0
CUST_13774,37,Male,1.0,One-Year,Electronic Check,Fiber Optic,Yes,No,57.67,38.67,2,0
CUST_13775,66,Male,3.0,Month-to-Month,Electronic Check,DSL,No,Yes,69.32,185.44,2,1
CUST_13776,30,Female,72.0,One-Year,Electronic Check,DSL,Yes,No,73.57,5304.72,5,0
CUST_13777,55,Male,68.0,One-Year,Electronic Check,Fiber Optic,No,Yes,54.1,3648.5,4,0
CUST_13778,66,Male,5.0,Two-Year,Electronic Check,DSL,Yes,No,60.84,319.69,2,1
CUST_13779,63,Female,4.0,Month-to-Month,Electronic Check,Fiber Optic,Yes,No,44.96,232.09,0,0
CUST_13780,66,Male,7.0,One-Year,Bank Transfer,No,No,Yes,53.92,339.1,2,0
CUST_13781,25,Male,17.0,Month-to-Month,Bank Transfer,Fiber Optic,Yes,Yes,78.91,1301.34,2,1
CUST_13782,60,Male,20.0,Month-to-Month,Electronic Check,DSL,No,Yes,83.13,1617.13,2,0
CUST_13783,37,Female,6.0,Month-to-Month,Bank Transfer,Fiber Optic,No,Yes,85.36,497.87,3,1
CUST_13784,50,Female,34.0,Month-to-Month,Credit Card,Fiber Optic,No,Yes,64.9,2232.34,3,1
CUST_13785,43,Female,9.0,Two-Year,Credit Card,DSL,Yes,No,61.07,578.06,1,0
CUST_13786,56,Male,61.0,Month-to-Month,Electronic Check,Fiber Optic,Yes,Yes,38.84,2381.88,2,0
CUST_13787,38,Female,26.0,Month-to-Month,Bank Transfer,DSL,No,Yes,57.88,1510.89,2,0
CUST_13788,70,Female,14.0,Month-to-Month,Mailed Check,No,No,No,68.47,996.85,1,1
CUST_13789,66,Female,37.0,Month-to-Month,Electronic Check,Fiber Optic,No,No,86.76,3195.44,3,0
CUST_13790,59,Male,41.0,Month-to-Month,Electronic Check,No,No,Yes,26.34,1096.7,0,1
CUST_13791,60,Female,8.0,Month-to-Month,Electronic Check,Fiber Optic,No,No,58.26,525.64,0,0
CUST_13792,58,Male,10.0,One-Year,Mailed Check,Fiber Optic,No,No,19.68,233.82,0,0
CUST_13793,26,Male,66.0,Month-to-Month,Bank Transfer,Fiber Optic,Yes,Yes,32.93,2139.75,0,0
CUST_13794,41,Female,4.0,Month-to-Month,Bank Transfer,No,No,Yes,91.35,348.03,2,1
CUST_13795,54,Male,1.0,Month-to-Month,Electronic Check,Fiber Optic,No,No,38.97,99.99,0,1
CUST_13796,66,Female,15.0,One-Year,Electronic Check,No,Yes,No,67.16,990.13,5,1
CUST_13797,58,Male,39.0,Month-to-Month,Electronic Check,No,Yes,Yes,85.52,3383.23,2,0
CUST_13798,34,Female,35.0,One-Year,Mailed Check,Fiber Optic,No,Yes,55.64,1934.45,1,0
CUST_13799,41,Female,60.0,Two-Year,Credit Card,DSL,No,No,40.52,2425.23,0,0
CUST_13800,38,Female,18.0,One-Year,Bank Transfer,DSL,No,No,67.38,1185.3,2,0
CUST_13801,68,Male,3.0,Month-to-Month,Credit Card,Fiber Optic,No,No,96.2,266.18,0,1
CUST_13802,56,Male,21.0,One-Year,Bank Transfer,Fiber Optic,No,No,84.86,1776.2,4,1
CUST_13803,58,Female,36.0,One-Year,Mailed Check,Fiber Optic,No,No,60.03,2166.62,3,0
CUST_13804,56,Male,2.0,Month-to-Month,Mailed Check,DSL,No,No,53.86,95.64,3,0
CUST_13805,30,Female,5.0,Two-Year,Mailed Check,DSL,,No,88.13,461.66,1,0
CUST_13806,28,Female,1.0,Two-Year,Mailed Check,Fiber Optic,No,No,35.77,23.76,1,0
CUST_13807,63,Male,22.0,Two-Year,Credit Card,Fiber Optic,No,Yes,83.74,1780.35,2,0
CUST_13808,36,Male,52.0,Two-Year,Mailed Check,No,No,No,54.39,2822.05,1,0
CUST_13809,28,Male,27.0,One-Year,Electronic Check,Fiber Optic,Yes,Yes,35.26,937.82,2,0
CUST_13810,30,Female,72.0,One-Year,Bank Transfer,DSL,No,Yes,29.67,2180.86,1,0
CUST_13811,63,Male,2.0,One-Year,Credit Card,Fiber Optic,Yes,Yes,97.7,222.28,1,0
CUST_13812,62,Male,56.0,Two-Year,Mailed Check,No,Yes,Yes,60.98,3444.68,0,0
CUST_13813,18,Male,40.0,One-Year,Bank Transfer,No,No,Yes,47.12,1905.88,2,0
CUST_13814,57,Female,9.0,Month-to-Month,Electronic Check,Fiber Optic,Yes,No,64.13,590.35,3,0
CUST_13815,61,Male,72.0,Month-to-Month,Mailed Check,Fiber Optic,No,No,53.55,3868.68,0,0
CUST_13816,36,Male,8.0,Two-Year,Electronic Check,DSL,No,No,54.23,461.53,2,0
CUST_13817,29,Female,,Month-to-Month,Electronic Check,Fiber Optic,No,No,55.07,2936.11,1,0
CUST_13818,25,Female,51.0,One-Year,Bank Transfer,Fiber Optic,Yes,Yes,65.17,3307.86,3,0
CUST_13819,25,Female,34.0,Two-Year,Electronic Check,DSL,No,Yes,80.15,2682.64,3,0
CUST_13820,70,Male,20.0,One-Year,Bank Transfer,Fiber Optic,No,Yes,34.42,631.8,0,0
CUST_13821,62,Male,3.0,Two-Year,Credit Card,Fiber Optic,Yes,Yes,92.01,250.55,1,0
CUST_13822,29,Female,18.0,One-Year,Electronic Check,DSL,No,No,46.1,807.72,3,1
CUST_13823,65,Male,11.0,Month-to-Month,Bank Transfer,DSL,No,Yes,,768.47,2,0
CUST_13824,50,Female,38.0,Two-Year,Mailed Check,Fiber Optic,Yes,Yes,63.84,2422.22,2,0
CUST_13825,62,Female,34.0,Month-to-Month,Electronic Check,DSL,No,Yes,48.86,1713.39,0,0
CUST_13826,43,Male,58.0,Month-to-Month,Bank Transfer,DSL,No,Yes,87.71,5104.03,1,1
CUST_13827,56,Female,1.0,Month-to-Month,Bank Transfer,DSL,Yes,Yes,49.12,26.75,1,0
CUST_13828,45,Female,40.0,Month-to-Month,Mailed Check,Fiber Optic,No,No,93.38,3776.34,3,0
CUST_13829,22,Male,67.0,Month-to-Month,Credit Card,Fiber Optic,Yes,Yes,78.36,5243.22,1,0
CUST_13830,25,Female,37.0,Month-to-Month,Mailed Check,No,Yes,Yes,50.01,1867.37,0,0
CUST_13831,42,Male,3.0,One-Year,Credit Card,No,No,Yes,41.03,137.14,2,0
CUST_13832,44,Male,2.0,Two-Year,Mailed Check,DSL,No,No,86.3,173.81,3,0
CUST_13833,63,Male,1.0,Month-to-Month,Electronic Check,Fiber Optic,,Yes,42.18,84.6,2,0
CUST_13834,40,Female,24.0,Month-to-Month,Mailed Check,DSL,Yes,Yes,62.34,1478.63,2,1
CUST_13835,47,Female,24.0,One-Year,Electronic Check,No,No,Yes,78.94,1898.42,2,1
CUST_13836,62,Female,72.0,One-Year,Bank Transfer,Fiber Optic,No,No,74.27,5320.38,2,0
CUST_13837,64,Male,12.0,Two-Year,Bank Transfer,Fiber Optic,No,No,60.94,741.79,3,0
CUST_13838,40,Female,10.0,Month-to-Month,Mailed Check,DSL,No,Yes,50.41,516.33,3,0
CUST_13839,66,Male,24.0,Two-Year,Electronic Check,No,Yes,No,79.44,1909.14,3,0
CUST_13840,64,Female,42.0,Month-to-Month,Mailed Check,Fiber Optic,Yes,Yes,27.38,1152.0,5,0
CUST_13841,37,Male,66.0,One-Year,Electronic Check,DSL,No,Yes,70.19,4627.29,1,0
CUST_13842,35,Male,39.0,Month-to-Month,Bank Transfer,DSL,No,Yes,39.07,1535.03,2,0
CUST_13843,35,Male,13.0,Month-to-Month,Bank Transfer,DSL,Yes,Yes,47.46,635.53,1,0
CUST_13844,19,Female,24.0,Month-to-Month,Credit Card,DSL,No,No,72.37,1700.53,1,0
CUST_13845,21,Male,47.0,Month-to-Month,Electronic Check,DSL,Yes,No,50.01,2342.15,2,0
CUST_13846,47,Female,16.0,Month-to-Month,Mailed Check,Fiber Optic,Yes,Yes,88.15,1399.55,3,0
CUST_13847,50,Male,6.0,Two-Year,Bank Transfer,Fiber Optic,No,Yes,79.13,494.61,5,0
CUST_13848,53,Male,4.0,One-Year,Credit Card,DSL,Yes,Yes,51.05,240.45,3,0
CUST_13849,35,Male,1.0,One-Year,Bank Transfer,Fiber Optic,No,Yes,60.49,73.32,1,0
CUST_13850,54,Female,30.0,Month-to-Month,Electronic Check,DSL,No,No,42.93,1292.19,4,1
CUST_13851,36,Female,3.0,Month-to-Month,Mailed Check,DSL,No,No,74.46,200.32,1,0
CUST_13852,64,Male,7.0,Two-Year,Bank Transfer,Fiber Optic,Yes,No,96.36,730.37,1,0
CUST_13853,45,Male,8.0,One-Year,Bank Transfer,DSL,Yes,Yes,41.1,301.13,2,0
CUST_13854,57,Male,20.0,Month-to-Month,Credit Card,DSL,No,No,68.77,1337.75,0,1
CUST_13855,37,Female,12.0,Month-to-Month,Electronic Check,Fiber Optic,No,Yes,71.47,879.23,3,0
CUST_13856,66,Male,27.0,One-Year,Credit Card,DSL,Yes,No,40.0,1064.65,2,0
CUST_13857,50,Female,1.0,Month-to-Month,Electronic Check,No,No,Yes,44.83,67.77,1,0
CUST_13858,29,Female,3.0,Month-to-Month,Credit Card,Fiber Optic,No,Yes,28.83,129.45,3,0
CUST_13859,68,Male,17.0,Two-Year,Credit Card,DSL,No,Yes,76.22,1287.72,2,0
CUST_13860,32,Male,10.0,One-Year,Bank Transfer,Fiber Optic,No,Yes,57.81,591.78,0,0
CUST_13861,58,Female,8.0,One-Year,Bank Transfer,Fiber Optic,No,No,50.49,390.53,1,0
CUST_13862,56,Female,2.0,Month-to-Month,Electronic Check,Fiber Optic,No,No,106.29,214.8,3,1
CUST_13863,19,Male,54.0,Month-to-Month,Electronic Check,DSL,Yes,No,28.96,1560.0,2,0
CUST_13864,46,Male,28.0,Two-Year,Electronic Check,Fiber Optic,Yes,Yes,90.7,2568.4,1,0
CUST_13865,58,Male,3.0,Two-Year,Electronic Check,Fiber Optic,No,Yes,21.92,49.4,2,0
CUST_13866,27,Male,2.0,Month-to-Month,Mailed Check,DSL,No,No,54.59,88.97,3,0
CUST_13867,19,Male,72.0,Month-to-Month,Electronic Check,Fiber Optic,Yes,No,31.03,2228.24,3,0
CUST_13868,68,Male,27.0,Month-to-Month,Credit Card,Fiber Optic,No,Yes,48.6,1332.09,1,1
CUST_13869,28,Female,13.0,Month-to-Month,Mailed Check,Fiber Optic,No,No,54.18,680.37,1,0
CUST_13870,30,Male,29.0,One-Year,Bank Transfer,Fiber Optic,Yes,No,50.81,1438.0,3,0
CUST_13871,27,Male,34.0,Two-Year,Bank Transfer,DSL,Yes,No,70.0,2415.25,4,0
CUST_13872,31,Male,36.0,Month-to-Month,Electronic Check,Fiber Optic,No,Yes,82.55,2905.12,0,0
CUST_13873,35,Female,16.0,Month-to-Month,Electronic Check,Fiber Optic,No,No,62.74,964.78,5,1
CUST_13874,68,Female,13.0,Two-Year,Electronic Check,No,No,Yes,71.47,994.09,6,0
CUST_13875,26,Male,1.0,Month-to-Month,Bank Transfer,No,Yes,No,96.22,43.67,0,0
CUST_13876,56,Male,63.0,Two-Year,Bank Transfer,No,No,Yes,51.04,3202.39,3,1
CUST_13877,45,Female,22.0,One-Year,Electronic Check,No,No,No,83.08,1808.3,0,0
CUST_13878,20,Male,5.0,Two-Year,Credit Card,DSL,No,No,115.51,508.73,3,0
CUST_13879,37,Male,60.0,Month-to-Month,Electronic Check,DSL,Yes,Yes,101.28,6046.7,4,1
CUST_13880,23,Male,59.0,Month-to-Month,Bank Transfer,DSL,No,No,97.59,5765.76,1,1
CUST_13881,44,Male,72.0,Month-to-Month,Mailed Check,DSL,Yes,Yes,79.56,5750.96,3,0
CUST_13882,70,Male,50.0,Month-to-Month,Bank Transfer,DSL,Yes,Yes,88.02,4434.1,5,1
CUST_13883,19,Female,72.0,Month-to-Month,Credit Card,Fiber Optic,No,Yes,55.32,3971.83,3,0
CUST_13884,46,Female,7.0,Two-Year,Bank Transfer,No,Yes,Yes,63.37,388.1,4,0
CUST_13885,55,Male,44.0,Two-Year,Mailed Check,DSL,No,No,61.05,2687.75,2,0
CUST_13886,20,Female,42.0,One-Year,Electronic Check,No,Yes,Yes,51.73,2213.89,2,0
CUST_13887,33,Male,6.0,Month-to-Month,Credit Card,Fiber Optic,No,No,67.93,453.36,3,1
CUST_13888,47,Male,2.0,One-Year,Mailed Check,Fiber Optic,Yes,Yes,54.51,138.49,2,0
CUST_13889,57,Female,72.0,One-Year,Electronic Check,Fiber Optic,No,No,66.24,4728.39,4,0
CUST_13890,19,Female,8.0,Month-to-Month,Bank Transfer,DSL,Yes,Yes,37.39,293.28,3,0
CUST_13891,34,Male,49.0,Two-Year,Electronic Check,Fiber Optic,No,Yes,54.33,2669.07,2,0
CUST_13892,58,Male,1.0,Month-to-Month,Electronic Check,Fiber Optic,No,No,91.31,103.07,2,0
CUST_13893,29,Female,,Month-to-Month,Credit Card,Fiber Optic,No,Yes,68.9,15.54,2,1
CUST_13894,52,Female,15.0,Month-to-Month,Mailed Check,Fiber Optic,No,No,91.69,1437.04,0,0
CUST_13895,60,Female,7.0,One-Year,Electronic Check,DSL,Yes,Yes,52.89,409.82,1,0
CUST_13896,18,Male,28.0,One-Year,Bank Transfer,No,Yes,Yes,60.03,1680.76,2,0
CUST_13897,62,Male,20.0,Month-to-Month,Credit Card,Fiber Optic,No,No,69.3,1389.83,4,1
CUST_13898,32,Male,2.0,Month-to-Month,Electronic Check,DSL,Yes,No,61.11,107.23,0,1
CUST_13899,43,Male,4.0,Month-to-Month,Bank Transfer,Fiber Optic,No,Yes,37.11,185.52,4,0
CUST_13900,54,Female,12.0,Month-to-Month,Bank Transfer,Fiber Optic,No,No,76.34,881.36,2,0
CUST_13901,38,Male,5.0,Month-to-Month,Electronic Check,DSL,No,Yes,45.29,229.86,2,0
CUST_13902,66,Male,38.0,Month-to-Month,Mailed Check,DSL,No,Yes,64.79,2436.9,2,0
CUST_13903,48,Female,13.0,Month-to-Month,Electronic Check,No,No,Yes,22.39,290.54,1,1
CUST_13904,42,Male,2.0,Two-Year,Bank Transfer,DSL,,No,52.03,139.13,1,0
CUST_13905,40,Male,16.0,Month-to-Month,Credit Card,No,No,Yes,62.48,980.39,0,0
CUST_13906,41,Female,2.0,One-Year,Electronic Check,Fiber Optic,No,Yes,76.23,157.89,3,0
CUST_13907,55,Female,3.0,Month-to-Month,Credit Card,Fiber Optic,No,No,40.29,117.04,2,0
CUST_13908,45,Female,7.0,Month-to-Month,Bank Transfer,Fiber Optic,Yes,Yes,47.18,308.23,0,1
CUST_13909,38,Male,47.0,Month-to-Month,Electronic Check,DSL,No,Yes,100.29,4695.1,3,1
CUST_13910,60,Female,62.0,Month-to-Month,Bank Transfer,Fiber Optic,Yes,Yes,104.3,6448.4,2,0
CUST_13911,35,Female,42.0,Month-to-Month,Electronic Check,Fiber Optic,Yes,Yes,75.29,3108.02,3,1
CUST_13912,53,Male,10.0,Two-Year,Credit Card,DSL,No,Yes,90.59,901.2,4,0
CUST_13913,52,Male,8.0,Two-Year,Bank Transfer,Fiber Optic,No,Yes,57.1,459.13,2,0
CUST_13914,62,Female,19.0,Month-to-Month,Bank Transfer,Fiber Optic,No,Yes,78.07,1437.86,0,0
CUST_13915,26,Male,31.0,Month-to-Month,Bank Transfer,Fiber Optic,No,Yes,77.06,2375.27,1,1
CUST_13916,70,Female,72.0,Two-Year,Bank Transfer,Fiber Optic,No,No,46.17,3317.47,4,0
CUST_13917,55,Male,3.0,Month-to-Month,Credit Card,DSL,Yes,No,68.93,231.04,2,0
CUST_13918,47,Male,1.0,One-Year,Bank Transfer,DSL,No,No,59.09,110.84,2,0
CUST_13919,61,Male,28.0,Two-Year,Credit Card,Fiber Optic,No,Yes,72.36,2037.88,3,0
CUST_13920,51,Female,43.0,Two-Year,Bank Transfer,Fiber Optic,Yes,Yes,54.3,2293.59,1,0
CUST_13921,49,Male,45.0,Month-to-Month,Electronic Check,No,No,No,35.9,1587.76,2,0
CUST_13922,20,Female,27.0,Month-to-Month,Credit Card,DSL,No,No,65.35,1766.65,2,0
CUST_13923,20,Female,72.0,Month-to-Month,Bank Transfer,DSL,No,Yes,81.61,5862.35,1,0
CUST_13924,45,Female,17.0,Two-Year,Bank Transfer,DSL,No,Yes,81.62,1386.34,4,0
CUST_13925,61,Female,59.0,Two-Year,Credit Card,Fiber Optic,Yes,No,29.48,1764.17,0,0
CUST_13926,32,Female,72.0,One-Year,Electronic Check,No,No,Yes,68.65,4937.65,0,0
CUST_13927,58,Male,45.0,One-Year,Mailed Check,DSL,No,Yes,78.77,3618.05,5,0
CUST_13928,40,Female,9.0,One-Year,Electronic Check,Fiber Optic,No,Yes,67.74,562.33,1,0
CUST_13929,57,Female,5.0,One-Year,Bank Transfer,Fiber Optic,No,No,82.29,427.62,2,0
CUST_13930,28,Male,19.0,Two-Year,Credit Card,Fiber Optic,No,No,36.79,648.96,4,0
CUST_13931,65,Male,14.0,One-Year,Credit Card,Fiber Optic,No,No,42.1,563.82,2,0
CUST_13932,49,Female,50.0,Month-to-Month,Mailed Check,No,No,No,76.79,3864.74,5,1
CUST_13933,53,Male,3.0,Month-to-Month,Bank Transfer,No,No,Yes,58.03,112.26,1,0
CUST_13934,50,Female,7.0,One-Year,Credit Card,Fiber Optic,No,No,88.46,628.13,1,1
CUST_13935,41,Male,33.0,Month-to-Month,Bank Transfer,Fiber Optic,No,Yes,71.14,2310.31,1,0
CUST_13936,56,Male,2.0,Month-to-Month,Electronic Check,DSL,No,Yes,47.09,92.08,3,0
CUST_13937,51,Female,9.0,Two-Year,Bank Transfer,Fiber Optic,Yes,No,46.08,395.82,2,0
CUST_13938,45,Male,12.0,One-Year,Credit Card,DSL,Yes,Yes,27.46,329.94,2,0
CUST_13939,54,Male,23.0,Two-Year,Credit Card,DSL,No,Yes,78.75,1823.18,1,0
CUST_13940,24,Female,4.0,Month-to-Month,Bank Transfer,DSL,No,No,62.67,282.44,2,0
CUST_13941,21,Male,47.0,One-Year,Credit Card,DSL,Yes,No,83.33,3920.68,2,0
CUST_13942,54,Female,14.0,Month-to-Month,Electronic Check,DSL,No,Yes,70.15,1000.57,1,1
CUST_13943,18,Female,60.0,Two-Year,Electronic Check,No,Yes,Yes,67.29,4035.38,2,0
CUST_13944,18,Female,15.0,Month-to-Month,Credit Card,Fiber Optic,No,Yes,81.31,1179.37,0,0
CUST_13945,64,Male,8.0,One-Year,Electronic Check,No,No,No,63.04,470.14,1,0
CUST_13946,37,Male,4.0,One-Year,Electronic Check,Fiber Optic,No,Yes,58.35,278.15,1,1
CUST_13947,36,Female,1.0,Month-to-Month,Mailed Check,Fiber Optic,No,No,65.0,28.38,1,0
CUST_13948,46,Female,18.0,Two-Year,Bank Transfer,Fiber Optic,,Yes,81.83,1478.66,4,0
CUST_13949,27,Female,3.0,Two-Year,Bank Transfer,DSL,No,Yes,46.16,143.71,1,0
CUST_13950,35,Female,12.0,Month-to-Month,Electronic Check,Fiber Optic,No,Yes,83.49,1005.42,3,0
CUST_13951,45,Male,21.0,Month-to-Month,Credit Card,No,No,Yes,66.27,1422.35,2,0
CUST_13952,52,Male,8.0,Month-to-Month,Credit Card,DSL,No,No,57.32,439.2,2,1
CUST_13953,60,Male,5.0,Month-to-Month,Mailed Check,Fiber Optic,No,No,68.66,336.95,1,0
CUST_13954,64,Male,36.0,Two-Year,Mailed Check,DSL,No,Yes,88.53,3176.85,3,0
CUST_13955,48,Male,,Two-Year,Bank Transfer,No,No,Yes,88.38,6118.61,2,0
CUST_13956,44,Female,3.0,Month-to-Month,Bank Transfer,DSL,No,No,72.84,195.7,3,0
CUST_13957,28,Male,4.0,Month-to-Month,Mailed Check,Fiber Optic,No,Yes,77.52,342.05,1,0
CUST_13958,66,Male,72.0,Month-to-Month,Mailed Check,No,No,No,65.86,4802.64,2,0
CUST_13959,66,Male,1.0,Month-to-Month,Electronic Check,DSL,Yes,Yes,53.3,81.81,2,1
CUST_13960,55,Female,72.0,Month-to-Month,Electronic Check,Fiber Optic,No,Yes,73.9,5332.46,2,0
CUST_13961,22,Female,1.0,Month-to-Month,Mailed Check,Fiber Optic,No,Yes,56.02,14.76,2,0
CUST_13962,25,Female,50.0,Month-to-Month,Bank Transfer,DSL,No,Yes,44.47,2229.06,3,0
CUST_13963,51,Female,9.0,One-Year,Bank Transfer,No,No,Yes,56.55,511.91,1,0
CUST_13964,65,Male,67.0,One-Year,Bank Transfer,Fiber Optic,Yes,No,32.16,2224.95,3,0
CUST_13965,69,Female,9.0,Month-to-Month,Mailed Check,Fiber Optic,Yes,Yes,40.23,309.67,0,1
CUST_13966,29,Male,25.0,Two-Year,Bank Transfer,No,Yes,Yes,105.58,2601.97,7,0
CUST_13967,55,Male,2.0,One-Year,Electronic Check,Fiber Optic,Yes,Yes,87.52,211.4,4,1
CUST_13968,18,Female,7.0,Two-Year,Mailed Check,No,Yes,No,60.2,467.74,3,0
CUST_13969,48,Female,36.0,Month-to-Month,Bank Transfer,Fiber Optic,No,No,75.44,2725.78,1,0
CUST_13970,21,Male,18.0,Two-Year,Bank Transfer,DSL,No,No,45.99,816.87,1,0
CUST_13971,66,Male,63.0,Two-Year,Mailed Check,Fiber Optic,No,Yes,78.23,4945.68,2,0
CUST_13972,62,Female,13.0,Month-to-Month,Bank Transfer,No,No,No,70.22,978.19,1,0
CUST_13973,67,Male,49.0,Month-to-Month,Credit Card,DSL,No,No,50.9,2474.67,1,0
CUST_13974,22,Male,14.0,Two-Year,Bank Transfer,No,No,Yes,58.53,833.38,7,0
CUST_13975,47,Male,72.0,One-Year,Bank Transfer,DSL,No,Yes,57.15,4108.74,2,0
CUST_13976,41,Male,72.0,Two-Year,Credit Card,Fiber Optic,Yes,No,82.0,5915.08,2,0
CUST_13977,20,Female,10.0,One-Year,Bank Transfer,Fiber Optic,Yes,Yes,63.37,657.06,1,1
CUST_13978,28,Male,52.0,One-Year,Bank Transfer,DSL,Yes,Yes,33.44,1721.28,2,0
CUST_13979,62,Male,45.0,Month-to-Month,Electronic Check,DSL,No,Yes,56.02,2550.32,3,1
CUST_13980,21,Female,6.0,Month-to-Month,Mailed Check,No,No,Yes,49.35,281.33,2,1
CUST_13981,43,Female,23.0,Two-Year,Bank Transfer,Fiber Optic,Yes,Yes,35.44,832.3,3,0
CUST_13982,44,Male,2.0,Month-to-Month,Bank Transfer,DSL,No,No,49.78,41.28,1,0
CUST_13983,63,Male,43.0,Month-to-Month,Mailed Check,No,No,No,21.83,961.59,1,1
CUST_13984,60,Male,5.0,One-Year,Credit Card,Fiber Optic,No,Yes,46.38,205.28,3,0
CUST_13985,44,Female,2.0,One-Year,Electronic Check,No,Yes,Yes,68.92,122.84,2,0
CUST_13986,59,Female,12.0,Month-to-Month,Bank Transfer,Fiber Optic,Yes,No,74.07,821.13,2,0
CUST_13987,68,Female,21.0,Month-to-Month,Mailed Check,DSL,Yes,No,75.07,1569.73,5,1
CUST_13988,67,Female,46.0,Month-to-Month,Mailed Check,Fiber Optic,Yes,Yes,84.15,3910.75,2,0
CUST_13989,23,Female,72.0,Month-to-Month,Credit Card,Fiber Optic,No,No,88.75,6343.01,1,1
CUST_13990,32,Female,14.0,One-Year,Electronic Check,Fiber Optic,Yes,No,44.51,628.98,1,0
CUST_13991,70,Male,1.0,Month-to-Month,Electronic Check,No,No,Yes,37.47,0.0,3,0
CUST_13992,47,Male,33.0,Two-Year,Mailed Check,No,Yes,Yes,65.85,2168.55,3,0
CUST_13993,59,Female,20.0,Two-Year,Mailed Check,Fiber Optic,Yes,Yes,75.93,1544.35,1,0
CUST_13994,54,Male,14.0,One-Year,Bank Transfer,No,No,No,48.29,672.8,1,0
CUST_13995,54,Male,9.0,Month-to-Month,Credit Card,DSL,No,Yes,70.29,656.03,1,1
CUST_13996,59,Female,17.0,Month-to-Month,Electronic Check,No,No,Yes,101.45,1709.58,1,1
CUST_13997,54,Male,10.0,Month-to-Month,Bank Transfer,Fiber Optic,No,Yes,38.28,460.33,2,0
CUST_13998,52,Female,34.0,Month-to-Month,Bank Transfer,Fiber Optic,No,No,65.12,2247.11,3,0
CUST_13999,40,Female,,Two-Year,Credit Card,DSL,No,Yes,85.78,1636.1,1,0
CUST_14000,23,Male,50.0,Month-to-Month,Credit Card,Fiber Optic,No,No,61.04,3103.36,4,0
CUST_14001,21,Female,19.0,Two-Year,Bank Transfer,DSL,Yes,No,73.26,1433.78,0,0
CUST_14002,35,Male,7.0,Month-to-Month,Mailed Check,Fiber Optic,Yes,No,83.2,566.28,4,0
CUST_14003,26,Male,46.0,Month-to-Month,Electronic Check,Fiber Optic,No,No,58.97,2727.64,2,0
CUST_14004,66,Female,20.0,Two-Year,Mailed Check,Fiber Optic,No,Yes,43.78,866.72,3,0
CUST_14005,46,Female,6.0,One-Year,Bank Transfer,No,Yes,No,62.98,405.44,5,0
CUST_14006,30,Female,23.0,Month-to-Month,Bank Transfer,Fiber Optic,Yes,No,43.11,1038.69,2,1
CUST_14007,64,Male,11.0,Month-to-Month,Bank Transfer,Fiber Optic,No,No,53.99,549.49,0,0
CUST_14008,69,Female,45.0,Month-to-Month,Bank Transfer,DSL,No,No,73.84,3326.37,1,0
CUST_14009,34,Male,14.0,One-Year,Mailed Check,DSL,No,No,68.62,1004.55,1,0
CUST_14010,62,Female,31.0,Month-to-Month,Bank Transfer,DSL,No,Yes,84.96,2656.57,3,1
CUST_14011,49,Male,2.0,One-Year,Electronic Check,DSL,No,Yes,69.64,152.11,2,1
CUST_14012,65,Female,12.0,One-Year,Electronic Check,Fiber Optic,No,Yes,49.41,625.17,0,0
CUST_14013,39,Male,72.0,Two-Year,Electronic Check,Fiber Optic,No,Yes,45.07,3204.91,5,0
CUST_14014,21,Male,,Month-to-Month,Credit Card,DSL,No,No,77.56,3119.45,1,0
CUST_14015,22,Male,4.0,Month-to-Month,Electronic Check,No,No,Yes,69.8,316.21,2,1
CUST_14016,54,Female,8.0,One-Year,Credit Card,DSL,No,Yes,61.16,506.36,1,1
CUST_14017,58,Female,10.0,Month-to-Month,Electronic Check,Fiber Optic,No,No,71.78,681.22,4,0
CUST_14018,66,Female,25.0,Month-to-Month,Mailed Check,Fiber Optic,No,No,,1261.44,4,0
CUST_14019,30,Male,34.0,Month-to-Month,Credit Card,Fiber Optic,Yes,No,18.0,612.33,5,0
CUST_14020,51,Male,33.0,Month-to-Month,Bank Transfer,DSL,No,No,85.86,2808.8,3,0
CUST_14021,62,Male,17.0,Month-to-Month,Electronic Check,Fiber Optic,Yes,Yes,77.98,1298.62,0,1
CUST_14022,39,Female,40.0,Month-to-Month,Electronic Check,Fiber Optic,Yes,No,63.26,2545.14,2,0
CUST_14023,70,Male,14.0,Two-Year,Credit Card,Fiber Optic,No,Yes,47.03,707.84,0,0
CUST_14024,40,Female,3.0,One-Year,Mailed Check,DSL,No,No,60.73,125.63,3,0
CUST_14025,68,Female,20.0,Month-to-Month,Bank Transfer,Fiber Optic,Yes,Yes,30.41,593.71,3,0
CUST_14026,20,Female,72.0,Month-to-Month,Mailed Check,DSL,Yes,No,67.29,4823.21,1,1
CUST_14027,59,Female,38.0,One-Year,Mailed Check,DSL,No,No,26.28,1043.67,3,0
CUST_14028,51,Female,21.0,Two-Year,Electronic Check,Fiber Optic,No,Yes,67.13,1431.43,4,1
CUST_14029,49,Female,25.0,Month-to-Month,Bank Transfer,DSL,Yes,No,50.89,1314.0,3,0
CUST_14030,62,Male,64.0,Two-Year,Bank Transfer,Fiber Optic,Yes,No,62.05,3997.77,1,0
CUST_14031,68,Female,13.0,One-Year,Electronic Check,Fiber Optic,No,No,42.22,584.3,2,1
CUST_14032,66,Male,10.0,Month-to-Month,Bank Transfer,DSL,No,Yes,95.16,960.2,3,1
CUST_14033,38,Male,72.0,Two-Year,Credit Card,DSL,Yes,Yes,72.21,5213.4,2,0
CUST_14034,63,Male,48.0,One-Year,Credit Card,DSL,Yes,Yes,51.23,2474.78,3,0
CUST_14035,61,Male,9.0,Two-Year,Electronic Check,DSL,No,Yes,61.41,553.69,2,0
CUST_14036,38,Male,15.0,Month-to-Month,Electronic Check,No,Yes,Yes,97.12,1456.95,2,0
CUST_14037,61,Male,13.0,One-Year,Credit Card,Fiber Optic,Yes,No,46.0,612.25,3,0
CUST_14038,28,Female,4.0,One-Year,Electronic Check,DSL,No,Yes,42.75,184.49,1,0
CUST_14039,56,Male,72.0,Month-to-Month,Electronic Check,DSL,No,No,41.9,3023.14,4,0
CUST_14040,21,Female,12.0,One-Year,Credit Card,Fiber Optic,Yes,Yes,51.37,621.86,2,0
CUST_14041,68,Male,50.0,Month-to-Month,Electronic Check,Fiber Optic,No,Yes,94.9,4766.36,3,1
CUST_14042,18,Female,5.0,Month-to-Month,Mailed Check,DSL,No,Yes,53.8,265.17,2,1
CUST_14043,45,Female,19.0,Month-to-Month,Mailed Check,Fiber Optic,No,No,56.66,1039.92,3,1
CUST_14044,41,Female,1.0,One-Year,Credit Card,Fiber Optic,Yes,No,69.03,75.21,3,0
CUST_14045,52,Female,35.0,Two-Year,Electronic Check,DSL,No,Yes,64.38,2226.36,3,0
CUST_14046,30,Male,21.0,Month-to-Month,Credit Card,No,No,Yes,84.39,1803.35,4,1
CUST_14047,64,Female,,One-Year,Bank Transfer,No,No,Yes,81.43,1936.71,1,0
CUST_14048,51,Male,1.0,Month-to-Month,Mailed Check,Fiber Optic,No,No,71.55,56.54,2,0
CUST_14049,28,Male,6.0,Two-Year,Electronic Check,DSL,No,No,60.4,374.85,1,0
CUST_14050,53,Female,2.0,One-Year,Electronic Check,Fiber Optic,No,No,84.2,168.05,1,1
CUST_14051,68,Male,8.0,One-Year,Bank Transfer,Fiber Optic,No,Yes,49.26,429.55,2,0
CUST_14052,34,Female,24.0,One-Year,Mailed Check,DSL,No,Yes,47.98,1145.25,2,0
CUST_14053,52,Female,20.0,Month-to-Month,Credit Card,Fiber Optic,No,Yes,56.84,1127.97,1,1
CUST_14054,35,Male,23.0,Month-to-Month,Mailed Check,Fiber Optic,No,Yes,88.23,2006.39,1,0
CUST_14055,57,Male,19.0,Two-Year,Mailed Check,No,No,Yes,48.26,881.38,3,0
CUST_14056,39,Male,8.0,Month-to-Month,Mailed Check,No,No,Yes,52.99,408.13,3,0
CUST_14057,41,Female,7.0,One-Year,Bank Transfer,DSL,No,Yes,68.48,491.7,2,0
CUST_14058,36,Female,4.0,Two-Year,Mailed Check,No,No,Yes,63.87,293.99,5,0
CUST_14059,54,Male,45.0,Month-to-Month,Electronic Check,DSL,No,Yes,57.41,2608.98,2,0
CUST_14060,56,Male,23.0,Two-Year,Credit Card,Fiber Optic,No,Yes,74.34,1692.71,1,0
CUST_14061,38,Female,5.0,Two-Year,Bank Transfer,DSL,No,No,55.54,282.57,0,0
CUST_14062,25,Female,5.0,One-Year,Bank Transfer,Fiber Optic,Yes,No,86.12,431.44,1,0
CUST_14063,45,Male,50.0,Month-to-Month,Bank Transfer,Fiber Optic,Yes,Yes,69.75,3522.26,5,0
CUST_14064,22,Male,33.0,Month-to-Month,Bank Transfer,No,No,No,85.33,2855.35,3,0
CUST_14065,34,Female,26.0,Month-to-Month,Electronic Check,DSL,Yes,No,49.19,1220.54,0,1
CUST_14066,54,Male,13.0,Two-Year,Electronic Check,Fiber Optic,No,Yes,62.04,848.32,0,0
CUST_14067,53,Male,7.0,Two-Year,Credit Card,Fiber Optic,No,Yes,27.05,142.26,2,0
CUST_14068,36,Female,72.0,One-Year,Electronic Check,Fiber Optic,No,No,91.74,6613.47,2,0
CUST_14069,44,Female,38.0,Month-to-Month,Bank Transfer,No,Yes,No,110.88,4150.74,0,1
CUST_14070,70,Male,9.0,Month-to-Month,Electronic Check,DSL,Yes,Yes,59.24,563.63,0,0
CUST_14071,51,Male,45.0,One-Year,Mailed Check,DSL,Yes,Yes,72.45,3250.09,3,1
CUST_14072,28,Male,34.0,One-Year,Electronic Check,DSL,Yes,No,67.26,2307.14,4,0
CUST_14073,62,Male,8.0,Two-Year,Mailed Check,DSL,No,Yes,39.16,304.63,3,0
CUST_14074,64,Female,13.0,One-Year,Bank Transfer,DSL,Yes,No,89.95,1198.49,0,0
CUST_14075,29,Male,5.0,Two-Year,Electronic Check,DSL,Yes,Yes,59.51,247.55,1,0
CUST_14076,38,Female,3.0,One-Year,Mailed Check,No,Yes,No,24.03,90.39,2,0
CUST_14077,28,Female,31.0,One-Year,Credit Card,No,No,Yes,50.68,1583.59,4,0
CUST_14078,56,Male,7.0,Month-to-Month,Mailed Check,No,No,Yes,37.11,271.02,2,0
CUST_14079,45,Male,41.0,Two-Year,Credit Card,DSL,Yes,No,67.44,2780.45,2,0
CUST_14080,22,Female,72.0,One-Year,Credit Card,No,No,Yes,67.32,4881.09,1,0
CUST_14081,34,Female,2.0,Month-to-Month,Credit Card,Fiber Optic,No,Yes,88.72,207.05,1,1
CUST_14082,37,Female,15.0,Month-to-Month,Credit Card,No,Yes,No,101.6,1481.66,6,1
CUST_14083,58,Male,39.0,Month-to-Month,Electronic Check,No,No,Yes,103.23,4029.41,2,1
CUST_14084,63,Female,37.0,Month-to-Month,Credit Card,No,No,Yes,44.49,1656.79,2,0
CUST_14085,29,Female,34.0,Month-to-Month,Credit Card,No,Yes,Yes,77.39,2629.27,6,1
CUST_14086,23,Female,10.0,Month-to-Month,Credit Card,Fiber Optic,No,No,80.94,814.04,1,1
CUST_14087,34,Male,15.0,Month-to-Month,Electronic Check,Fiber Optic,Yes,No,54.53,832.29,2,0
CUST_14088,68,Female,22.0,Month-to-Month,Credit Card,Fiber Optic,No,No,70.74,1578.99,2,0
CUST_14089,36,Female,72.0,Two-Year,Bank Transfer,DSL,No,Yes,72.99,5272.39,1,0
CUST_14090,43,Male,10.0,Month-to-Month,Bank Transfer,Fiber Optic,No,Yes,55.3,578.91,2,1
CUST_14091,65,Male,62.0,One-Year,Electronic Check,DSL,No,Yes,90.64,5678.76,1,0
CUST_14092,61,Male,8.0,Month-to-Month,Electronic Check,DSL,Yes,No,69.7,551.38,3,1
CUST_14093,61,Male,72.0,Month-to-Month,Credit Card,DSL,Yes,No,61.57,4429.01,1,0
CUST_14094,69,Male,27.0,Month-to-Month,Mailed Check,No,No,No,40.53,1115.4,2,0
CUST_14095,49,Female,15.0,Two-Year,Mailed Check,DSL,Yes,No,88.03,1320.32,1,0
CUST_14096,23,Male,23.0,One-Year,Credit Card,DSL,Yes,Yes,66.5,1519.34,3,0
CUST_14097,53,Male,8.0,Month-to-Month,Electronic Check,DSL,No,Yes,66.57,518.92,1,1
CUST_14098,55,Female,8.0,One-Year,Mailed Check,No,Yes,No,48.08,403.49,2,0
CUST_14099,28,Male,3.0,Month-to-Month,Mailed Check,Fiber Optic,No,Yes,82.88,262.21,1,0
CUST_14100,50,Male,3.0,Two-Year,Electronic Check,Fiber Optic,Yes,Yes,42.3,182.86,2,0
CUST_14101,41,Female,10.0,Two-Year,Electronic Check,No,Yes,No,20.84,177.66,3,0
CUST_14102,40,Female,35.0,One-Year,Electronic Check,DSL,No,Yes,50.82,1748.68,3,0
CUST_14103,32,Female,22.0,One-Year,Electronic Check,DSL,Yes,Yes,71.94,1584.68,4,0
CUST_14104,44,Female,3.0,Two-Year,Bank Transfer,DSL,No,Yes,71.77,191.78,1,0
CUST_14105,28,Male,46.0,One-Year,Credit Card,Fiber Optic,Yes,No,67.81,3065.83,2,0
CUST_14106,68,Female,22.0,One-Year,Mailed Check,DSL,No,Yes,61.56,1341.67,2,0
CUST_14107,67,Male,72.0,Two-Year,Electronic Check,Fiber Optic,No,No,68.17,4973.14,4,0
CUST_14108,34,Female,27.0,One-Year,Electronic Check,DSL,Yes,Yes,120.0,3314.6,1,0
CUST_14109,68,Male,5.0,One-Year,Credit Card,DSL,No,No,70.0,366.26,3,0
CUST_14110,70,Female,15.0,Two-Year,Credit Card,DSL,No,Yes,56.55,814.84,1,0
CUST_14111,31,Female,25.0,One-Year,Electronic Check,DSL,Yes,No,62.91,1549.3,4,0
CUST_14112,44,Female,1.0,One-Year,Electronic Check,No,No,Yes,60.85,63.63,1,0
CUST_14113,35,Male,1.0,Month-to-Month,Bank Transfer,DSL,Yes,No,66.39,51.27,3,0
CUST_14114,45,Male,3.0,Month-to-Month,Bank Transfer,No,Yes,No,46.77,145.21,5,0
CUST_14115,68,Female,7.0,Month-to-Month,Mailed Check,DSL,No,Yes,80.98,568.16,1,1
CUST_14116,64,Female,13.0,Month-to-Month,Bank Transfer,DSL,Yes,Yes,70.94,885.49,5,1
CUST_14117,64,Male,16.0,Month-to-Month,Bank Transfer,Fiber Optic,No,Yes,49.22,786.05,1,1
CUST_14118,21,Female,4.0,Two-Year,Credit Card,Fiber Optic,No,No,85.4,355.49,0,1
CUST_14119,24,Female,27.0,One-Year,Electronic Check,DSL,No,Yes,26.95,716.43,2,0
CUST_14120,62,Male,22.0,One-Year,Credit Card,Fiber Optic,No,Yes,108.05,2405.5,2,0
CUST_14121,52,Female,8.0,Month-to-Month,Mailed Check,DSL,No,No,102.7,823.27,4,1
CUST_14122,65,Female,1.0,Two-Year,Bank Transfer,DSL,No,No,99.5,95.59,1,1
CUST_14123,26,Male,2.0,One-Year,Bank Transfer,No,Yes,Yes,55.07,112.0,6,0
CUST_14124,25,Male,12.0,One-Year,Mailed Check,No,,Yes,69.81,821.49,1,0
CUST_14125,69,Female,4.0,Month-to-Month,Bank Transfer,Fiber Optic,No,Yes,52.56,222.42,1,1
CUST_14126,62,Female,11.0,Month-to-Month,Mailed Check,Fiber Optic,No,Yes,73.61,783.99,3,1
CUST_14127,34,Male,24.0,One-Year,Electronic Check,DSL,No,Yes,65.37,1640.54,3,0
CUST_14128,34,Female,19.0,One-Year,Mailed Check,Fiber Optic,No,No,55.79,1120.88,3,0
CUST_14129,66,Female,6.0,Two-Year,Mailed Check,Fiber Optic,No,Yes,55.58,331.17,3,0
CUST_14130,50,Female,10.0,Two-Year,Electronic Check,No,No,Yes,66.65,683.59,1,0
CUST_14131,49,Male,23.0,Two-Year,Credit Card,No,No,Yes,120.0,2778.07,3,0
CUST_14132,25,Female,47.0,One-Year,Electronic Check,DSL,Yes,No,91.11,4300.01,1,0
CUST_14133,36,Male,34.0,Two-Year,Mailed Check,DSL,No,Yes,66.71,2288.69,4,0
CUST_14134,55,Male,19.0,Two-Year,Electronic Check,Fiber Optic,Yes,No,61.38,1188.91,0,0
CUST_14135,20,Male,11.0,Month-to-Month,Mailed Check,DSL,No,Yes,77.46,872.86,1,1
CUST_14136,22,Male,11.0,Month-to-Month,Electronic Check,DSL,Yes,Yes,52.74,556.57,1,0
CUST_14137,30,Female,51.0,Month-to-Month,Mailed Check,DSL,Yes,No,60.44,3095.79,0,0
CUST_14138,64,Male,1.0,Month-to-Month,Electronic Check,Fiber Optic,Yes,Yes,25.97,3.63,2,0
CUST_14139,63,Female,72.0,Month-to-Month,Electronic Check,No,Yes,No,66.82,4826.74,1,0
CUST_14140,48,Male,26.0,Month-to-Month,Bank Transfer,DSL,No,No,67.33,1778.67,4,0
CUST_14141,33,Male,27.0,One-Year,Bank Transfer,DSL,No,Yes,54.12,1472.49,0,0
CUST_14142,67,Female,1.0,Month-to-Month,Electronic Check,No,No,No,74.03,96.48,3,1
CUST_14143,49,Female,22.0,Month-to-Month,Electronic Check,Fiber Optic,No,No,67.49,1491.37,8,1
CUST_14144,39,Male,16.0,One-Year,Credit Card,Fiber Optic,Yes,No,54.36,925.24,3,0
CUST_14145,46,Female,3.0,Two-Year,Electronic Check,No,No,Yes,81.46,256.7,0,1
CUST_14146,39,Male,8.0,Two-Year,Credit Card,No,No,Yes,61.41,463.72,3,0
CUST_14147,60,Male,53.0,One-Year,Mailed Check,DSL,No,Yes,44.05,2320.06,0,0
CUST_14148,20,Female,19.0,Month-to-Month,Electronic Check,Fiber Optic,No,No,29.77,578.66,2,0
CUST_14149,27,Female,13.0,Month-to-Month,Bank Transfer,DSL,Yes,Yes,93.71,1257.61,4,1
CUST_14150,59,Male,2.0,Month-to-Month,Credit Card,Fiber Optic,No,Yes,67.52,147.1,3,1
CUST_14151,38,Female,30.0,Month-to-Month,Mailed Check,DSL,No,Yes,66.67,2006.87,4,0
CUST_14152,33,Female,29.0,Month-to-Month,Mailed Check,Fiber Optic,No,No,64.12,1825.94,1,0
CUST_14153,29,Male,23.0,Two-Year,Mailed Check,No,No,Yes,89.36,2112.17,2,0
CUST_14154,19,Female,17.0,Month-to-Month,Credit Card,DSL,No,Yes,67.85,1113.61,5,1
CUST_14155,58,Female,14.0,Month-to-Month,Bank Transfer,No,No,No,95.96,1297.07,1,1
CUST_14156,41,Female,22.0,Month-to-Month,Electronic Check,Fiber Optic,No,Yes,67.92,1480.13,2,0
CUST_14157,52,Male,6.0,One-Year,Electronic Check,Fiber Optic,Yes,Yes,18.0,125.78,0,0
CUST_14158,47,Female,68.0,Month-to-Month,Electronic Check,No,No,Yes,90.34,6131.12,1,1
CUST_14159,47,Male,21.0,Month-to-Month,Electronic Check,Fiber Optic,,Yes,71.31,1479.02,2,1
CUST_14160,64,Female,9.0,Month-to-Month,Electronic Check,DSL,No,Yes,54.86,469.07,2,0
CUST_14161,52,Female,14.0,Month-to-Month,Bank Transfer,Fiber Optic,No,Yes,59.87,891.21,4,1
CUST_14162,36,Male,39.0,Month-to-Month,Electronic Check,DSL,No,Yes,58.85,2305.21,0,1
CUST_14163,67,Female,4.0,Month-to-Month,Mailed Check,Fiber Optic,,No,40.17,187.56,5,0
CUST_14164,25,Female,8.0,Month-to-Month,Bank Transfer,Fiber Optic,Yes,Yes,82.54,722.04,1,1
CUST_14165,43,Female,27.0,One-Year,Electronic Check,DSL,No,Yes,56.08,1574.91,0,0
CUST_14166,66,Male,9.0,One-Year,Electronic Check,Fiber Optic,No,Yes,47.64,401.81,1,0
CUST_14167,57,Male,38.0,One-Year,Electronic Check,Fiber Optic,No,Yes,120.0,4567.49,0,0
CUST_14168,24,Female,3.0,Month-to-Month,Electronic Check,DSL,No,No,41.94,149.44,1,0
CUST_14169,47,Male,35.0,Month-to-Month,Credit Card,DSL,Yes,Yes,63.24,2216.65,1,0
CUST_14170,24,Female,2.0,Month-to-Month,Bank Transfer,Fiber Optic,Yes,Yes,18.99,17.71,5,0
CUST_14171,20,Male,1.0,Month-to-Month,Electronic Check,DSL,No,No,90.09,10.09,2,1
CUST_14172,18,Male,55.0,Month-to-Month,Mailed Check,No,No,No,59.35,3304.63,2,0
CUST_14173,53,Male,21.0,Month-to-Month,Electronic Check,Fiber Optic,Yes,No,81.34,1763.59,0,1
CUST_14174,42,Male,10.0,One-Year,Bank Transfer,DSL,Yes,No,46.13,483.4,2,0
CUST_14175,54,Female,6.0,Two-Year,Mailed Check,DSL,Yes,Yes,32.69,195.43,1,0
CUST_14176,18,Male,23.0,One-Year,Mailed Check,Fiber Optic,Yes,No,50.08,1135.26,1,0
CUST_14177,32,Male,17.0,Month-to-Month,Electronic Check,Fiber Optic,No,No,91.91,1566.36,5,1
CUST_14178,54,Male,72.0,One-Year,Electronic Check,DSL,,Yes,76.54,5550.95,3,0
CUST_14179,30,Female,72.0,Month-to-Month,Bank Transfer,DSL,No,No,32.67,2368.79,2,0
CUST_14180,57,Male,24.0,One-Year,Credit Card,Fiber Optic,,Yes,18.0,366.7,4,0
CUST_14181,25,Female,14.0,Month-to-Month,Credit Card,No,No,No,58.58,868.23,0,0
CUST_14182,22,Female,16.0,Month-to-Month,Electronic Check,DSL,Yes,Yes,86.85,1409.96,3,0
CUST_14183,26,Female,28.0,Two-Year,Bank Transfer,Fiber Optic,No,Yes,49.83,1363.08,1,0
CUST_14184,18,Female,3.0,One-Year,Bank Transfer,DSL,No,Yes,86.53,277.34,4,0
CUST_14185,53,Female,10.0,Month-to-Month,Credit Card,No,Yes,Yes,67.54,681.64,1,1
CUST_14186,52,Female,2.0,Month-to-Month,Electronic Check,Fiber Optic,No,Yes,100.06,206.25,4,1
CUST_14187,19,Male,2.0,Month-to-Month,Bank Transfer,DSL,No,Yes,51.43,72.62,2,1
CUST_14188,57,Male,5.0,Two-Year,Electronic Check,DSL,Yes,No,63.8,311.16,3,0
CUST_14189,40,Male,16.0,One-Year,Bank Transfer,Fiber Optic,Yes,No,51.9,782.04,2,0
CUST_14190,26,Female,37.0,Two-Year,Mailed Check,Fiber Optic,No,Yes,84.71,3171.05,1,0
CUST_14191,51,Female,16.0,Month-to-Month,Bank Transfer,Fiber Optic,No,No,76.82,1203.41,1,1
CUST_14192,63,Female,10.0,One-Year,Credit Card,Fiber Optic,No,Yes,31.03,343.97,2,0
CUST_14193,31,Male,2.0,One-Year,Mailed Check,Fiber Optic,Yes,No,78.84,176.11,0,0
CUST_14194,21,Female,19.0,Month-to-Month,Mailed Check,No,No,Yes,35.22,657.3,1,0
CUST_14195,47,Male,8.0,Month-to-Month,Electronic Check,No,Yes,No,,351.78,0,0
CUST_14196,48,Male,23.0,One-Year,Mailed Check,Fiber Optic,No,No,79.91,1844.21,1,0
CUST_14197,55,Male,72.0,One-Year,Mailed Check,Fiber Optic,No,Yes,39.91,2906.07,4,0
CUST_14198,28,Male,3.0,One-Year,Electronic Check,Fiber Optic,No,Yes,57.57,197.1,3,0
CUST_14199,52,Female,6.0,One-Year,Credit Card,Fiber Optic,Yes,No,80.19,498.1,0,0
CUST_14200,25,Male,15.0,One-Year,Electronic Check,Fiber Optic,Yes,No,73.3,1094.61,2,0
CUST_14201,20,Male,72.0,One-Year,Bank Transfer,Fiber Optic,Yes,Yes,72.13,5217.85,3,0
CUST_14202,31,Female,35.0,Month-to-Month,Credit Card,No,Yes,Yes,80.84,2783.12,1,1
CUST_14203,30,Female,55.0,Month-to-Month,Credit Card,Fiber Optic,Yes,No,91.14,5020.09,0,1
CUST_14204,62,Female,10.0,One-Year,Bank Transfer,DSL,No,No,40.19,402.16,3,0
CUST_14205,49,Male,72.0,Two-Year,Electronic Check,Fiber Optic,No,Yes,71.66,5122.81,1,0
CUST_14206,51,Female,3.0,Month-to-Month,Credit Card,Fiber Optic,No,No,84.29,242.38,1,1
CUST_14207,62,Female,1.0,Month-to-Month,Electronic Check,No,No,Yes,80.36,131.13,3,0
CUST_14208,36,Male,46.0,Month-to-Month,Credit Card,Fiber Optic,Yes,No,61.81,2860.39,0,0
CUST_14209,55,Female,63.0,Month-to-Month,Bank Transfer,No,No,No,60.66,3849.75,4,0
CUST_14210,33,Male,2.0,Month-to-Month,Bank Transfer,Fiber Optic,Yes,Yes,81.49,149.6,1,0
CUST_14211,19,Male,3.0,One-Year,Electronic Check,DSL,No,Yes,69.28,157.45,4,1
CUST_14212,57,Female,1.0,Month-to-Month,Bank Transfer,No,No,No,86.88,131.91,3,0
CUST_14213,34,Female,3.0,One-Year,Credit Card,Fiber Optic,No,Yes,67.2,179.62,2,0
CUST_14214,51,Male,6.0,Two-Year,Credit Card,Fiber Optic,Yes,No,57.53,335.29,2,0
CUST_14215,59,Female,72.0,Two-Year,Electronic Check,DSL,Yes,No,29.73,2100.1,1,0
CUST_14216,33,Female,26.0,Month-to-Month,Credit Card,Fiber Optic,Yes,Yes,60.39,1611.91,0,0
CUST_14217,55,Female,36.0,One-Year,Electronic Check,DSL,No,No,40.38,1463.6,1,0
CUST_14218,19,Male,36.0,Month-to-Month,Bank Transfer,Fiber Optic,No,Yes,28.41,1018.8,1,0
CUST_14219,19,Female,18.0,Month-to-Month,Bank Transfer,Fiber Optic,No,No,47.69,876.82,3,0
CUST_14220,43,Male,38.0,One-Year,Electronic Check,Fiber Optic,Yes,No,79.06,2993.18,0,0
CUST_14221,30,Female,22.0,One-Year,Electronic Check,No,No,No,60.16,1305.38,2,0
CUST_14222,64,Male,9.0,Month-to-Month,Bank Transfer,Fiber Optic,No,Yes,68.56,581.61,2,0
CUST_14223,48,Male,20.0,Two-Year,Mailed Check,Fiber Optic,Yes,Yes,78.47,1530.12,4,0
CUST_14224,51,Female,18.0,Two-Year,Electronic Check,DSL,Yes,Yes,64.28,1189.17,2,0
CUST_14225,56,Male,42.0,One-Year,Bank Transfer,Fiber Optic,No,Yes,51.24,2190.11,0,0
CUST_14226,20,Male,72.0,One-Year,Credit Card,Fiber Optic,No,Yes,56.08,3986.89,2,0
CUST_14227,25,Male,13.0,Month-to-Month,Bank Transfer,Fiber Optic,Yes,No,80.45,1044.31,2,0
CUST_14228,40,Female,35.0,One-Year,Electronic Check,DSL,Yes,Yes,64.48,2259.97,4,0
CUST_14229,31,Male,3.0,Month-to-Month,Electronic Check,DSL,No,Yes,18.0,34.5,2,0
CUST_14230,44,Female,36.0,Two-Year,Bank Transfer,Fiber Optic,Yes,Yes,57.94,2061.39,1,0
CUST_14231,46,Male,11.0,Month-to-Month,Bank Transfer,Fiber Optic,Yes,Yes,75.63,834.97,4,1
CUST_14232,56,Male,1.0,Month-to-Month,Bank Transfer,DSL,,No,68.66,47.76,4,1
CUST_14233,70,Male,11.0,One-Year,Credit Card,DSL,No,Yes,44.59,491.45,2,0
CUST_14234,56,Male,23.0,Month-to-Month,Mailed Check,Fiber Optic,No,Yes,50.08,1119.43,0,0
CUST_14235,18,Male,3.0,Month-to-Month,Electronic Check,Fiber Optic,No,Yes,26.03,60.58,3,1
CUST_14236,34,Male,62.0,Month-to-Month,Credit Card,Fiber Optic,No,Yes,75.99,4703.08,2,0
CUST_14237,58,Female,2.0,Two-Year,Mailed Check,DSL,No,Yes,77.44,144.86,1,0
CUST_14238,47,Female,64.0,Month-to-Month,Bank Transfer,No,No,No,62.33,4023.5,2,0
CUST_14239,70,Male,29.0,Month-to-Month,Credit Card,Fiber Optic,Yes,No,57.99,1665.14,1,0
CUST_14240,30,Male,10.0,Month-to-Month,Credit Card,Fiber Optic,Yes,Yes,43.37,461.98,3,1
CUST_14241,38,Female,12.0,Month-to-Month,Bank Transfer,Fiber Optic,Yes,Yes,71.65,770.53,1,0
CUST_14242,36,Male,32.0,Month-to-Month,Electronic Check,Fiber Optic,No,No,32.16,1029.18,1,1
CUST_14243,70,Male,22.0,One-Year,Credit Card,Fiber Optic,No,Yes,80.54,1709.04,4,0
CUST_14244,36,Female,27.0,Month-to-Month,Bank Transfer,No,Yes,Yes,76.58,2104.66,0,1
CUST_14245,42,Female,12.0,Month-to-Month,Mailed Check,Fiber Optic,No,Yes,88.36,1121.06,5,0
CUST_14246,39,Female,16.0,Month-to-Month,Bank Transfer,DSL,Yes,No,66.01,1055.08,4,0
CUST_14247,48,Male,72.0,Month-to-Month,Mailed Check,Fiber Optic,Yes,No,54.6,3982.87,1,0
CUST_14248,34,Male,6.0,Month-to-Month,Credit Card,No,No,Yes,73.64,417.93,4,1
CUST_14249,40,Female,13.0,One-Year,Mailed Check,DSL,No,Yes,80.62,1077.53,0,0
CUST_14250,49,Male,8.0,Month-to-Month,Credit Card,Fiber Optic,Yes,No,41.85,360.17,1,0
CUST_14251,27,Female,35.0,Month-to-Month,Credit Card,No,Yes,No,63.62,2222.1,1,0
CUST_14252,27,Female,35.0,One-Year,Credit Card,Fiber Optic,Yes,No,70.31,2460.58,2,0
CUST_14253,53,Male,8.0,Month-to-Month,Bank Transfer,DSL,No,No,74.63,607.01,0,0
CUST_14254,25,Female,2.0,One-Year,Credit Card,No,No,No,57.95,122.08,5,0
CUST_14255,69,Female,1.0,Month-to-Month,Mailed Check,Fiber Optic,No,Yes,77.62,87.94,4,1
CUST_14256,37,Female,13.0,Month-to-Month,Electronic Check,DSL,No,Yes,45.8,659.58,0,0
CUST_14257,49,Male,13.0,Two-Year,Credit Card,No,No,Yes,105.36,1429.83,1,0
CUST_14258,67,Male,72.0,Month-to-Month,Mailed Check,No,No,Yes,52.51,3806.17,0,0
CUST_14259,31,Male,15.0,Two-Year,Electronic Check,DSL,No,No,73.16,1159.44,1,0
CUST_14260,67,Male,7.0,One-Year,Electronic Check,Fiber Optic,Yes,No,53.95,344.78,3,0
CUST_14261,45,Female,,One-Year,Electronic Check,DSL,No,No,66.96,3573.58,3,0
CUST_14262,63,Male,16.0,Two-Year,Bank Transfer,DSL,No,No,43.42,720.58,2,0
CUST_14263,69,Male,22.0,Two-Year,Bank Transfer,DSL,No,Yes,86.51,1890.87,3,0
CUST_14264,70,Male,2.0,One-Year,Electronic Check,No,Yes,No,48.65,161.99,2,1
CUST_14265,41,Female,12.0,One-Year,Credit Card,Fiber Optic,Yes,Yes,66.63,848.09,0,0
CUST_14266,32,Male,69.0,Month-to-Month,Electronic Check,Fiber Optic,Yes,No,63.72,4412.76,2,0
CUST_14267,39,Male,21.0,Month-to-Month,Bank Transfer,DSL,Yes,Yes,50.97,1049.12,0,0
CUST_14268,47,Male,10.0,Month-to-Month,Mailed Check,No,No,Yes,18.0,133.92,2,0
CUST_14269,21,Female,24.0,Month-to-Month,Bank Transfer,DSL,No,Yes,86.19,2037.57,2,1
CUST_14270,30,Male,58.0,Two-Year,Mailed Check,No,No,Yes,67.89,3986.79,1,0
CUST_14271,40,Female,8.0,Month-to-Month,Electronic Check,No,No,Yes,30.19,233.33,3,1
CUST_14272,25,Female,17.0,Month-to-Month,Credit Card,No,No,Yes,,489.0,1,0
CUST_14273,35,Male,72.0,One-Year,Electronic Check,No,No,Yes,,4227.28,1,1
CUST_14274,29,Female,5.0,Month-to-Month,Credit Card,No,No,No,63.35,256.01,2,0
CUST_14275,48,Male,31.0,Month-to-Month,Bank Transfer,No,No,No,60.7,1873.88,0,0
CUST_14276,31,Female,23.0,One-Year,Mailed Check,DSL,No,No,,2130.5,1,0
CUST_14277,51,Female,27.0,One-Year,Bank Transfer,Fiber Optic,No,No,31.61,878.45,2,0
CUST_14278,35,Male,10.0,One-Year,Electronic Check,Fiber Optic,No,Yes,69.25,719.14,1,0
CUST_14279,51,Male,9.0,Month-to-Month,Mailed Check,Fiber Optic,No,No,77.91,695.65,1,1
CUST_14280,28,Male,28.0,Month-to-Month,Credit Card,Fiber Optic,Yes,Yes,77.49,2215.94,2,1
CUST_14281,58,Female,6.0,One-Year,Electronic Check,Fiber Optic,Yes,Yes,82.88,529.74,4,0
CUST_14282,29,Male,13.0,Month-to-Month,Bank Transfer,No,Yes,No,67.34,862.58,3,0
CUST_14283,66,Female,5.0,One-Year,Mailed Check,DSL,No,Yes,69.92,365.97,1,0
CUST_14284,32,Male,1.0,Two-Year,Bank Transfer,Fiber Optic,No,Yes,58.4,34.64,1,1
CUST_14285,48,Female,72.0,Month-to-Month,Electronic Check,DSL,Yes,No,34.81,2496.24,4,0
CUST_14286,66,Male,14.0,Month-to-Month,Mailed Check,DSL,No,No,71.58,1020.4,1,1
CUST_14287,46,Female,72.0,Month-to-Month,Credit Card,Fiber Optic,Yes,No,56.95,4102.16,3,0
CUST_14288,43,Male,4.0,One-Year,Electronic Check,No,No,Yes,,157.98,1,0
CUST_14289,35,Female,21.0,Month-to-Month,Bank Transfer,Fiber Optic,Yes,No,72.45,1533.94,0,0
CUST_14290,49,Male,5.0,Month-to-Month,Bank Transfer,DSL,No,No,74.23,361.59,4,0
CUST_14291,39,Male,37.0,Two-Year,Bank Transfer,Fiber Optic,No,No,,1859.02,1,0
CUST_14292,55,Male,37.0,Month-to-Month,Bank Transfer,DSL,No,No,70.0,2557.15,2,0
CUST_14293,34,Female,3.0,Month-to-Month,Mailed Check,No,Yes,Yes,63.38,184.34,0,0
CUST_14294,40,Male,58.0,One-Year,Electronic Check,Fiber Optic,No,Yes,68.8,3998.05,3,1
CUST_14295,41,Female,5.0,Month-to-Month,Credit Card,No,No,No,90.07,443.42,3,1
CUST_14296,67,Male,23.0,One-Year,Credit Card,Fiber Optic,No,No,73.85,1707.74,1,0
CUST_14297,25,Female,72.0,One-Year,Electronic Check,DSL,No,Yes,72.34,5200.63,0,0
CUST_14298,58,Female,51.0,Month-to-Month,Mailed Check,No,No,No,47.3,2430.04,0,0
CUST_14299,23,Female,72.0,Two-Year,Bank Transfer,No,No,Yes,50.11,3603.51,1,0
CUST_14300,22,Male,10.0,Month-to-Month,Credit Card,Fiber Optic,No,Yes,74.63,697.23,4,1
CUST_14301,61,Male,3.0,Two-Year,Credit Card,Fiber Optic,No,Yes,33.25,63.77,1,0
CUST_14302,46,Male,5.0,Month-to-Month,Credit Card,DSL,No,Yes,57.87,273.57,4,1
CUST_14303,45,Male,17.0,Month-to-Month,Electronic Check,Fiber Optic,No,Yes,49.73,883.22,2,0
CUST_14304,28,Female,38.0,Month-to-Month,Credit Card,DSL,No,No,62.16,2333.42,1,0
CUST_14305,18,Female,4.0,Month-to-Month,Credit Card,DSL,Yes,Yes,60.69,254.55,1,0
CUST_14306,60,Female,26.0,One-Year,Mailed Check,DSL,No,Yes,67.61,1770.06,5,0
CUST_14307,36,Male,9.0,One-Year,Mailed Check,Fiber Optic,No,No,74.3,632.19,1,0
CUST_14308,26,Female,10.0,One-Year,Mailed Check,DSL,Yes,Yes,84.33,835.21,4,0
CUST_14309,44,Male,26.0,Month-to-Month,Bank Transfer,No,Yes,No,85.84,2236.48,1,1
CUST_14310,51,Female,15.0,Month-to-Month,Electronic Check,DSL,No,No,60.26,895.51,0,0
CUST_14311,61,Male,40.0,One-Year,Electronic Check,DSL,No,Yes,53.18,2144.21,1,0
CUST_14312,21,Male,4.0,Month-to-Month,Electronic Check,Fiber Optic,Yes,No,49.24,212.82,5,1
CUST_14313,53,Male,37.0,One-Year,Mailed Check,Fiber Optic,Yes,No,58.55,2172.7,3,0
CUST_14314,35,Female,2.0,One-Year,Electronic Check,Fiber Optic,No,No,45.24,118.01,2,0
CUST_14315,32,Female,5.0,Month-to-Month,Bank Transfer,DSL,Yes,Yes,74.39,371.84,0,0
CUST_14316,68,Male,26.0,One-Year,Electronic Check,Fiber Optic,No,Yes,85.47,2225.62,1,0
CUST_14317,30,Male,46.0,One-Year,Credit Card,DSL,No,Yes,34.51,1595.94,4,0
CUST_14318,36,Male,7.0,One-Year,Credit Card,DSL,No,No,65.19,423.38,1,0
CUST_14319,66,Female,,Month-to-Month,Credit Card,DSL,Yes,No,96.12,978.61,2,0
CUST_14320,23,Male,18.0,Month-to-Month,Bank Transfer,Fiber Optic,Yes,No,35.37,618.26,1,0
CUST_14321,65,Female,6.0,Month-to-Month,Electronic Check,DSL,No,Yes,94.54,560.85,0,0
CUST_14322,29,Female,40.0,Month-to-Month,Mailed Check,DSL,No,Yes,47.8,1928.4,0,0
CUST_14323,68,Female,36.0,Month-to-Month,Electronic Check,Fiber Optic,Yes,Yes,52.86,1916.36,1,1
CUST_14324,54,Male,4.0,Two-Year,Credit Card,Fiber Optic,No,Yes,77.35,266.77,0,0
CUST_14325,34,Female,15.0,One-Year,Electronic Check,DSL,No,No,75.15,1084.89,6,0
CUST_14326,40,Female,36.0,One-Year,Bank Transfer,Fiber Optic,No,Yes,62.89,2234.16,2,0
CUST_14327,43,Male,10.0,Month-to-Month,Bank Transfer,Fiber Optic,No,Yes,49.73,503.34,2,0
CUST_14328,46,Female,24.0,Two-Year,Credit Card,Fiber Optic,Yes,No,40.12,1002.08,0,0
CUST_14329,50,Female,1.0,Month-to-Month,Bank Transfer,Fiber Optic,Yes,Yes,63.47,49.02,5,1
CUST_14330,44,Male,23.0,One-Year,Bank Transfer,No,Yes,No,60.75,1369.0,1,0
CUST_14331,42,Male,4.0,Two-Year,Mailed Check,DSL,Yes,Yes,49.15,168.49,3,0
CUST_14332,27,Male,43.0,One-Year,Bank Transfer,DSL,No,No,59.89,2588.38,3,0
CUST_14333,64,Female,11.0,Two-Year,Electronic Check,No,No,Yes,70.02,802.48,3,0
CUST_14334,40,Male,8.0,One-Year,Credit Card,DSL,Yes,Yes,86.4,721.73,3,0
CUST_14335,38,Female,44.0,Month-to-Month,Mailed Check,DSL,No,No,68.9,3011.35,1,0
CUST_14336,38,Female,1.0,Month-to-Month,Electronic Check,Fiber Optic,No,No,61.49,15.97,3,1
CUST_14337,60,Female,12.0,Month-to-Month,Credit Card,DSL,No,Yes,48.53,584.87,1,0
CUST_14338,30,Male,11.0,Month-to-Month,Mailed Check,Fiber Optic,No,No,50.11,595.67,1,1
CUST_14339,54,Female,8.0,One-Year,Credit Card,Fiber Optic,No,No,69.33,567.6,2,0
CUST_14340,50,Male,58.0,Month-to-Month,Credit Card,Fiber Optic,No,Yes,70.41,4043.05,5,0
CUST_14341,41,Male,33.0,Two-Year,Credit Card,Fiber Optic,Yes,No,60.56,1996.46,1,0
CUST_14342,61,Female,2.0,Month-to-Month,Electronic Check,Fiber Optic,Yes,Yes,83.1,135.91,0,0
CUST_14343,28,Male,30.0,Month-to-Month,Electronic Check,Fiber Optic,No,Yes,66.18,1995.3,1,0
CUST_14344,34,Female,18.0,Two-Year,Credit Card,No,No,Yes,55.27,993.57,1,0
CUST_14345,21,Male,55.0,Month-to-Month,Credit Card,Fiber Optic,Yes,Yes,51.9,2846.32,6,1
CUST_14346,64,Male,9.0,One-Year,Mailed Check,No,No,Yes,50.56,436.12,2,0
CUST_14347,42,Male,20.0,One-Year,Mailed Check,DSL,Yes,Yes,74.6,1504.78,2,0
CUST_14348,47,Female,17.0,Month-to-Month,Electronic Check,DSL,No,Yes,52.57,929.51,0,0
CUST_14349,26,Female,16.0,Month-to-Month,Credit Card,Fiber Optic,No,No,67.15,1122.95,4,1
CUST_14350,38,Female,15.0,Month-to-Month,Electronic Check,No,No,No,48.03,732.85,4,0
CUST_14351,37,Male,6.0,One-Year,Electronic Check,Fiber Optic,No,Yes,61.66,408.08,4,1
CUST_14352,36,Male,34.0,One-Year,Bank Transfer,DSL,No,Yes,63.91,2142.6,3,0
CUST_14353,36,Female,14.0,Month-to-Month,Electronic Check,DSL,Yes,No,112.28,1561.86,4,1
CUST_14354,29,Male,72.0,One-Year,Credit Card,Fiber Optic,No,Yes,38.86,2769.17,1,0
CUST_14355,54,Male,7.0,Month-to-Month,Electronic Check,Fiber Optic,Yes,Yes,81.17,553.54,3,1
CUST_14356,59,Female,28.0,One-Year,Electronic Check,Fiber Optic,No,Yes,49.63,1358.87,4,0
CUST_14357,34,Male,68.0,Two-Year,Mailed Check,No,No,No,91.99,6304.18,1,0
CUST_14358,54,Female,26.0,Two-Year,Mailed Check,No,No,Yes,51.04,1315.86,1,0
CUST_14359,65,Female,49.0,One-Year,Electronic Check,No,No,Yes,85.72,4196.04,2,1
CUST_14360,56,Male,42.0,Month-to-Month,Mailed Check,Fiber Optic,No,No,69.43,2869.68,2,1
CUST_14361,45,Male,11.0,Two-Year,Mailed Check,Fiber Optic,Yes,Yes,38.37,361.85,2,0
CUST_14362,58,Male,22.0,Month-to-Month,Credit Card,Fiber Optic,No,Yes,68.97,1568.33,1,1
CUST_14363,52,Female,4.0,One-Year,Electronic Check,No,Yes,No,75.31,294.07,2,0
CUST_14364,64,Female,18.0,Month-to-Month,Credit Card,Fiber Optic,Yes,Yes,76.75,1450.32,1,0
CUST_14365,65,Male,6.0,Two-Year,Bank Transfer,Fiber Optic,Yes,No,60.26,357.05,2,0
CUST_14366,35,Male,33.0,One-Year,Electronic Check,No,No,Yes,116.89,3820.05,2,0
CUST_14367,31,Female,18.0,One-Year,Electronic Check,DSL,No,Yes,103.92,1871.21,2,0
CUST_14368,52,Female,13.0,Month-to-Month,Mailed Check,DSL,Yes,Yes,71.76,935.1,4,0
CUST_14369,61,Male,8.0,One-Year,Electronic Check,Fiber Optic,Yes,No,38.68,313.75,3,1
CUST_14370,58,Male,72.0,One-Year,Electronic Check,DSL,No,Yes,44.99,3237.19,1,0
CUST_14371,24,Male,2.0,One-Year,Electronic Check,No,No,Yes,59.62,73.83,4,1
CUST_14372,58,Female,1.0,Month-to-Month,Bank Transfer,DSL,No,No,63.08,17.04,0,0
CUST_14373,30,Female,6.0,Month-to-Month,Bank Transfer,Fiber Optic,No,No,48.48,325.79,1,0
CUST_14374,35,Male,72.0,Month-to-Month,Electronic Check,Fiber Optic,No,Yes,54.13,3956.37,2,0
CUST_14375,54,Female,72.0,Month-to-Month,Mailed Check,Fiber Optic,No,Yes,25.22,1807.22,2,0
CUST_14376,30,Male,26.0,Month-to-Month,Bank Transfer,DSL,No,Yes,21.77,511.14,4,1
CUST_14377,53,Male,51.0,Month-to-Month,Electronic Check,Fiber Optic,No,Yes,65.28,3365.39,1,1
CUST_14378,48,Male,6.0,Month-to-Month,Credit Card,DSL,No,No,96.85,555.67,1,0
CUST_14379,19,Female,72.0,Month-to-Month,Bank Transfer,DSL,No,No,33.98,2456.99,1,0
CUST_14380,33,Male,4.0,Month-to-Month,Credit Card,DSL,No,Yes,60.73,227.19,3,0
CUST_14381,26,Female,3.0,Two-Year,Electronic Check,Fiber Optic,Yes,Yes,64.63,179.06,6,0
CUST_14382,26,Male,3.0,Month-to-Month,Credit Card,DSL,No,No,72.46,191.49,3,1
CUST_14383,55,Male,20.0,Month-to-Month,Bank Transfer,DSL,No,No,54.79,1137.7,2,1
CUST_14384,28,Male,36.0,Month-to-Month,Bank Transfer,Fiber Optic,No,Yes,43.0,1561.56,3,1
CUST_14385,39,Female,11.0,One-Year,Mailed Check,No,No,Yes,77.92,867.05,2,0
CUST_14386,50,Male,72.0,Two-Year,Electronic Check,Fiber Optic,No,Yes,25.92,1867.38,1,0
CUST_14387,53,Female,14.0,Month-to-Month,Credit Card,DSL,Yes,No,72.64,1028.51,2,0
CUST_14388,62,Male,,Month-to-Month,Bank Transfer,Fiber Optic,Yes,Yes,48.92,160.14,0,0
CUST_14389,40,Male,15.0,Two-Year,Electronic Check,DSL,No,No,69.88,1063.88,2,0
CUST_14390,62,Male,27.0,Month-to-Month,Electronic Check,DSL,,Yes,88.21,2417.95,1,1
CUST_14391,62,Male,43.0,Month-to-Month,Electronic Check,Fiber Optic,No,No,51.27,2211.2,1,0
CUST_14392,51,Male,15.0,Month-to-Month,Bank Transfer,DSL,No,Yes,57.64,890.59,1,0
CUST_14393,26,Male,22.0,Month-to-Month,Bank Transfer,DSL,No,Yes,56.59,1232.78,1,0
CUST_14394,41,Female,7.0,Two-Year,Mailed Check,DSL,No,Yes,110.57,786.27,0,0
CUST_14395,25,Female,25.0,Month-to-Month,Electronic Check,Fiber Optic,Yes,Yes,62.44,1549.38,2,0
CUST_14396,24,Male,72.0,Two-Year,Mailed Check,Fiber Optic,No,Yes,61.52,4380.03,2,0
CUST_14397,53,Male,1.0,Two-Year,Mailed Check,DSL,No,No,63.27,56.22,3,0
CUST_14398,35,Male,52.0,One-Year,Electronic Check,Fiber Optic,No,Yes,92.06,4820.9,3,0
CUST_14399,20,Male,20.0,Month-to-Month,Electronic Check,DSL,Yes,Yes,52.24,1004.78,3,0
CUST_14400,45,Male,7.0,Month-to-Month,Electronic Check,Fiber Optic,Yes,Yes,80.87,615.05,3,1
CUST_14401,23,Female,72.0,Month-to-Month,Credit Card,Fiber Optic,Yes,Yes,49.82,3570.49,3,0
CUST_14402,61,Male,16.0,Month-to-Month,Bank Transfer,No,No,Yes,48.43,791.76,3,0
CUST_14403,61,Male,10.0,One-Year,Credit Card,DSL,No,Yes,72.42,769.75,3,0
CUST_14404,38,Male,5.0,Month-to-Month,Electronic Check,DSL,No,Yes,89.28,501.23,4,0
CUST_14405,45,Male,7.0,Two-Year,Credit Card,No,Yes,Yes,57.33,449.56,0,0
CUST_14406,57,Female,43.0,Month-to-Month,Bank Transfer,DSL,Yes,Yes,57.19,2436.41,0,0
CUST_14407,18,Male,23.0,One-Year,Mailed Check,DSL,Yes,Yes,77.7,1821.42,1,0
CUST_14408,53,Male,59.0,Two-Year,Electronic Check,No,No,Yes,64.79,3804.81,1,0
CUST_14409,38,Female,6.0,Month-to-Month,Bank Transfer,DSL,No,No,78.6,443.42,3,0
CUST_14410,60,Male,3.0,Month-to-Month,Credit Card,DSL,No,Yes,32.49,79.87,2,0
CUST_14411,52,Female,1.0,Month-to-Month,Electronic Check,Fiber Optic,Yes,Yes,44.21,82.15,5,1
CUST_14412,30,Female,17.0,Month-to-Month,Electronic Check,No,Yes,No,63.77,1069.99,3,1
CUST_14413,66,Male,72.0,Month-to-Month,Bank Transfer,Fiber Optic,Yes,Yes,74.04,5307.52,1,0
CUST_14414,27,Female,28.0,Month-to-Month,Credit Card,Fiber Optic,No,Yes,62.4,1795.24,0,1
CUST_14415,70,Male,9.0,Month-to-Month,Bank Transfer,Fiber Optic,No,Yes,66.6,595.31,2,0
CUST_14416,61,Female,50.0,Two-Year,Electronic Check,Fiber Optic,No,No,77.13,3876.11,0,0
CUST_14417,64,Male,37.0,Month-to-Month,Mailed Check,Fiber Optic,No,No,40.07,1454.36,6,1
CUST_14418,70,Male,1.0,Month-to-Month,Mailed Check,No,No,No,77.13,65.27,5,1
CUST_14419,27,Female,41.0,Month-to-Month,Credit Card,DSL,Yes,No,86.01,3520.35,3,0
CUST_14420,63,Female,9.0,Month-to-Month,Bank Transfer,Fiber Optic,Yes,No,58.14,505.9,2,0
CUST_14421,30,Female,4.0,Month-to-Month,Bank Transfer,DSL,Yes,No,47.78,188.68,4,0
CUST_14422,54,Female,6.0,Two-Year,Electronic Check,DSL,No,Yes,82.78,470.01,4,0
CUST_14423,55,Male,15.0,Month-to-Month,Credit Card,DSL,No,Yes,99.39,1488.58,0,0
CUST_14424,41,Male,13.0,Month-to-Month,Bank Transfer,Fiber Optic,No,No,67.96,917.68,1,1
CUST_14425,19,Male,8.0,Month-to-Month,Credit Card,No,Yes,No,47.34,328.54,2,0
CUST_14426,39,Male,5.0,Month-to-Month,Bank Transfer,Fiber Optic,No,Yes,64.88,320.45,1,0
CUST_14427,34,Male,34.0,Month-to-Month,Credit Card,Fiber Optic,Yes,Yes,48.33,1628.79,1,0
CUST_14428,53,Female,72.0,One-Year,Credit Card,Fiber Optic,Yes,No,79.32,5693.7,2,0
CUST_14429,31,Male,36.0,Month-to-Month,Electronic Check,DSL,No,Yes,63.99,2362.22,3,0
CUST_14430,27,Male,8.0,Month-to-Month,Credit Card,DSL,,Yes,46.44,414.91,1,0
CUST_14431,52,Male,7.0,One-Year,Electronic Check,Fiber Optic,No,No,68.99,468.24,2,0
CUST_14432,42,Female,6.0,Month-to-Month,Bank Transfer,Fiber Optic,No,Yes,51.89,270.68,1,0
CUST_14433,20,Female,4.0,Month-to-Month,Credit Card,DSL,Yes,Yes,38.7,200.43,4,0
CUST_14434,64,Female,19.0,Two-Year,Electronic Check,DSL,Yes,No,80.19,1535.64,1,0
CUST_14435,55,Male,22.0,Month-to-Month,Bank Transfer,Fiber Optic,Yes,Yes,70.97,1526.69,2,1
CUST_14436,34,Female,29.0,One-Year,Bank Transfer,No,Yes,No,55.62,1585.66,1,0
CUST_14437,29,Male,27.0,Month-to-Month,Bank Transfer,No,Yes,No,90.44,2445.04,0,0
CUST_14438,69,Female,8.0,Month-to-Month,Credit Card,Fiber Optic,No,No,50.07,453.21,1,0
CUST_14439,41,Female,10.0,Month-to-Month,Bank Transfer,DSL,Yes,No,56.31,552.07,0,1
CUST_14440,46,Male,27.0,Month-to-Month,Credit Card,Fiber Optic,No,Yes,72.5,1971.12,1,0
CUST_14441,60,Male,10.0,Month-to-Month,Electronic Check,DSL,No,Yes,82.53,807.57,4,1
CUST_14442,42,Female,6.0,Month-to-Month,Electronic Check,Fiber Optic,Yes,No,72.82,451.14,0,1
CUST_14443,53,Male,11.0,Two-Year,Mailed Check,Fiber Optic,No,Yes,53.72,542.02,2,0
CUST_14444,43,Female,8.0,One-Year,Bank Transfer,DSL,No,Yes,60.25,501.16,3,0
CUST_14445,55,Male,2.0,Month-to-Month,Electronic Check,No,No,No,52.09,111.43,2,0
CUST_14446,18,Male,43.0,One-Year,Bank Transfer,Fiber Optic,Yes,No,58.35,2484.3,1,0
CUST_14447,37,Male,46.0,Two-Year,Mailed Check,Fiber Optic,No,No,59.87,2653.48,2,0
CUST_14448,45,Male,6.0,One-Year,Bank Transfer,Fiber Optic,Yes,No,73.33,488.74,3,0
CUST_14449,33,Male,2.0,Month-to-Month,Electronic Check,DSL,No,No,51.2,50.21,1,0
CUST_14450,64,Male,32.0,Two-Year,Bank Transfer,DSL,Yes,No,84.1,2729.05,2,0
CUST_14451,34,Female,6.0,Month-to-Month,Bank Transfer,DSL,No,Yes,64.5,362.21,4,1
CUST_14452,57,Male,12.0,Month-to-Month,Credit Card,DSL,No,Yes,47.92,586.47,1,0
CUST_14453,45,Female,2.0,Month-to-Month,Bank Transfer,DSL,No,No,72.77,163.98,0,0
CUST_14454,29,Female,6.0,Two-Year,Bank Transfer,DSL,Yes,Yes,62.6,425.26,7,0
CUST_14455,44,Female,38.0,Two-Year,Credit Card,DSL,Yes,No,55.8,2087.88,2,0
CUST_14456,70,Male,39.0,Two-Year,Bank Transfer,DSL,No,No,93.33,3638.69,1,0
CUST_14457,59,Male,6.0,Month-to-Month,Electronic Check,No,No,No,58.75,323.58,1,1
CUST_14458,64,Male,10.0,Two-Year,Credit Card,Fiber Optic,No,No,55.92,527.87,2,0
CUST_14459,47,Female,3.0,Month-to-Month,Bank Transfer,Fiber Optic,No,No,84.21,255.43,3,0
CUST_14460,58,Female,2.0,Month-to-Month,Mailed Check,Fiber Optic,Yes,Yes,75.08,175.37,4,1
CUST_14461,51,Male,72.0,Month-to-Month,Bank Transfer,No,No,Yes,80.09,5841.06,3,0
CUST_14462,54,Male,26.0,Month-to-Month,Credit Card,Fiber Optic,Yes,Yes,53.74,1390.64,2,0
CUST_14463,23,Female,19.0,One-Year,Credit Card,Fiber Optic,Yes,Yes,69.4,1316.5,6,0
CUST_14464,24,Male,35.0,Month-to-Month,Credit Card,No,No,Yes,37.27,1304.3,4,1
CUST_14465,49,Female,44.0,Two-Year,Electronic Check,No,No,No,26.59,1174.87,1,0
CUST_14466,49,Female,39.0,Month-to-Month,Mailed Check,No,Yes,Yes,53.18,2081.57,3,0
CUST_14467,70,Female,1.0,Month-to-Month,Electronic Check,Fiber Optic,Yes,Yes,65.94,31.28,1,0
CUST_14468,42,Male,5.0,Two-Year,Electronic Check,No,No,Yes,113.0,482.37,1,0
CUST_14469,50,Male,26.0,Month-to-Month,Credit Card,Fiber Optic,Yes,Yes,90.0,2331.9,3,0
CUST_14470,24,Female,11.0,One-Year,Mailed Check,Fiber Optic,No,Yes,43.13,533.25,2,0
CUST_14471,69,Female,72.0,One-Year,Bank Transfer,Fiber Optic,Yes,Yes,82.51,5942.9,1,0
CUST_14472,29,Male,26.0,Month-to-Month,Bank Transfer,DSL,Yes,No,38.09,986.36,2,0
CUST_14473,33,Male,72.0,One-Year,Bank Transfer,Fiber Optic,No,Yes,95.66,6886.86,6,0
CUST_14474,33,Female,5.0,Month-to-Month,Electronic Check,DSL,No,Yes,54.89,253.48,1,1
CUST_14475,60,Female,48.0,Two-Year,Electronic Check,No,Yes,Yes,53.51,2565.5,3,0
CUST_14476,70,Female,9.0,Month-to-Month,Mailed Check,Fiber Optic,No,No,85.4,769.96,1,0
CUST_14477,53,Female,72.0,Month-to-Month,Mailed Check,Fiber Optic,Yes,No,53.82,3876.24,2,0
CUST_14478,30,Male,4.0,Month-to-Month,Credit Card,Fiber Optic,No,No,99.97,403.23,0,1
CUST_14479,24,Male,,Month-to-Month,Credit Card,No,No,No,53.6,914.28,1,0
CUST_14480,53,Female,38.0,One-Year,Mailed Check,Fiber Optic,No,Yes,82.75,3142.64,2,1
CUST_14481,64,Female,14.0,Two-Year,Credit Card,Fiber Optic,No,Yes,67.32,976.55,2,0
CUST_14482,68,Male,15.0,One-Year,Electronic Check,Fiber Optic,No,Yes,,1235.53,2,0
CUST_14483,26,Male,72.0,Month-to-Month,Bank Transfer,No,No,No,44.85,3178.52,1,0
CUST_14484,49,Female,13.0,Two-Year,Electronic Check,Fiber Optic,No,Yes,28.33,351.61,2,0
CUST_14485,28,Male,22.0,Month-to-Month,Bank Transfer,Fiber Optic,No,No,46.23,950.5,2,0
CUST_14486,25,Male,1.0,One-Year,Mailed Check,Fiber Optic,No,Yes,56.92,71.86,2,0
CUST_14487,50,Female,44.0,One-Year,Electronic Check,No,Yes,Yes,61.0,2721.41,0,0
CUST_14488,40,Female,25.0,Month-to-Month,Electronic Check,Fiber Optic,No,Yes,55.32,1386.34,3,0
CUST_14489,42,Female,12.0,Two-Year,Mailed Check,DSL,No,No,22.27,270.9,2,0
CUST_14490,25,Male,1.0,Month-to-Month,Bank Transfer,Fiber Optic,Yes,Yes,52.23,34.94,2,1
CUST_14491,62,Female,21.0,One-Year,Electronic Check,No,No,No,65.79,1387.23,3,1
CUST_14492,39,Female,1.0,One-Year,Bank Transfer,DSL,No,Yes,60.13,57.88,1,0
CUST_14493,21,Female,1.0,Two-Year,Bank Transfer,DSL,No,Yes,57.51,90.03,1,0
CUST_14494,57,Female,23.0,Two-Year,Bank Transfer,Fiber Optic,Yes,Yes,55.8,1344.6,2,0
CUST_14495,20,Male,5.0,Month-to-Month,Bank Transfer,Fiber Optic,No,Yes,66.13,377.38,3,1
CUST_14496,46,Male,5.0,One-Year,Electronic Check,Fiber Optic,No,Yes,44.06,288.28,1,0
CUST_14497,58,Male,25.0,Month-to-Month,Bank Transfer,DSL,Yes,Yes,60.09,1521.87,3,0
CUST_14498,46,Male,1.0,Month-to-Month,Credit Card,No,No,Yes,56.85,66.97,3,0
CUST_14499,51,Female,9.0,Two-Year,Bank Transfer,Fiber Optic,No,No,40.02,359.71,1,0
CUST_14500,51,Female,4.0,Two-Year,Bank Transfer,No,No,Yes,61.37,256.64,1,0
CUST_14501,45,Female,21.0,Two-Year,Bank Transfer,Fiber Optic,No,Yes,25.28,541.03,2,0
CUST_14502,30,Female,26.0,Month-to-Month,Electronic Check,No,No,No,51.42,1376.65,0,1
CUST_14503,32,Male,31.0,Two-Year,Bank Transfer,Fiber Optic,Yes,No,71.74,2218.62,3,0
CUST_14504,40,Male,7.0,Two-Year,Credit Card,Fiber Optic,No,Yes,73.24,481.29,1,0
CUST_14505,61,Male,2.0,Month-to-Month,Electronic Check,DSL,No,No,65.26,129.61,3,1
CUST_14506,43,Male,2.0,Month-to-Month,Credit Card,DSL,No,No,69.5,111.3,2,1
CUST_14507,21,Male,13.0,One-Year,Electronic Check,DSL,Yes,Yes,77.4,999.77,1,0
CUST_14508,43,Female,70.0,One-Year,Mailed Check,DSL,,Yes,67.09,4644.57,4,0
CUST_14509,57,Female,6.0,Two-Year,Credit Card,DSL,Yes,Yes,88.53,532.27,2,1
CUST_14510,26,Male,7.0,Month-to-Month,Credit Card,Fiber Optic,No,Yes,22.57,131.52,2,0
CUST_14511,22,Male,3.0,One-Year,Credit Card,Fiber Optic,Yes,No,81.5,266.86,2,0
CUST_14512,49,Female,22.0,One-Year,Credit Card,Fiber Optic,No,Yes,21.51,461.87,2,0
CUST_14513,37,Male,27.0,Month-to-Month,Mailed Check,DSL,No,Yes,52.47,1359.23,3,0
CUST_14514,67,Female,25.0,Two-Year,Bank Transfer,DSL,Yes,No,79.61,1978.06,4,1
CUST_14515,28,Female,47.0,Month-to-Month,Mailed Check,DSL,No,No,77.4,3635.3,2,0
CUST_14516,32,Female,16.0,Month-to-Month,Mailed Check,DSL,Yes,Yes,45.6,739.58,2,0
CUST_14517,49,Male,3.0,Month-to-Month,Mailed Check,Fiber Optic,No,No,64.04,208.05,4,0
CUST_14518,45,Female,8.0,Month-to-Month,Bank Transfer,DSL,No,No,53.09,400.54,2,0
CUST_14519,39,Male,26.0,One-Year,Mailed Check,Fiber Optic,Yes,No,81.95,2107.85,1,0
CUST_14520,58,Female,23.0,Two-Year,Credit Card,DSL,Yes,Yes,63.45,1458.48,1,0
CUST_14521,34,Male,18.0,Month-to-Month,Bank Transfer,Fiber Optic,,Yes,52.04,945.84,1,0
CUST_14522,43,Male,28.0,Month-to-Month,Electronic Check,DSL,No,Yes,,2048.1,2,0
CUST_14523,61,Female,24.0,Month-to-Month,Bank Transfer,DSL,No,Yes,76.58,1866.46,0,1
CUST_14524,24,Female,51.0,One-Year,Mailed Check,Fiber Optic,Yes,Yes,61.1,3065.82,0,0
CUST_14525,59,Female,21.0,Two-Year,Mailed Check,DSL,No,No,78.07,1668.58,2,0
CUST_14526,43,Female,36.0,One-Year,Credit Card,Fiber Optic,Yes,Yes,96.23,3488.84,4,1
CUST_14527,42,Female,7.0,One-Year,Mailed Check,Fiber Optic,No,Yes,23.39,189.23,4,1
CUST_14528,27,Male,27.0,One-Year,Credit Card,DSL,No,No,89.12,2399.57,1,0
CUST_14529,62,Female,56.0,Month-to-Month,Bank Transfer,No,No,Yes,93.64,5251.48,2,0
CUST_14530,36,Female,12.0,One-Year,Bank Transfer,Fiber Optic,No,No,73.98,902.54,1,1
CUST_14531,28,Female,36.0,One-Year,Bank Transfer,Fiber Optic,Yes,No,58.75,2109.47,2,0
CUST_14532,30,Female,31.0,One-Year,Electronic Check,DSL,Yes,No,33.83,1077.27,2,0
CUST_14533,70,Male,1.0,Two-Year,Electronic Check,DSL,Yes,Yes,65.85,30.4,5,0
CUST_14534,25,Female,21.0,One-Year,Electronic Check,Fiber Optic,Yes,No,56.95,1217.54,0,0
CUST_14535,57,Male,3.0,One-Year,Mailed Check,No,No,No,37.18,126.38,3,0
CUST_14536,21,Male,72.0,Two-Year,Electronic Check,DSL,Yes,No,51.87,3780.23,6,0
CUST_14537,64,Female,40.0,Two-Year,Credit Card,Fiber Optic,No,No,64.2,2626.16,2,0
CUST_14538,48,Male,3.0,One-Year,Mailed Check,Fiber Optic,No,Yes,70.39,205.42,2,0
CUST_14539,45,Female,3.0,Month-to-Month,Bank Transfer,DSL,No,Yes,44.51,179.67,3,0
CUST_14540,28,Male,22.0,Month-to-Month,Electronic Check,DSL,Yes,No,18.0,405.1,0,0
CUST_14541,60,Male,,One-Year,Electronic Check,Fiber Optic,Yes,No,59.89,608.85,1,0
CUST_14542,18,Female,1.0,Month-to-Month,Electronic Check,No,Yes,No,46.64,58.5,1,0
CUST_14543,66,Female,19.0,Month-to-Month,Bank Transfer,Fiber Optic,No,Yes,56.27,1028.98,1,1
CUST_14544,64,Female,12.0,Month-to-Month,Mailed Check,DSL,No,Yes,24.06,322.78,3,0
CUST_14545,69,Female,3.0,One-Year,Mailed Check,Fiber Optic,No,Yes,58.58,134.11,2,0
CUST_14546,55,Female,39.0,Month-to-Month,Bank Transfer,No,No,No,72.45,2840.68,3,0
CUST_14547,41,Male,59.0,Month-to-Month,Bank Transfer,DSL,No,No,56.13,3236.5,1,0
CUST_14548,64,Male,34.0,Month-to-Month,Electronic Check,Fiber Optic,Yes,Yes,67.07,2273.87,1,0
CUST_14549,48,Male,41.0,One-Year,Bank Transfer,No,No,No,59.12,2423.61,5,1
CUST_14550,58,Female,6.0,Month-to-Month,Bank Transfer,Fiber Optic,Yes,Yes,25.58,172.66,2,0
CUST_14551,63,Female,7.0,Month-to-Month,Bank Transfer,DSL,Yes,Yes,66.62,509.86,2,0
CUST_14552,67,Male,6.0,One-Year,Electronic Check,No,No,Yes,49.31,293.59,2,1
CUST_14553,43,Female,35.0,One-Year,Mailed Check,DSL,No,No,38.51,1310.46,3,0
CUST_14554,66,Female,71.0,Month-to-Month,Electronic Check,No,No,No,78.56,5564.32,5,0
CUST_14555,67,Male,30.0,One-Year,Credit Card,No,Yes,Yes,70.39,2118.79,3,0
CUST_14556,22,Male,51.0,Month-to-Month,Mailed Check,No,No,Yes,52.76,2695.4,0,0
CUST_14557,37,Female,24.0,One-Year,Credit Card,Fiber Optic,Yes,No,61.9,1433.43,2,0
CUST_14558,69,Female,12.0,Month-to-Month,Mailed Check,Fiber Optic,No,Yes,68.21,803.15,1,0
CUST_14559,58,Female,13.0,Month-to-Month,Electronic Check,DSL,Yes,No,31.03,387.39,3,0
CUST_14560,28,Male,2.0,One-Year,Mailed Check,DSL,Yes,No,42.19,78.15,2,0
CUST_14561,50,Female,1.0,One-Year,Electronic Check,DSL,No,Yes,43.14,61.15,0,0
CUST_14562,67,Male,29.0,Month-to-Month,Credit Card,Fiber Optic,No,Yes,74.95,2149.88,2,0
CUST_14563,55,Male,14.0,Month-to-Month,Credit Card,No,No,Yes,96.31,1380.34,1,0
CUST_14564,44,Female,19.0,Two-Year,Bank Transfer,No,Yes,Yes,76.82,1481.74,2,0
CUST_14565,51,Male,20.0,One-Year,Bank Transfer,Fiber Optic,,No,67.35,1284.25,0,0
CUST_14566,32,Female,8.0,Month-to-Month,Bank Transfer,Fiber Optic,No,Yes,44.46,343.14,1,1
CUST_14567,49,Male,16.0,One-Year,Credit Card,Fiber Optic,No,No,79.81,1283.32,1,1
CUST_14568,38,Female,,Month-to-Month,Electronic Check,Fiber Optic,Yes,Yes,57.75,911.57,1,0
CUST_14569,63,Female,12.0,Month-to-Month,Bank Transfer,DSL,Yes,No,44.77,501.28,0,0
CUST_14570,22,Male,41.0,Month-to-Month,Bank Transfer,No,,Yes,79.45,3205.72,3,0
CUST_14571,23,Female,14.0,Month-to-Month,Credit Card,Fiber Optic,No,No,91.6,1289.1,2,0
CUST_14572,55,Male,22.0,Month-to-Month,Credit Card,DSL,No,No,79.77,1724.73,2,0
CUST_14573,39,Female,54.0,Month-to-Month,Credit Card,DSL,No,Yes,112.57,6076.58,3,0
CUST_14574,35,Male,48.0,Month-to-Month,Bank Transfer,Fiber Optic,No,Yes,49.83,2369.96,2,0
CUST_14575,31,Male,53.0,Month-to-Month,Electronic Check,DSL,No,No,55.62,2975.49,3,0
CUST_14576,27,Male,8.0,Month-to-Month,Mailed Check,DSL,Yes,Yes,47.39,401.41,1,0
CUST_14577,63,Male,1.0,Month-to-Month,Bank Transfer,No,No,Yes,47.26,29.07,1,0
CUST_14578,30,Female,7.0,One-Year,Bank Transfer,DSL,Yes,No,92.94,695.91,2,0
CUST_14579,48,Male,8.0,Month-to-Month,Electronic Check,DSL,Yes,Yes,,344.63,3,0
CUST_14580,47,Male,58.0,One-Year,Mailed Check,Fiber Optic,No,Yes,54.05,3144.82,0,0
CUST_14581,20,Male,25.0,Month-to-Month,Electronic Check,Fiber Optic,No,No,90.22,2235.63,2,1
CUST_14582,47,Male,2.0,Month-to-Month,Credit Card,Fiber Optic,No,No,72.72,123.33,1,1
CUST_14583,23,Female,3.0,One-Year,Electronic Check,Fiber Optic,Yes,Yes,44.68,180.03,1,1
CUST_14584,46,Female,4.0,Two-Year,Bank Transfer,Fiber Optic,Yes,Yes,63.39,257.04,1,0
CUST_14585,25,Male,24.0,Month-to-Month,Electronic Check,Fiber Optic,No,No,31.03,751.53,3,0
CUST_14586,61,Female,32.0,Month-to-Month,Mailed Check,DSL,Yes,Yes,60.98,1936.02,1,0
CUST_14587,62,Female,47.0,One-Year,Credit Card,DSL,No,No,66.53,3135.09,1,0
CUST_14588,60,Male,68.0,Two-Year,Electronic Check,Fiber Optic,Yes,Yes,67.82,4612.3,1,0
CUST_14589,61,Female,5.0,Two-Year,Electronic Check,Fiber Optic,No,No,102.55,512.21,2,0
CUST_14590,50,Female,9.0,Month-to-Month,Electronic Check,DSL,No,Yes,79.86,768.26,0,1
CUST_14591,34,Female,7.0,Month-to-Month,Mailed Check,Fiber Optic,Yes,No,41.59,295.14,2,0
CUST_14592,65,Female,11.0,One-Year,Bank Transfer,Fiber Optic,No,Yes,67.17,704.91,5,1
CUST_14593,28,Male,59.0,One-Year,Electronic Check,DSL,Yes,Yes,63.69,3772.66,1,0
CUST_14594,30,Female,21.0,One-Year,Bank Transfer,Fiber Optic,Yes,Yes,102.31,2137.47,2,0
CUST_14595,67,Female,32.0,Two-Year,Electronic Check,Fiber Optic,No,Yes,56.17,1767.02,4,0
CUST_14596,28,Male,16.0,One-Year,Credit Card,Fiber Optic,,Yes,67.61,1060.31,0,0
CUST_14597,48,Female,1.0,Month-to-Month,Credit Card,Fiber Optic,Yes,No,70.34,103.03,4,0
CUST_14598,45,Male,2.0,Month-to-Month,Credit Card,No,No,No,43.6,56.36,2,0
CUST_14599,61,Female,19.0,One-Year,Credit Card,Fiber Optic,Yes,Yes,34.51,626.36,2,0
CUST_14600,23,Female,30.0,Month-to-Month,Mailed Check,DSL,Yes,Yes,60.47,1815.98,0,0
CUST_14601,58,Male,6.0,Month-to-Month,Mailed Check,DSL,No,No,78.34,460.2,1,0
CUST_14602,33,Male,31.0,Month-to-Month,Bank Transfer,Fiber Optic,No,Yes,38.74,1171.52,3,0
CUST_14603,21,Female,40.0,Month-to-Month,Electronic Check,Fiber Optic,No,Yes,63.0,2547.6,3,1
CUST_14604,52,Male,13.0,Month-to-Month,Electronic Check,No,No,Yes,51.61,658.26,2,1
CUST_14605,65,Male,33.0,Two-Year,Electronic Check,No,No,Yes,26.28,828.39,0,0
CUST_14606,43,Male,12.0,Month-to-Month,Mailed Check,Fiber Optic,No,Yes,69.66,844.88,4,1
CUST_14607,29,Male,27.0,Month-to-Month,Bank Transfer,Fiber Optic,Yes,No,73.18,2000.29,1,0
CUST_14608,28,Male,35.0,Month-to-Month,Electronic Check,DSL,No,Yes,78.41,2758.46,4,1
CUST_14609,54,Male,72.0,Month-to-Month,Electronic Check,Fiber Optic,,No,80.66,5827.27,2,0
CUST_14610,42,Male,10.0,Two-Year,Bank Transfer,Fiber Optic,No,Yes,63.02,649.45,0,0
CUST_14611,35,Female,13.0,Two-Year,Electronic Check,Fiber Optic,No,Yes,73.01,941.1,2,0
CUST_14612,36,Female,4.0,Month-to-Month,Credit Card,Fiber Optic,Yes,Yes,68.76,261.12,3,1
CUST_14613,40,Male,5.0,One-Year,Electronic Check,Fiber Optic,Yes,No,18.0,69.85,0,0
CUST_14614,55,Male,28.0,Month-to-Month,Bank Transfer,DSL,No,Yes,35.0,979.79,3,0
CUST_14615,35,Female,60.0,Two-Year,Mailed Check,DSL,Yes,Yes,50.19,2962.32,2,0
CUST_14616,43,Male,12.0,Month-to-Month,Electronic Check,DSL,No,Yes,66.05,757.95,2,1
CUST_14617,23,Male,5.0,Month-to-Month,Mailed Check,Fiber Optic,No,Yes,70.35,391.61,1,1
CUST_14618,21,Male,8.0,One-Year,Mailed Check,Fiber Optic,No,Yes,78.04,651.22,5,0
CUST_14619,61,Female,15.0,Two-Year,Credit Card,DSL,No,Yes,78.49,1182.0,2,0
CUST_14620,68,Female,8.0,Month-to-Month,Bank Transfer,Fiber Optic,Yes,Yes,68.72,595.59,0,1
CUST_14621,46,Female,6.0,One-Year,Electronic Check,Fiber Optic,No,No,74.84,460.51,4,0
CUST_14622,51,Female,32.0,Month-to-Month,Electronic Check,Fiber Optic,No,Yes,95.66,3061.95,2,0
CUST_14623,34,Female,1.0,Two-Year,Electronic Check,Fiber Optic,No,No,73.22,32.6,6,1
CUST_14624,60,Male,,Month-to-Month,Electronic Check,No,Yes,Yes,64.33,1213.95,2,1
CUST_14625,60,Female,38.0,Two-Year,Mailed Check,DSL,Yes,Yes,74.16,2847.46,2,0
CUST_14626,70,Male,7.0,Month-to-Month,Credit Card,Fiber Optic,No,No,81.31,585.98,4,0
CUST_14627,33,Female,22.0,Month-to-Month,Mailed Check,DSL,Yes,No,95.99,2170.5,0,1
CUST_14628,19,Female,27.0,Two-Year,Bank Transfer,Fiber Optic,Yes,No,43.1,1164.42,2,0
CUST_14629,51,Female,26.0,Two-Year,Bank Transfer,Fiber Optic,No,No,32.21,760.68,1,0
CUST_14630,25,Male,14.0,One-Year,Credit Card,Fiber Optic,No,No,69.15,979.65,1,0
CUST_14631,30,Male,10.0,Month-to-Month,Electronic Check,DSL,No,Yes,36.09,287.43,1,1
CUST_14632,59,Female,43.0,Month-to-Month,Bank Transfer,Fiber Optic,No,Yes,60.02,2566.49,4,0
CUST_14633,25,Female,34.0,Month-to-Month,Credit Card,Fiber Optic,,Yes,101.22,3468.28,3,1
CUST_14634,47,Female,9.0,Month-to-Month,Electronic Check,Fiber Optic,Yes,No,65.07,636.15,1,1
CUST_14635,49,Male,3.0,One-Year,Electronic Check,Fiber Optic,No,No,,164.83,1,0
CUST_14636,53,Female,2.0,Month-to-Month,Credit Card,DSL,Yes,No,56.99,125.94,3,0
CUST_14637,64,Female,2.0,One-Year,Bank Transfer,No,No,Yes,95.1,237.47,2,0
CUST_14638,47,Female,21.0,One-Year,Electronic Check,DSL,No,No,73.47,1545.76,1,0
CUST_14639,18,Female,1.0,Month-to-Month,Bank Transfer,DSL,Yes,Yes,55.64,37.16,1,0
CUST_14640,60,Female,10.0,One-Year,Mailed Check,No,No,No,94.6,1001.41,3,0
CUST_14641,56,Female,34.0,One-Year,Mailed Check,Fiber Optic,No,Yes,68.7,2365.56,2,0
CUST_14642,34,Female,8.0,One-Year,Mailed Check,Fiber Optic,Yes,No,56.7,455.6,2,0
CUST_14643,37,Female,35.0,Month-to-Month,Electronic Check,Fiber Optic,No,Yes,23.24,767.54,1,0
CUST_14644,41,Male,33.0,One-Year,Bank Transfer,Fiber Optic,No,Yes,67.75,2225.06,5,0
CUST_14645,67,Male,7.0,Month-to-Month,Bank Transfer,Fiber Optic,No,No,55.97,369.89,4,1
CUST_14646,39,Female,31.0,Month-to-Month,Credit Card,Fiber Optic,No,No,58.71,1768.47,1,0
CUST_14647,46,Female,33.0,One-Year,Electronic Check,Fiber Optic,No,Yes,57.58,1940.62,2,0
CUST_14648,39,Female,12.0,One-Year,Credit Card,DSL,Yes,No,28.39,357.87,3,0
CUST_14649,61,Male,6.0,Month-to-Month,Electronic Check,No,Yes,No,116.28,676.38,6,1
CUST_14650,26,Male,18.0,One-Year,Mailed Check,Fiber Optic,No,Yes,51.12,902.61,2,0
CUST_14651,54,Female,61.0,Two-Year,Credit Card,Fiber Optic,No,Yes,78.37,4766.82,2,0
CUST_14652,27,Female,24.0,Month-to-Month,Mailed Check,DSL,Yes,Yes,60.62,1424.93,4,0
CUST_14653,53,Male,5.0,Two-Year,Electronic Check,Fiber Optic,Yes,Yes,18.0,175.42,2,0
CUST_14654,54,Male,28.0,One-Year,Electronic Check,Fiber Optic,No,No,62.04,1715.64,2,0
CUST_14655,45,Female,13.0,One-Year,Mailed Check,Fiber Optic,No,Yes,67.39,866.41,4,0
CUST_14656,45,Male,21.0,Month-to-Month,Bank Transfer,DSL,No,No,54.1,1115.47,1,0
CUST_14657,59,Female,32.0,Month-to-Month,Credit Card,No,No,No,94.02,2954.87,3,1
CUST_14658,60,Male,17.0,Two-Year,Bank Transfer,DSL,No,No,100.84,1677.3,1,0
CUST_14659,38,Female,40.0,Month-to-Month,Credit Card,Fiber Optic,No,No,70.74,2861.39,0,0
CUST_14660,41,Female,31.0,Month-to-Month,Bank Transfer,Fiber Optic,No,No,73.47,2267.79,1,0
CUST_14661,59,Female,23.0,One-Year,Credit Card,Fiber Optic,No,Yes,41.95,977.29,4,0
CUST_14662,57,Male,4.0,Month-to-Month,Electronic Check,No,Yes,No,41.87,181.19,5,1
CUST_14663,19,Female,43.0,One-Year,Credit Card,DSL,No,No,51.91,2245.91,2,0
CUST_14664,25,Male,66.0,One-Year,Mailed Check,Fiber Optic,No,Yes,105.0,6909.19,3,0
CUST_14665,65,Male,4.0,Two-Year,Credit Card,DSL,No,No,54.03,266.8,1,0
CUST_14666,44,Female,16.0,One-Year,Electronic Check,Fiber Optic,No,Yes,91.34,1489.08,1,0
CUST_14667,39,Female,7.0,Month-to-Month,Bank Transfer,No,No,Yes,50.55,368.13,1,0
CUST_14668,54,Female,34.0,Month-to-Month,Bank Transfer,No,,No,45.76,1563.37,1,0
CUST_14669,44,Male,31.0,One-Year,Credit Card,Fiber Optic,No,No,54.99,1663.37,0,0
CUST_14670,46,Male,4.0,Month-to-Month,Bank Transfer,DSL,Yes,No,54.48,242.8,2,0
CUST_14671,20,Male,50.0,Two-Year,Mailed Check,DSL,No,Yes,50.49,2520.54,2,0
CUST_14672,61,Female,5.0,One-Year,Bank Transfer,Fiber Optic,No,No,96.23,456.84,2,0
CUST_14673,30,Female,38.0,Month-to-Month,Mailed Check,DSL,No,No,63.92,2398.33,1,0
CUST_14674,62,Female,15.0,Two-Year,Electronic Check,DSL,Yes,Yes,61.02,944.77,2,0
CUST_14675,27,Female,10.0,Month-to-Month,Electronic Check,Fiber Optic,No,Yes,65.51,613.2,0,1
CUST_14676,53,Male,4.0,Month-to-Month,Electronic Check,DSL,No,No,83.3,321.22,2,1
CUST_14677,26,Male,4.0,One-Year,Mailed Check,DSL,Yes,Yes,65.5,266.8,2,0
CUST_14678,44,Male,26.0,Two-Year,Credit Card,Fiber Optic,Yes,Yes,71.11,1844.42,2,0
CUST_14679,51,Male,19.0,Month-to-Month,Credit Card,Fiber Optic,Yes,Yes,85.35,1634.14,2,0
CUST_14680,68,Male,3.0,Month-to-Month,Electronic Check,DSL,No,No,43.62,166.1,2,1
CUST_14681,18,Female,3.0,Month-to-Month,Electronic Check,Fiber Optic,No,Yes,48.25,163.31,1,1
CUST_14682,49,Male,2.0,Month-to-Month,Electronic Check,No,Yes,Yes,67.17,136.28,0,0
CUST_14683,42,Female,33.0,Month-to-Month,Electronic Check,Fiber Optic,No,Yes,50.84,1664.33,0,0
CUST_14684,46,Male,30.0,Month-to-Month,Electronic Check,Fiber Optic,Yes,Yes,60.36,1767.8,1,0
CUST_14685,24,Female,1.0,One-Year,Mailed Check,Fiber Optic,No,Yes,42.94,41.01,1,0
CUST_14686,66,Female,20.0,Two-Year,Bank Transfer,DSL,,Yes,47.74,943.56,2,0
CUST_14687,20,Female,2.0,Month-to-Month,Bank Transfer,DSL,No,Yes,87.21,190.26,2,1
CUST_14688,37,Male,56.0,Month-to-Month,Mailed Check,Fiber Optic,Yes,Yes,57.66,3224.88,3,0
CUST_14689,37,Female,57.0,Two-Year,Electronic Check,Fiber Optic,No,No,55.82,3212.93,1,0
CUST_14690,70,Female,29.0,One-Year,Bank Transfer,No,No,Yes,48.46,1392.13,2,0
CUST_14691,47,Male,63.0,Two-Year,Credit Card,Fiber Optic,No,No,47.29,2962.48,1,0
CUST_14692,52,Male,40.0,Month-to-Month,Electronic Check,Fiber Optic,No,No,44.25,1782.69,4,1
CUST_14693,52,Male,42.0,Month-to-Month,Electronic Check,Fiber Optic,No,Yes,39.18,1648.79,1,0
CUST_14694,66,Female,20.0,Month-to-Month,Electronic Check,Fiber Optic,Yes,Yes,50.92,1029.8,0,1
CUST_14695,56,Female,9.0,One-Year,Electronic Check,Fiber Optic,Yes,No,62.69,560.26,0,0
CUST_14696,44,Female,6.0,Month-to-Month,Mailed Check,Fiber Optic,Yes,No,77.81,467.64,2,1
CUST_14697,43,Male,,One-Year,Electronic Check,Fiber Optic,No,Yes,63.31,624.21,1,0
CUST_14698,31,Male,24.0,Month-to-Month,Mailed Check,No,No,Yes,44.85,1080.39,2,0
CUST_14699,34,Female,5.0,Month-to-Month,Electronic Check,Fiber Optic,No,Yes,54.17,307.94,2,1
CUST_14700,35,Male,7.0,One-Year,Bank Transfer,DSL,No,No,52.96,355.45,1,0
CUST_14701,62,Female,15.0,Month-to-Month,Electronic Check,DSL,No,No,51.78,758.52,3,0
CUST_14702,69,Female,6.0,One-Year,Bank Transfer,Fiber Optic,No,Yes,57.43,354.17,0,0
CUST_14703,46,Male,21.0,Month-to-Month,Electronic Check,DSL,Yes,Yes,82.79,1733.03,1,0
CUST_14704,37,Female,62.0,Month-to-Month,Electronic Check,Fiber Optic,No,Yes,78.48,4908.14,1,0
CUST_14705,70,Male,33.0,Month-to-Month,Credit Card,Fiber Optic,Yes,No,,3219.68,4,1
CUST_14706,44,Female,26.0,Month-to-Month,Bank Transfer,No,,Yes,47.14,1251.3,3,1
CUST_14707,35,Male,21.0,Month-to-Month,Electronic Check,DSL,Yes,No,42.66,924.22,0,0
CUST_14708,21,Female,16.0,One-Year,Bank Transfer,No,No,Yes,57.62,902.23,3,0
CUST_14709,18,Male,5.0,Two-Year,Bank Transfer,No,No,No,88.33,445.03,2,1
CUST_14710,67,Male,54.0,Month-to-Month,Mailed Check,Fiber Optic,Yes,Yes,22.91,1257.46,1,0
CUST_14711,18,Female,7.0,Month-to-Month,Mailed Check,Fiber Optic,No,No,67.28,471.1,0,0
CUST_14712,43,Male,2.0,Two-Year,Credit Card,Fiber Optic,Yes,Yes,58.23,89.55,5,0
CUST_14713,62,Female,33.0,Month-to-Month,Electronic Check,No,No,No,77.47,2584.36,2,0
CUST_14714,37,Male,5.0,Month-to-Month,Mailed Check,No,No,Yes,73.4,361.76,2,0
CUST_14715,69,Female,11.0,Month-to-Month,Electronic Check,DSL,No,No,77.38,860.25,1,0
CUST_14716,40,Male,1.0,One-Year,Bank Transfer,Fiber Optic,Yes,Yes,74.8,92.27,3,0
CUST_14717,27,Female,4.0,Month-to-Month,Credit Card,Fiber Optic,No,Yes,120.0,525.38,2,1
CUST_14718,28,Male,5.0,One-Year,Credit Card,No,No,Yes,100.69,509.58,1,0
CUST_14719,58,Male,1.0,Month-to-Month,Bank Transfer,No,No,Yes,81.51,21.03,2,1
CUST_14720,58,Male,26.0,Month-to-Month,Credit Card,Fiber Optic,No,Yes,55.3,1443.27,2,0
CUST_14721,22,Female,44.0,Month-to-Month,Bank Transfer,Fiber Optic,Yes,Yes,57.49,2538.0,2,0
CUST_14722,18,Male,11.0,One-Year,Bank Transfer,Fiber Optic,No,Yes,87.98,917.73,0,0
CUST_14723,34,Female,50.0,One-Year,Credit Card,Fiber Optic,No,Yes,,4482.17,3,0
CUST_14724,39,Female,6.0,Month-to-Month,Electronic Check,No,No,Yes,47.98,208.45,3,0
CUST_14725,51,Male,9.0,Month-to-Month,Bank Transfer,DSL,No,Yes,25.02,242.57,2,0
CUST_14726,62,Female,4.0,One-Year,Bank Transfer,DSL,Yes,Yes,28.36,67.51,2,0
CUST_14727,58,Male,23.0,Two-Year,Credit Card,Fiber Optic,No,Yes,88.45,2066.41,5,0
CUST_14728,46,Male,13.0,Month-to-Month,Credit Card,Fiber Optic,Yes,No,92.21,1215.67,1,0
CUST_14729,21,Female,23.0,One-Year,Credit Card,Fiber Optic,No,Yes,65.35,1547.29,1,0
CUST_14730,22,Female,,Month-to-Month,Credit Card,DSL,No,No,71.48,2445.87,5,0
CUST_14731,28,Female,19.0,Month-to-Month,Mailed Check,DSL,Yes,Yes,100.65,1922.98,1,1
CUST_14732,68,Male,24.0,Month-to-Month,Electronic Check,Fiber Optic,No,No,105.28,2516.89,1,1
CUST_14733,38,Male,66.0,One-Year,Electronic Check,Fiber Optic,No,Yes,78.59,5134.88,4,0
CUST_14734,52,Male,9.0,Month-to-Month,Mailed Check,Fiber Optic,No,No,64.57,646.54,0,0
CUST_14735,29,Female,11.0,Two-Year,Mailed Check,Fiber Optic,No,Yes,56.35,605.33,2,0
CUST_14736,43,Female,30.0,One-Year,Mailed Check,DSL,No,Yes,59.37,1791.23,2,0
CUST_14737,68,Female,23.0,Two-Year,Mailed Check,DSL,No,Yes,49.51,1114.03,4,0
CUST_14738,36,Male,5.0,Month-to-Month,Credit Card,Fiber Optic,Yes,Yes,78.03,357.96,1,0
CUST_14739,62,Male,11.0,Month-to-Month,Mailed Check,No,No,Yes,62.37,687.86,4,0
CUST_14740,24,Male,15.0,Two-Year,Credit Card,DSL,No,Yes,48.61,741.63,0,0
CUST_14741,64,Male,13.0,One-Year,Credit Card,Fiber Optic,No,No,87.58,1191.26,0,0
CUST_14742,24,Male,5.0,Two-Year,Mailed Check,Fiber Optic,No,Yes,76.06,410.48,2,0
CUST_14743,43,Female,62.0,Month-to-Month,Mailed Check,No,No,Yes,70.15,4357.74,3,1
CUST_14744,57,Female,34.0,Month-to-Month,Bank Transfer,DSL,No,No,61.79,2099.06,4,0
CUST_14745,22,Female,16.0,One-Year,Bank Transfer,Fiber Optic,No,No,74.14,1196.58,4,0
CUST_14746,38,Male,27.0,Month-to-Month,Electronic Check,DSL,No,Yes,58.03,1558.97,2,1
CUST_14747,31,Male,55.0,One-Year,Electronic Check,Fiber Optic,No,No,120.0,6607.77,2,1
CUST_14748,21,Female,4.0,Month-to-Month,Electronic Check,No,No,Yes,110.65,418.73,1,1
CUST_14749,40,Male,7.0,Month-to-Month,Electronic Check,No,No,Yes,48.65,323.93,1,1
CUST_14750,59,Female,19.0,Month-to-Month,Electronic Check,DSL,No,Yes,59.81,1134.85,2,0
CUST_14751,37,Male,39.0,Month-to-Month,Electronic Check,DSL,No,Yes,47.03,1843.88,6,0
CUST_14752,32,Male,1.0,Month-to-Month,Bank Transfer,Fiber Optic,No,Yes,27.49,23.93,2,0
CUST_14753,67,Female,72.0,One-Year,Credit Card,DSL,Yes,Yes,99.14,7143.87,3,0
CUST_14754,69,Male,15.0,Month-to-Month,Bank Transfer,DSL,No,Yes,62.0,902.63,1,0
CUST_14755,62,Female,11.0,Month-to-Month,Credit Card,DSL,No,Yes,43.12,438.29,3,0
CUST_14756,46,Female,8.0,Two-Year,Bank Transfer,DSL,Yes,No,30.34,241.22,1,0
CUST_14757,25,Male,5.0,Month-to-Month,Bank Transfer,No,Yes,No,69.46,296.7,1,1
CUST_14758,58,Male,38.0,Month-to-Month,Mailed Check,Fiber Optic,Yes,No,72.17,2768.26,2,1
CUST_14759,65,Female,72.0,One-Year,Electronic Check,Fiber Optic,No,No,73.23,5231.32,3,0
CUST_14760,36,Female,13.0,Two-Year,Credit Card,DSL,No,No,86.4,1111.48,1,0
CUST_14761,65,Male,72.0,Month-to-Month,Credit Card,No,No,No,82.93,5986.05,4,0
CUST_14762,56,Female,42.0,Month-to-Month,Mailed Check,No,No,Yes,39.25,1675.98,4,0
CUST_14763,63,Male,16.0,One-Year,Electronic Check,DSL,No,Yes,43.23,710.94,3,0
CUST_14764,45,Male,27.0,Month-to-Month,Bank Transfer,No,No,Yes,84.49,2295.79,2,1
CUST_14765,63,Male,14.0,One-Year,Electronic Check,DSL,Yes,Yes,52.64,814.13,0,0
CUST_14766,44,Male,20.0,Two-Year,Electronic Check,Fiber Optic,No,Yes,35.67,681.8,2,0
CUST_14767,21,Male,1.0,Two-Year,Credit Card,DSL,No,Yes,37.53,46.94,3,0
CUST_14768,32,Female,29.0,Month-to-Month,Mailed Check,Fiber Optic,Yes,No,83.74,2447.45,3,0
CUST_14769,52,Male,1.0,Month-to-Month,Bank Transfer,Fiber Optic,No,Yes,83.39,94.09,0,1
CUST_14770,54,Male,41.0,Two-Year,Credit Card,Fiber Optic,Yes,Yes,67.56,2756.03,1,0
CUST_14771,18,Male,42.0,Month-to-Month,Mailed Check,Fiber Optic,Yes,Yes,46.14,1954.23,2,0
CUST_14772,20,Female,6.0,Month-to-Month,Mailed Check,Fiber Optic,Yes,No,63.74,396.69,1,0
CUST_14773,64,Female,9.0,One-Year,Electronic Check,Fiber Optic,No,Yes,61.81,593.62,0,0
CUST_14774,41,Male,16.0,Month-to-Month,Electronic Check,Fiber Optic,Yes,Yes,56.19,913.24,2,1
CUST_14775,44,Male,22.0,Month-to-Month,Bank Transfer,Fiber Optic,Yes,No,78.68,1673.96,3,0
CUST_14776,57,Male,8.0,Two-Year,Mailed Check,DSL,Yes,No,55.4,466.88,7,0
CUST_14777,53,Male,22.0,Month-to-Month,Electronic Check,DSL,No,No,,1655.56,2,0
CUST_14778,51,Male,8.0,Month-to-Month,Electronic Check,No,No,No,71.68,567.73,2,1
CUST_14779,46,Male,1.0,Month-to-Month,Mailed Check,No,No,Yes,36.17,1.87,1,0
CUST_14780,41,Male,1.0,One-Year,Mailed Check,Fiber Optic,No,No,104.87,108.96,2,0
CUST_14781,41,Female,3.0,Month-to-Month,Bank Transfer,DSL,Yes,Yes,76.54,288.84,2,1
CUST_14782,59,Male,38.0,Month-to-Month,Mailed Check,Fiber Optic,Yes,No,33.15,1291.71,3,0
CUST_14783,21,Female,72.0,One-Year,Electronic Check,Fiber Optic,Yes,Yes,36.26,2575.18,1,0
CUST_14784,20,Female,13.0,Two-Year,Mailed Check,DSL,No,Yes,96.68,1250.85,2,0
CUST_14785,51,Female,17.0,Month-to-Month,Credit Card,DSL,No,Yes,68.6,1196.46,1,0
CUST_14786,66,Male,4.0,Two-Year,Electronic Check,No,Yes,Yes,76.22,299.5,3,0
CUST_14787,40,Male,19.0,Month-to-Month,Bank Transfer,DSL,Yes,Yes,72.76,1321.03,1,0
CUST_14788,70,Male,4.0,One-Year,Bank Transfer,Fiber Optic,No,Yes,86.75,330.62,1,0
CUST_14789,69,Female,23.0,Month-to-Month,Bank Transfer,No,Yes,No,87.64,2057.13,2,0
CUST_14790,40,Male,65.0,Month-to-Month,Electronic Check,DSL,No,Yes,47.45,3129.46,4,0
CUST_14791,62,Female,5.0,One-Year,Credit Card,No,No,Yes,75.06,370.0,2,0
CUST_14792,22,Female,35.0,Month-to-Month,Bank Transfer,DSL,No,No,36.9,1283.27,4,0
CUST_14793,48,Male,1.0,Month-to-Month,Credit Card,Fiber Optic,No,No,43.24,0.0,4,0
CUST_14794,70,Female,11.0,Month-to-Month,Electronic Check,Fiber Optic,Yes,Yes,,645.35,3,1
CUST_14795,58,Male,3.0,One-Year,Bank Transfer,Fiber Optic,No,Yes,30.99,75.84,3,1
CUST_14796,23,Male,10.0,Month-to-Month,Bank Transfer,Fiber Optic,No,No,49.45,437.69,1,0
CUST_14797,54,Male,5.0,Month-to-Month,Mailed Check,Fiber Optic,No,Yes,21.55,79.15,0,0
CUST_14798,27,Male,11.0,Month-to-Month,Mailed Check,DSL,No,Yes,64.6,671.28,1,1
CUST_14799,57,Female,13.0,Month-to-Month,Bank Transfer,No,No,Yes,97.85,1273.79,4,1
CUST_14800,24,Male,9.0,Month-to-Month,Electronic Check,No,Yes,No,65.64,637.29,1,0
CUST_14801,56,Male,26.0,Month-to-Month,Bank Transfer,DSL,No,Yes,65.7,1703.62,2,1
CUST_14802,55,Female,60.0,Month-to-Month,Electronic Check,Fiber Optic,Yes,Yes,57.81,3476.44,1,1
CUST_14803,38,Female,12.0,Month-to-Month,Electronic Check,Fiber Optic,No,No,84.54,1088.36,4,1
CUST_14804,37,Male,5.0,One-Year,Bank Transfer,DSL,Yes,Yes,63.96,262.65,3,0
CUST_14805,20,Female,8.0,One-Year,Electronic Check,Fiber Optic,No,Yes,43.01,349.83,4,0
CUST_14806,68,Female,46.0,Two-Year,Credit Card,No,Yes,Yes,68.39,3180.27,6,0
CUST_14807,39,Male,20.0,Month-to-Month,Credit Card,No,Yes,No,96.05,1930.38,1,1
CUST_14808,64,Male,15.0,Two-Year,Bank Transfer,Fiber Optic,No,No,36.45,497.95,2,0
CUST_14809,21,Male,4.0,Month-to-Month,Credit Card,DSL,No,No,46.18,242.58,3,0
CUST_14810,45,Female,14.0,Two-Year,Credit Card,Fiber Optic,No,Yes,62.91,905.91,0,0
CUST_14811,29,Female,8.0,Month-to-Month,Electronic Check,DSL,No,Yes,57.99,471.98,3,1
CUST_14812,55,Female,69.0,Month-to-Month,Credit Card,Fiber Optic,No,Yes,73.4,5023.14,2,0
CUST_14813,68,Male,52.0,Month-to-Month,Electronic Check,Fiber Optic,No,Yes,45.34,2426.42,4,1
CUST_14814,53,Male,2.0,Month-to-Month,Mailed Check,DSL,Yes,No,54.41,126.42,4,1
CUST_14815,64,Male,17.0,Two-Year,Bank Transfer,DSL,Yes,Yes,66.05,1136.23,2,1
CUST_14816,58,Male,6.0,One-Year,Bank Transfer,DSL,Yes,No,66.73,417.95,2,0
CUST_14817,22,Female,13.0,Two-Year,Electronic Check,DSL,Yes,Yes,117.07,1550.65,1,0
CUST_14818,30,Female,50.0,One-Year,Electronic Check,DSL,Yes,Yes,80.67,4036.92,0,0
CUST_14819,40,Male,18.0,Month-to-Month,Bank Transfer,DSL,No,No,34.19,611.88,0,0
CUST_14820,67,Male,10.0,Month-to-Month,Mailed Check,No,No,Yes,44.69,379.63,0,0
CUST_14821,47,Male,6.0,Two-Year,Bank Transfer,No,No,No,37.77,203.07,0,0
CUST_14822,54,Male,39.0,One-Year,Bank Transfer,DSL,No,Yes,97.28,3853.34,1,0
CUST_14823,42,Male,24.0,One-Year,Electronic Check,DSL,No,No,43.62,1021.97,2,0
CUST_14824,65,Male,15.0,Month-to-Month,Electronic Check,DSL,Yes,No,76.75,1142.34,3,0
CUST_14825,44,Male,6.0,Month-to-Month,Bank Transfer,Fiber Optic,No,Yes,74.74,413.85,0,1
CUST_14826,68,Male,10.0,Two-Year,Mailed Check,Fiber Optic,No,Yes,35.69,372.19,2,0
CUST_14827,31,Male,72.0,Month-to-Month,Electronic Check,No,No,Yes,56.62,4068.96,3,1
CUST_14828,65,Male,18.0,Month-to-Month,Electronic Check,No,No,No,59.71,1066.04,3,0
CUST_14829,64,Female,12.0,Month-to-Month,Electronic Check,DSL,,Yes,33.38,376.54,4,1
CUST_14830,53,Male,18.0,One-Year,Electronic Check,Fiber Optic,No,Yes,100.7,1825.12,3,1
CUST_14831,56,Female,36.0,Month-to-Month,Mailed Check,Fiber Optic,No,No,68.41,2506.92,2,0
CUST_14832,33,Male,10.0,Month-to-Month,Bank Transfer,Fiber Optic,No,No,96.86,917.83,2,1
CUST_14833,39,Male,5.0,Month-to-Month,Bank Transfer,Fiber Optic,No,No,109.16,536.7,2,0
CUST_14834,38,Male,21.0,Month-to-Month,Credit Card,DSL,Yes,Yes,68.19,1427.12,4,0
CUST_14835,38,Male,26.0,Month-to-Month,Electronic Check,No,No,Yes,72.47,1861.31,0,0
CUST_14836,25,Female,30.0,Month-to-Month,Mailed Check,Fiber Optic,,No,,1511.9,2,0
CUST_14837,66,Male,51.0,Two-Year,Bank Transfer,DSL,No,Yes,,4710.25,2,0
CUST_14838,33,Female,11.0,Two-Year,Bank Transfer,Fiber Optic,No,No,64.04,711.33,2,0
CUST_14839,48,Female,2.0,Month-to-Month,Bank Transfer,No,No,No,56.53,92.7,2,1
CUST_14840,59,Female,72.0,One-Year,Bank Transfer,No,Yes,Yes,49.65,3609.23,1,0
CUST_14841,27,Female,14.0,One-Year,Bank Transfer,Fiber Optic,No,Yes,66.47,921.73,2,1
CUST_14842,49,Female,23.0,Month-to-Month,Electronic Check,No,No,Yes,77.43,1810.25,1,1
CUST_14843,51,Male,26.0,Month-to-Month,Bank Transfer,DSL,Yes,Yes,69.07,1869.11,0,0
CUST_14844,26,Female,19.0,Month-to-Month,Bank Transfer,Fiber Optic,Yes,Yes,74.25,1410.77,2,1
CUST_14845,34,Male,6.0,Month-to-Month,Credit Card,DSL,Yes,No,60.69,368.88,0,0
CUST_14846,28,Male,34.0,Month-to-Month,Bank Transfer,Fiber Optic,Yes,Yes,75.1,2532.46,3,0
CUST_14847,49,Male,39.0,Two-Year,Bank Transfer,DSL,Yes,Yes,74.48,2935.29,2,0
CUST_14848,27,Female,19.0,Month-to-Month,Mailed Check,No,No,Yes,89.3,1703.04,3,1
CUST_14849,39,Female,16.0,One-Year,Credit Card,DSL,Yes,Yes,81.13,1260.35,1,0
CUST_14850,34,Male,,Month-to-Month,Credit Card,Fiber Optic,,Yes,68.09,182.86,3,0
CUST_14851,21,Female,2.0,Month-to-Month,Bank Transfer,Fiber Optic,No,Yes,73.3,205.35,2,0
CUST_14852,65,Male,10.0,Month-to-Month,Bank Transfer,Fiber Optic,No,Yes,41.97,412.33,1,1
CUST_14853,69,Male,9.0,Month-to-Month,Electronic Check,Fiber Optic,Yes,Yes,90.56,782.16,2,1
CUST_14854,64,Male,72.0,One-Year,Bank Transfer,Fiber Optic,No,Yes,60.01,4326.35,3,0
CUST_14855,42,Male,37.0,One-Year,Bank Transfer,DSL,No,No,62.51,2296.94,0,0
CUST_14856,38,Male,26.0,Month-to-Month,Bank Transfer,DSL,Yes,Yes,55.43,1435.62,1,0
CUST_14857,54,Female,17.0,One-Year,Electronic Check,DSL,Yes,Yes,47.27,819.83,3,0
CUST_14858,55,Female,4.0,Two-Year,Bank Transfer,Fiber Optic,No,No,48.65,204.75,4,0
CUST_14859,66,Male,72.0,One-Year,Electronic Check,Fiber Optic,No,No,43.45,3129.43,1,0
CUST_14860,18,Male,11.0,Month-to-Month,Bank Transfer,Fiber Optic,Yes,Yes,60.21,643.92,1,0
CUST_14861,42,Female,3.0,One-Year,Electronic Check,Fiber Optic,No,Yes,81.67,191.59,3,0
CUST_14862,68,Female,16.0,Month-to-Month,Bank Transfer,Fiber Optic,Yes,No,64.55,1090.42,4,0
CUST_14863,53,Male,50.0,Two-Year,Electronic Check,Fiber Optic,No,Yes,78.27,3969.32,3,0
CUST_14864,34,Male,52.0,Month-to-Month,Electronic Check,DSL,No,Yes,74.62,3880.97,2,0
CUST_14865,58,Female,1.0,Month-to-Month,Bank Transfer,No,Yes,Yes,56.03,81.07,2,0
CUST_14866,41,Female,52.0,Month-to-Month,Electronic Check,DSL,No,No,89.76,4666.55,2,0
CUST_14867,19,Male,8.0,Month-to-Month,Bank Transfer,DSL,No,Yes,84.98,656.67,3,0
CUST_14868,57,Male,1.0,Two-Year,Credit Card,Fiber Optic,No,Yes,81.42,83.63,3,0
CUST_14869,32,Female,45.0,Month-to-Month,Credit Card,No,Yes,Yes,73.32,3303.63,1,0
CUST_14870,49,Male,48.0,Month-to-Month,Electronic Check,Fiber Optic,No,Yes,58.2,2838.28,0,0
CUST_14871,56,Female,22.0,Two-Year,Credit Card,Fiber Optic,Yes,Yes,58.16,1282.37,2,0
CUST_14872,23,Male,21.0,Month-to-Month,Mailed Check,Fiber Optic,No,No,64.4,1403.54,5,1
CUST_14873,18,Female,40.0,Month-to-Month,Credit Card,Fiber Optic,No,Yes,92.56,3697.58,2,0
CUST_14874,64,Male,37.0,One-Year,Bank Transfer,DSL,No,No,87.35,3214.94,0,0
CUST_14875,40,Male,53.0,Month-to-Month,Electronic Check,No,No,Yes,36.15,1960.63,1,0
CUST_14876,56,Female,,Month-to-Month,Mailed Check,DSL,,Yes,70.19,1375.45,2,1
CUST_14877,34,Male,72.0,Month-to-Month,Electronic Check,Fiber Optic,No,Yes,18.0,1298.31,1,0
CUST_14878,51,Female,72.0,One-Year,Bank Transfer,DSL,No,Yes,56.17,4054.51,1,0
CUST_14879,58,Male,3.0,Two-Year,Mailed Check,DSL,Yes,Yes,51.46,162.94,1,0
CUST_14880,46,Male,45.0,Month-to-Month,Bank Transfer,No,Yes,No,76.12,3431.74,3,0
CUST_14881,26,Male,17.0,Month-to-Month,Bank Transfer,DSL,Yes,Yes,43.24,723.93,2,1
CUST_14882,30,Female,12.0,Month-to-Month,Credit Card,DSL,Yes,Yes,34.43,485.04,2,0
CUST_14883,23,Male,23.0,Two-Year,Credit Card,DSL,No,No,55.02,1253.46,0,0
CUST_14884,23,Male,1.0,Month-to-Month,Mailed Check,DSL,No,Yes,64.84,81.52,2,1
CUST_14885,37,Male,17.0,Two-Year,Bank Transfer,Fiber Optic,Yes,Yes,30.22,519.45,5,0
CUST_14886,69,Female,49.0,Month-to-Month,Credit Card,Fiber Optic,No,Yes,87.76,4224.7,1,1
CUST_14887,70,Female,6.0,Two-Year,Credit Card,DSL,No,Yes,60.97,369.35,2,0
CUST_14888,20,Male,13.0,One-Year,Electronic Check,No,,No,65.51,843.19,5,0
CUST_14889,34,Male,67.0,One-Year,Electronic Check,Fiber Optic,Yes,Yes,87.05,5815.65,7,0
CUST_14890,66,Female,13.0,Month-to-Month,Electronic Check,No,Yes,No,50.34,623.25,0,1
CUST_14891,29,Male,11.0,One-Year,Mailed Check,Fiber Optic,No,No,94.63,1095.02,0,0
CUST_14892,65,Female,14.0,Month-to-Month,Electronic Check,Fiber Optic,No,Yes,65.11,878.15,5,1
CUST_14893,64,Female,18.0,Month-to-Month,Mailed Check,Fiber Optic,Yes,Yes,80.84,1449.38,1,0
CUST_14894,62,Female,24.0,Month-to-Month,Bank Transfer,No,No,No,73.88,1757.44,3,0
CUST_14895,18,Male,39.0,Two-Year,Mailed Check,Fiber Optic,No,No,78.74,3039.14,1,0
CUST_14896,34,Female,14.0,One-Year,Bank Transfer,DSL,No,Yes,66.52,954.31,3,0
CUST_14897,20,Female,41.0,Month-to-Month,Electronic Check,Fiber Optic,No,No,55.64,2294.58,4,1
CUST_14898,43,Female,18.0,One-Year,Credit Card,DSL,No,No,103.78,1853.1,3,1
CUST_14899,32,Male,10.0,Month-to-Month,Credit Card,No,No,Yes,64.6,618.39,3,1
CUST_14900,53,Male,26.0,Two-Year,Bank Transfer,Fiber Optic,No,No,43.05,1135.02,3,0
CUST_14901,49,Male,30.0,One-Year,Credit Card,No,No,Yes,94.38,2844.48,2,1
CUST_14902,49,Female,20.0,One-Year,Electronic Check,No,No,Yes,58.78,1171.24,1,0
CUST_14903,21,Female,1.0,Month-to-Month,Bank Transfer,Fiber Optic,No,Yes,30.54,73.64,6,0
CUST_14904,35,Male,4.0,Two-Year,Electronic Check,DSL,No,Yes,48.52,241.2,4,0
CUST_14905,66,Male,8.0,Two-Year,Mailed Check,Fiber Optic,No,No,25.84,191.47,4,0
CUST_14906,36,Male,8.0,One-Year,Electronic Check,Fiber Optic,No,Yes,49.44,458.17,3,1
CUST_14907,60,Female,27.0,Month-to-Month,Bank Transfer,DSL,,Yes,100.16,2696.06,1,0
CUST_14908,69,Female,1.0,One-Year,Electronic Check,DSL,No,No,74.18,66.31,2,1
CUST_14909,52,Male,34.0,One-Year,Bank Transfer,Fiber Optic,No,Yes,64.91,2228.33,4,0
CUST_14910,57,Male,7.0,Month-to-Month,Mailed Check,Fiber Optic,Yes,Yes,53.45,384.59,2,0
CUST_14911,31,Male,9.0,Month-to-Month,Credit Card,No,No,Yes,62.24,561.14,2,0
CUST_14912,50,Female,18.0,Month-to-Month,Bank Transfer,DSL,No,Yes,87.29,1513.77,1,0
CUST_14913,31,Female,6.0,One-Year,Electronic Check,Fiber Optic,No,No,28.45,122.82,2,0
CUST_14914,51,Female,52.0,Month-to-Month,Electronic Check,DSL,No,Yes,120.0,6201.48,3,0
CUST_14915,21,Male,2.0,Month-to-Month,Credit Card,Fiber Optic,Yes,Yes,47.35,95.02,3,0
CUST_14916,41,Female,14.0,One-Year,Mailed Check,Fiber Optic,No,Yes,60.01,824.59,0,0
CUST_14917,46,Male,45.0,Month-to-Month,Mailed Check,DSL,No,Yes,61.8,2769.67,2,0
CUST_14918,36,Female,23.0,Month-to-Month,Bank Transfer,DSL,No,Yes,61.28,1400.55,1,0
CUST_14919,23,Male,8.0,Month-to-Month,Electronic Check,Fiber Optic,Yes,Yes,51.56,441.81,2,0
CUST_14920,50,Female,13.0,Two-Year,Electronic Check,DSL,No,Yes,82.5,1095.72,0,0
CUST_14921,66,Female,29.0,One-Year,Mailed Check,Fiber Optic,No,Yes,87.82,2534.3,3,1
CUST_14922,57,Female,72.0,Month-to-Month,Electronic Check,DSL,No,Yes,84.11,6046.79,1,1
CUST_14923,36,Female,54.0,Two-Year,Electronic Check,Fiber Optic,No,Yes,66.78,3580.23,1,0
CUST_14924,70,Male,10.0,Month-to-Month,Electronic Check,Fiber Optic,Yes,Yes,53.21,522.01,6,0
CUST_14925,18,Male,72.0,Two-Year,Electronic Check,Fiber Optic,No,No,61.29,4451.86,3,0
CUST_14926,22,Female,1.0,Month-to-Month,Electronic Check,DSL,No,No,63.27,90.84,1,1
CUST_14927,44,Male,1.0,Month-to-Month,Credit Card,Fiber Optic,No,Yes,45.39,56.88,3,0
CUST_14928,33,Male,42.0,Month-to-Month,Bank Transfer,Fiber Optic,No,No,68.56,2847.34,0,0
CUST_14929,23,Male,5.0,Month-to-Month,Bank Transfer,Fiber Optic,No,No,100.99,503.36,3,1
CUST_14930,57,Female,2.0,Month-to-Month,Electronic Check,DSL,No,Yes,61.6,111.66,1,0
CUST_14931,30,Male,6.0,One-Year,Electronic Check,Fiber Optic,No,No,75.0,445.39,2,1
CUST_14932,65,Male,13.0,Two-Year,Credit Card,DSL,No,Yes,51.86,697.89,2,0
CUST_14933,52,Male,31.0,Month-to-Month,Bank Transfer,Fiber Optic,No,No,82.72,2596.65,5,1
CUST_14934,36,Male,23.0,Month-to-Month,Electronic Check,DSL,No,Yes,51.84,1265.72,2,0
CUST_14935,29,Female,7.0,Month-to-Month,Mailed Check,No,No,No,56.74,370.25,3,0
CUST_14936,33,Female,17.0,Month-to-Month,Mailed Check,DSL,No,Yes,75.35,1317.86,2,0
CUST_14937,60,Female,63.0,One-Year,Credit Card,DSL,No,Yes,45.19,2842.87,2,0
CUST_14938,27,Male,40.0,Month-to-Month,Electronic Check,DSL,,No,73.65,2924.58,4,0
CUST_14939,42,Female,9.0,One-Year,Bank Transfer,No,Yes,No,86.02,839.38,5,0
CUST_14940,37,Female,72.0,Month-to-Month,Bank Transfer,Fiber Optic,No,No,68.26,4967.56,1,1
CUST_14941,48,Male,30.0,Month-to-Month,Credit Card,No,No,No,82.37,2462.67,2,1
CUST_14942,21,Female,2.0,Month-to-Month,Credit Card,No,Yes,No,39.17,56.67,1,0
CUST_14943,61,Female,1.0,Month-to-Month,Electronic Check,Fiber Optic,No,No,73.96,21.17,3,0
CUST_14944,40,Female,4.0,Month-to-Month,Bank Transfer,Fiber Optic,No,Yes,55.88,261.15,1,1
CUST_14945,19,Female,31.0,One-Year,Bank Transfer,No,No,Yes,72.71,2192.61,1,0
CUST_14946,39,Male,5.0,Month-to-Month,Bank Transfer,DSL,No,Yes,96.64,478.83,3,1
CUST_14947,68,Male,17.0,Month-to-Month,Credit Card,Fiber Optic,Yes,No,18.0,279.2,0,0
CUST_14948,54,Female,2.0,One-Year,Credit Card,DSL,No,Yes,52.59,147.0,1,1
CUST_14949,25,Male,61.0,Month-to-Month,Electronic Check,Fiber Optic,Yes,Yes,19.18,1225.32,1,0
CUST_14950,24,Male,10.0,One-Year,Electronic Check,Fiber Optic,No,Yes,40.38,352.68,3,0
CUST_14951,31,Female,57.0,Month-to-Month,Bank Transfer,DSL,No,No,55.49,3165.38,2,0
CUST_14952,20,Female,70.0,Month-to-Month,Electronic Check,DSL,No,Yes,82.2,5762.1,1,0
CUST_14953,67,Male,1.0,Two-Year,Electronic Check,No,No,Yes,81.16,72.52,1,0
CUST_14954,33,Female,15.0,One-Year,Mailed Check,DSL,Yes,Yes,80.58,1189.46,2,0
CUST_14955,36,Female,1.0,Month-to-Month,Credit Card,No,Yes,Yes,76.2,123.13,0,0
CUST_14956,68,Female,57.0,Month-to-Month,Electronic Check,Fiber Optic,No,Yes,38.18,2160.57,4,0
CUST_14957,35,Male,18.0,Two-Year,Bank Transfer,DSL,No,Yes,81.04,1518.2,3,0
CUST_14958,69,Male,2.0,Month-to-Month,Electronic Check,Fiber Optic,No,Yes,51.44,83.02,1,1
CUST_14959,33,Male,3.0,Month-to-Month,Electronic Check,Fiber Optic,Yes,No,73.96,245.04,1,1
CUST_14960,25,Male,12.0,One-Year,Mailed Check,No,Yes,No,46.64,584.74,1,0
CUST_14961,50,Male,68.0,One-Year,Electronic Check,Fiber Optic,No,Yes,61.39,4154.63,1,0
CUST_14962,66,Male,28.0,One-Year,Credit Card,No,No,No,63.65,1728.85,3,0
CUST_14963,29,Male,49.0,One-Year,Credit Card,Fiber Optic,Yes,No,71.91,3497.81,2,0
CUST_14964,70,Female,11.0,One-Year,Bank Transfer,Fiber Optic,No,No,48.21,494.93,2,0
CUST_14965,28,Male,1.0,Two-Year,Electronic Check,Fiber Optic,Yes,Yes,78.23,102.95,1,0
CUST_14966,22,Female,72.0,One-Year,Mailed Check,DSL,No,Yes,38.74,2777.9,1,0
CUST_14967,44,Female,1.0,Month-to-Month,Electronic Check,Fiber Optic,Yes,No,99.01,140.23,2,1
CUST_14968,29,Male,71.0,Month-to-Month,Electronic Check,DSL,No,Yes,49.97,3565.05,1,0
CUST_14969,34,Female,11.0,One-Year,Mailed Check,DSL,Yes,Yes,25.85,278.58,1,0
CUST_14970,23,Female,1.0,Two-Year,Bank Transfer,Fiber Optic,No,Yes,63.56,66.07,1,0
CUST_14971,50,Male,28.0,Month-to-Month,Electronic Check,DSL,No,No,56.76,1549.47,4,1
CUST_14972,22,Female,72.0,Month-to-Month,Electronic Check,Fiber Optic,Yes,Yes,46.64,3352.25,1,0
CUST_14973,45,Male,72.0,Two-Year,Credit Card,No,No,Yes,91.91,6621.83,1,0
CUST_14974,31,Female,4.0,One-Year,Mailed Check,Fiber Optic,Yes,No,80.1,308.87,3,0
CUST_14975,22,Male,5.0,Month-to-Month,Credit Card,Fiber Optic,Yes,No,74.24,354.32,2,1
CUST_14976,50,Female,20.0,One-Year,Credit Card,Fiber Optic,No,Yes,45.89,947.97,3,0
CUST_14977,67,Male,24.0,Two-Year,Mailed Check,DSL,No,Yes,54.4,1277.3,2,0
CUST_14978,65,Female,32.0,Two-Year,Electronic Check,DSL,No,No,52.78,1706.5,3,0
CUST_14979,58,Male,5.0,One-Year,Bank Transfer,No,No,Yes,28.46,175.3,3,0
CUST_14980,36,Female,72.0,Month-to-Month,Electronic Check,No,No,No,70.43,5085.8,2,0
CUST_14981,39,Female,24.0,Two-Year,Electronic Check,Fiber Optic,,No,71.89,1689.23,4,0
CUST_14982,22,Male,45.0,Month-to-Month,Bank Transfer,DSL,No,Yes,67.44,3038.22,3,0
CUST_14983,19,Female,19.0,Two-Year,Mailed Check,DSL,Yes,Yes,69.55,1348.25,3,0
CUST_14984,47,Male,13.0,Month-to-Month,Electronic Check,No,No,Yes,42.34,541.76,2,0
CUST_14985,64,Female,72.0,Month-to-Month,Bank Transfer,Fiber Optic,No,No,47.11,3366.31,2,0
CUST_14986,56,Male,21.0,Month-to-Month,Bank Transfer,Fiber Optic,,Yes,58.67,1205.42,1,0
CUST_14987,21,Female,48.0,Month-to-Month,Electronic Check,No,Yes,Yes,92.69,4458.78,4,0
CUST_14988,50,Female,72.0,One-Year,Electronic Check,Fiber Optic,No,Yes,88.25,6344.03,2,0
CUST_14989,30,Male,27.0,Two-Year,Electronic Check,DSL,Yes,Yes,75.34,2015.64,1,0
CUST_14990,37,Male,19.0,One-Year,Mailed Check,No,Yes,Yes,105.3,1937.74,2,0
CUST_14991,24,Male,1.0,Two-Year,Bank Transfer,No,No,Yes,75.2,129.3,3,0
CUST_14992,32,Female,1.0,Month-to-Month,Bank Transfer,Fiber Optic,No,No,77.72,68.29,0,0
CUST_14993,40,Male,5.0,One-Year,Bank Transfer,Fiber Optic,No,Yes,94.6,497.42,2,0
CUST_14994,31,Female,5.0,Two-Year,Electronic Check,Fiber Optic,Yes,Yes,78.91,434.7,4,0
CUST_14995,40,Female,7.0,One-Year,Electronic Check,No,No,No,97.97,787.96,2,1
CUST_14996,36,Male,9.0,Month-to-Month,Electronic Check,No,Yes,No,65.57,610.59,0,0
CUST_14997,46,Female,11.0,One-Year,Electronic Check,DSL,No,No,52.19,584.14,3,0
CUST_14998,37,Male,13.0,One-Year,Electronic Check,DSL,No,Yes,63.09,773.68,4,0
CUST_14999,46,Male,2.0,Month-to-Month,Mailed Check,Fiber Optic,No,Yes,69.75,78.69,0,0
CUST_15000,41,Female,1.0,Two-Year,Electronic Check,DSL,No,Yes,46.9,0.0,1,0
